CaFE_192k_1/Colère/Fort/01-C-2-1.aiff	ang	-1	fra	fr-ca	cafe+01	m	cafe
CaFE_192k_1/Colère/Fort/01-C-2-2.aiff	ang	-1	fra	fr-ca	cafe+01	m	cafe
CaFE_192k_1/Colère/Fort/01-C-2-3.aiff	ang	-1	fra	fr-ca	cafe+01	m	cafe
CaFE_192k_1/Colère/Fort/01-C-2-4.aiff	ang	-1	fra	fr-ca	cafe+01	m	cafe
CaFE_192k_1/Colère/Fort/01-C-2-5.aiff	ang	-1	fra	fr-ca	cafe+01	m	cafe
CaFE_192k_1/Colère/Fort/01-C-2-6.aiff	ang	-1	fra	fr-ca	cafe+01	m	cafe
CaFE_192k_1/Colère/Fort/02-C-2-1.aiff	ang	-1	fra	fr-ca	cafe+02	f	cafe
CaFE_192k_1/Colère/Fort/02-C-2-2.aiff	ang	-1	fra	fr-ca	cafe+02	f	cafe
CaFE_192k_1/Colère/Fort/02-C-2-3.aiff	ang	-1	fra	fr-ca	cafe+02	f	cafe
CaFE_192k_1/Colère/Fort/02-C-2-4.aiff	ang	-1	fra	fr-ca	cafe+02	f	cafe
CaFE_192k_1/Colère/Fort/02-C-2-5.aiff	ang	-1	fra	fr-ca	cafe+02	f	cafe
CaFE_192k_1/Colère/Fort/02-C-2-6.aiff	ang	-1	fra	fr-ca	cafe+02	f	cafe
CaFE_192k_1/Colère/Fort/03-C-2-1.aiff	ang	-1	fra	fr-ca	cafe+03	m	cafe
CaFE_192k_1/Colère/Fort/03-C-2-2.aiff	ang	-1	fra	fr-ca	cafe+03	m	cafe
CaFE_192k_1/Colère/Fort/03-C-2-3.aiff	ang	-1	fra	fr-ca	cafe+03	m	cafe
CaFE_192k_1/Colère/Fort/03-C-2-4.aiff	ang	-1	fra	fr-ca	cafe+03	m	cafe
CaFE_192k_1/Colère/Fort/03-C-2-5.aiff	ang	-1	fra	fr-ca	cafe+03	m	cafe
CaFE_192k_1/Colère/Fort/03-C-2-6.aiff	ang	-1	fra	fr-ca	cafe+03	m	cafe
CaFE_192k_1/Colère/Fort/04-C-2-1.aiff	ang	-1	fra	fr-ca	cafe+04	f	cafe
CaFE_192k_1/Colère/Fort/04-C-2-2.aiff	ang	-1	fra	fr-ca	cafe+04	f	cafe
CaFE_192k_1/Colère/Fort/04-C-2-3.aiff	ang	-1	fra	fr-ca	cafe+04	f	cafe
CaFE_192k_1/Colère/Fort/04-C-2-4.aiff	ang	-1	fra	fr-ca	cafe+04	f	cafe
CaFE_192k_1/Colère/Fort/04-C-2-5.aiff	ang	-1	fra	fr-ca	cafe+04	f	cafe
CaFE_192k_1/Colère/Fort/04-C-2-6.aiff	ang	-1	fra	fr-ca	cafe+04	f	cafe
CaFE_192k_1/Colère/Fort/05-C-2-1.aiff	ang	-1	fra	fr-ca	cafe+05	m	cafe
CaFE_192k_1/Colère/Fort/05-C-2-2.aiff	ang	-1	fra	fr-ca	cafe+05	m	cafe
CaFE_192k_1/Colère/Fort/05-C-2-3.aiff	ang	-1	fra	fr-ca	cafe+05	m	cafe
CaFE_192k_1/Colère/Fort/05-C-2-4.aiff	ang	-1	fra	fr-ca	cafe+05	m	cafe
CaFE_192k_1/Colère/Fort/05-C-2-5.aiff	ang	-1	fra	fr-ca	cafe+05	m	cafe
CaFE_192k_1/Colère/Fort/05-C-2-6.aiff	ang	-1	fra	fr-ca	cafe+05	m	cafe
CaFE_192k_1/Colère/Fort/06-C-2-1.aiff	ang	-1	fra	fr-ca	cafe+06	f	cafe
CaFE_192k_1/Colère/Fort/06-C-2-2.aiff	ang	-1	fra	fr-ca	cafe+06	f	cafe
CaFE_192k_1/Colère/Fort/06-C-2-3.aiff	ang	-1	fra	fr-ca	cafe+06	f	cafe
CaFE_192k_1/Colère/Fort/06-C-2-4.aiff	ang	-1	fra	fr-ca	cafe+06	f	cafe
CaFE_192k_1/Colère/Fort/06-C-2-5.aiff	ang	-1	fra	fr-ca	cafe+06	f	cafe
CaFE_192k_1/Colère/Fort/06-C-2-6.aiff	ang	-1	fra	fr-ca	cafe+06	f	cafe
CaFE_192k_1/Colère/Faible/01-C-1-1.aiff	ang	-1	fra	fr-ca	cafe+01	m	cafe
CaFE_192k_1/Colère/Faible/01-C-1-2.aiff	ang	-1	fra	fr-ca	cafe+01	m	cafe
CaFE_192k_1/Colère/Faible/01-C-1-3.aiff	ang	-1	fra	fr-ca	cafe+01	m	cafe
CaFE_192k_1/Colère/Faible/01-C-1-4.aiff	ang	-1	fra	fr-ca	cafe+01	m	cafe
CaFE_192k_1/Colère/Faible/01-C-1-5.aiff	ang	-1	fra	fr-ca	cafe+01	m	cafe
CaFE_192k_1/Colère/Faible/01-C-1-6.aiff	ang	-1	fra	fr-ca	cafe+01	m	cafe
CaFE_192k_1/Colère/Faible/02-C-1-1.aiff	ang	-1	fra	fr-ca	cafe+02	f	cafe
CaFE_192k_1/Colère/Faible/02-C-1-2.aiff	ang	-1	fra	fr-ca	cafe+02	f	cafe
CaFE_192k_1/Colère/Faible/02-C-1-3.aiff	ang	-1	fra	fr-ca	cafe+02	f	cafe
CaFE_192k_1/Colère/Faible/02-C-1-4.aiff	ang	-1	fra	fr-ca	cafe+02	f	cafe
CaFE_192k_1/Colère/Faible/02-C-1-5.aiff	ang	-1	fra	fr-ca	cafe+02	f	cafe
CaFE_192k_1/Colère/Faible/02-C-1-6.aiff	ang	-1	fra	fr-ca	cafe+02	f	cafe
CaFE_192k_1/Colère/Faible/03-C-1-1.aiff	ang	-1	fra	fr-ca	cafe+03	m	cafe
CaFE_192k_1/Colère/Faible/03-C-1-2.aiff	ang	-1	fra	fr-ca	cafe+03	m	cafe
CaFE_192k_1/Colère/Faible/03-C-1-3.aiff	ang	-1	fra	fr-ca	cafe+03	m	cafe
CaFE_192k_1/Colère/Faible/03-C-1-4.aiff	ang	-1	fra	fr-ca	cafe+03	m	cafe
CaFE_192k_1/Colère/Faible/03-C-1-5.aiff	ang	-1	fra	fr-ca	cafe+03	m	cafe
CaFE_192k_1/Colère/Faible/03-C-1-6.aiff	ang	-1	fra	fr-ca	cafe+03	m	cafe
CaFE_192k_1/Colère/Faible/04-C-1-1.aiff	ang	-1	fra	fr-ca	cafe+04	f	cafe
CaFE_192k_1/Colère/Faible/04-C-1-2.aiff	ang	-1	fra	fr-ca	cafe+04	f	cafe
CaFE_192k_1/Colère/Faible/04-C-1-3.aiff	ang	-1	fra	fr-ca	cafe+04	f	cafe
CaFE_192k_1/Colère/Faible/04-C-1-4.aiff	ang	-1	fra	fr-ca	cafe+04	f	cafe
CaFE_192k_1/Colère/Faible/04-C-1-5.aiff	ang	-1	fra	fr-ca	cafe+04	f	cafe
CaFE_192k_1/Colère/Faible/04-C-1-6.aiff	ang	-1	fra	fr-ca	cafe+04	f	cafe
CaFE_192k_1/Colère/Faible/05-C-1-1.aiff	ang	-1	fra	fr-ca	cafe+05	m	cafe
CaFE_192k_1/Colère/Faible/05-C-1-2.aiff	ang	-1	fra	fr-ca	cafe+05	m	cafe
CaFE_192k_1/Colère/Faible/05-C-1-3.aiff	ang	-1	fra	fr-ca	cafe+05	m	cafe
CaFE_192k_1/Colère/Faible/05-C-1-4.aiff	ang	-1	fra	fr-ca	cafe+05	m	cafe
CaFE_192k_1/Colère/Faible/05-C-1-5.aiff	ang	-1	fra	fr-ca	cafe+05	m	cafe
CaFE_192k_1/Colère/Faible/05-C-1-6.aiff	ang	-1	fra	fr-ca	cafe+05	m	cafe
CaFE_192k_1/Colère/Faible/06-C-1-1.aiff	ang	-1	fra	fr-ca	cafe+06	f	cafe
CaFE_192k_1/Colère/Faible/06-C-1-2.aiff	ang	-1	fra	fr-ca	cafe+06	f	cafe
CaFE_192k_1/Colère/Faible/06-C-1-3.aiff	ang	-1	fra	fr-ca	cafe+06	f	cafe
CaFE_192k_1/Colère/Faible/06-C-1-4.aiff	ang	-1	fra	fr-ca	cafe+06	f	cafe
CaFE_192k_1/Colère/Faible/06-C-1-5.aiff	ang	-1	fra	fr-ca	cafe+06	f	cafe
CaFE_192k_1/Colère/Faible/06-C-1-6.aiff	ang	-1	fra	fr-ca	cafe+06	f	cafe
CaFE_192k_1/Dégoût/Fort/01-D-2-1.aiff	dis	-1	fra	fr-ca	cafe+01	m	cafe
CaFE_192k_1/Dégoût/Fort/01-D-2-2.aiff	dis	-1	fra	fr-ca	cafe+01	m	cafe
CaFE_192k_1/Dégoût/Fort/01-D-2-3.aiff	dis	-1	fra	fr-ca	cafe+01	m	cafe
CaFE_192k_1/Dégoût/Fort/01-D-2-4.aiff	dis	-1	fra	fr-ca	cafe+01	m	cafe
CaFE_192k_1/Dégoût/Fort/01-D-2-5.aiff	dis	-1	fra	fr-ca	cafe+01	m	cafe
CaFE_192k_1/Dégoût/Fort/01-D-2-6.aiff	dis	-1	fra	fr-ca	cafe+01	m	cafe
CaFE_192k_1/Dégoût/Fort/02-D-2-1.aiff	dis	-1	fra	fr-ca	cafe+02	f	cafe
CaFE_192k_1/Dégoût/Fort/02-D-2-2.aiff	dis	-1	fra	fr-ca	cafe+02	f	cafe
CaFE_192k_1/Dégoût/Fort/02-D-2-3.aiff	dis	-1	fra	fr-ca	cafe+02	f	cafe
CaFE_192k_1/Dégoût/Fort/02-D-2-4.aiff	dis	-1	fra	fr-ca	cafe+02	f	cafe
CaFE_192k_1/Dégoût/Fort/02-D-2-5.aiff	dis	-1	fra	fr-ca	cafe+02	f	cafe
CaFE_192k_1/Dégoût/Fort/02-D-2-6.aiff	dis	-1	fra	fr-ca	cafe+02	f	cafe
CaFE_192k_1/Dégoût/Fort/03-D-2-1.aiff	dis	-1	fra	fr-ca	cafe+03	m	cafe
CaFE_192k_1/Dégoût/Fort/03-D-2-2.aiff	dis	-1	fra	fr-ca	cafe+03	m	cafe
CaFE_192k_1/Dégoût/Fort/03-D-2-3.aiff	dis	-1	fra	fr-ca	cafe+03	m	cafe
CaFE_192k_1/Dégoût/Fort/03-D-2-4.aiff	dis	-1	fra	fr-ca	cafe+03	m	cafe
CaFE_192k_1/Dégoût/Fort/03-D-2-5.aiff	dis	-1	fra	fr-ca	cafe+03	m	cafe
CaFE_192k_1/Dégoût/Fort/03-D-2-6.aiff	dis	-1	fra	fr-ca	cafe+03	m	cafe
CaFE_192k_1/Dégoût/Fort/04-D-2-1.aiff	dis	-1	fra	fr-ca	cafe+04	f	cafe
CaFE_192k_1/Dégoût/Fort/04-D-2-2.aiff	dis	-1	fra	fr-ca	cafe+04	f	cafe
CaFE_192k_1/Dégoût/Fort/04-D-2-3.aiff	dis	-1	fra	fr-ca	cafe+04	f	cafe
CaFE_192k_1/Dégoût/Fort/04-D-2-4.aiff	dis	-1	fra	fr-ca	cafe+04	f	cafe
CaFE_192k_1/Dégoût/Fort/04-D-2-5.aiff	dis	-1	fra	fr-ca	cafe+04	f	cafe
CaFE_192k_1/Dégoût/Fort/04-D-2-6.aiff	dis	-1	fra	fr-ca	cafe+04	f	cafe
CaFE_192k_1/Dégoût/Fort/05-D-2-1.aiff	dis	-1	fra	fr-ca	cafe+05	m	cafe
CaFE_192k_1/Dégoût/Fort/05-D-2-2.aiff	dis	-1	fra	fr-ca	cafe+05	m	cafe
CaFE_192k_1/Dégoût/Fort/05-D-2-3.aiff	dis	-1	fra	fr-ca	cafe+05	m	cafe
CaFE_192k_1/Dégoût/Fort/05-D-2-4.aiff	dis	-1	fra	fr-ca	cafe+05	m	cafe
CaFE_192k_1/Dégoût/Fort/05-D-2-5.aiff	dis	-1	fra	fr-ca	cafe+05	m	cafe
CaFE_192k_1/Dégoût/Fort/05-D-2-6.aiff	dis	-1	fra	fr-ca	cafe+05	m	cafe
CaFE_192k_1/Dégoût/Fort/06-D-2-1.aiff	dis	-1	fra	fr-ca	cafe+06	f	cafe
CaFE_192k_1/Dégoût/Fort/06-D-2-2.aiff	dis	-1	fra	fr-ca	cafe+06	f	cafe
CaFE_192k_1/Dégoût/Fort/06-D-2-3.aiff	dis	-1	fra	fr-ca	cafe+06	f	cafe
CaFE_192k_1/Dégoût/Fort/06-D-2-4.aiff	dis	-1	fra	fr-ca	cafe+06	f	cafe
CaFE_192k_1/Dégoût/Fort/06-D-2-5.aiff	dis	-1	fra	fr-ca	cafe+06	f	cafe
CaFE_192k_1/Dégoût/Fort/06-D-2-6.aiff	dis	-1	fra	fr-ca	cafe+06	f	cafe
CaFE_192k_1/Dégoût/Faible/01-D-1-1.aiff	dis	-1	fra	fr-ca	cafe+01	m	cafe
CaFE_192k_1/Dégoût/Faible/01-D-1-2.aiff	dis	-1	fra	fr-ca	cafe+01	m	cafe
CaFE_192k_1/Dégoût/Faible/01-D-1-3.aiff	dis	-1	fra	fr-ca	cafe+01	m	cafe
CaFE_192k_1/Dégoût/Faible/01-D-1-4.aiff	dis	-1	fra	fr-ca	cafe+01	m	cafe
CaFE_192k_1/Dégoût/Faible/01-D-1-5.aiff	dis	-1	fra	fr-ca	cafe+01	m	cafe
CaFE_192k_1/Dégoût/Faible/01-D-1-6.aiff	dis	-1	fra	fr-ca	cafe+01	m	cafe
CaFE_192k_1/Dégoût/Faible/02-D-1-1.aiff	dis	-1	fra	fr-ca	cafe+02	f	cafe
CaFE_192k_1/Dégoût/Faible/02-D-1-2.aiff	dis	-1	fra	fr-ca	cafe+02	f	cafe
CaFE_192k_1/Dégoût/Faible/02-D-1-3.aiff	dis	-1	fra	fr-ca	cafe+02	f	cafe
CaFE_192k_1/Dégoût/Faible/02-D-1-4.aiff	dis	-1	fra	fr-ca	cafe+02	f	cafe
CaFE_192k_1/Dégoût/Faible/02-D-1-5.aiff	dis	-1	fra	fr-ca	cafe+02	f	cafe
CaFE_192k_1/Dégoût/Faible/02-D-1-6.aiff	dis	-1	fra	fr-ca	cafe+02	f	cafe
CaFE_192k_1/Dégoût/Faible/03-D-1-1.aiff	dis	-1	fra	fr-ca	cafe+03	m	cafe
CaFE_192k_1/Dégoût/Faible/03-D-1-2.aiff	dis	-1	fra	fr-ca	cafe+03	m	cafe
CaFE_192k_1/Dégoût/Faible/03-D-1-3.aiff	dis	-1	fra	fr-ca	cafe+03	m	cafe
CaFE_192k_1/Dégoût/Faible/03-D-1-4.aiff	dis	-1	fra	fr-ca	cafe+03	m	cafe
CaFE_192k_1/Dégoût/Faible/03-D-1-5.aiff	dis	-1	fra	fr-ca	cafe+03	m	cafe
CaFE_192k_1/Dégoût/Faible/03-D-1-6.aiff	dis	-1	fra	fr-ca	cafe+03	m	cafe
CaFE_192k_1/Dégoût/Faible/04-D-1-1.aiff	dis	-1	fra	fr-ca	cafe+04	f	cafe
CaFE_192k_1/Dégoût/Faible/04-D-1-2.aiff	dis	-1	fra	fr-ca	cafe+04	f	cafe
CaFE_192k_1/Dégoût/Faible/04-D-1-3.aiff	dis	-1	fra	fr-ca	cafe+04	f	cafe
CaFE_192k_1/Dégoût/Faible/04-D-1-4.aiff	dis	-1	fra	fr-ca	cafe+04	f	cafe
CaFE_192k_1/Dégoût/Faible/04-D-1-5.aiff	dis	-1	fra	fr-ca	cafe+04	f	cafe
CaFE_192k_1/Dégoût/Faible/04-D-1-6.aiff	dis	-1	fra	fr-ca	cafe+04	f	cafe
CaFE_192k_1/Dégoût/Faible/05-D-1-1.aiff	dis	-1	fra	fr-ca	cafe+05	m	cafe
CaFE_192k_1/Dégoût/Faible/05-D-1-2.aiff	dis	-1	fra	fr-ca	cafe+05	m	cafe
CaFE_192k_1/Dégoût/Faible/05-D-1-3.aiff	dis	-1	fra	fr-ca	cafe+05	m	cafe
CaFE_192k_1/Dégoût/Faible/05-D-1-4.aiff	dis	-1	fra	fr-ca	cafe+05	m	cafe
CaFE_192k_1/Dégoût/Faible/05-D-1-5.aiff	dis	-1	fra	fr-ca	cafe+05	m	cafe
CaFE_192k_1/Dégoût/Faible/05-D-1-6.aiff	dis	-1	fra	fr-ca	cafe+05	m	cafe
CaFE_192k_1/Dégoût/Faible/06-D-1-1.aiff	dis	-1	fra	fr-ca	cafe+06	f	cafe
CaFE_192k_1/Dégoût/Faible/06-D-1-2.aiff	dis	-1	fra	fr-ca	cafe+06	f	cafe
CaFE_192k_1/Dégoût/Faible/06-D-1-3.aiff	dis	-1	fra	fr-ca	cafe+06	f	cafe
CaFE_192k_1/Dégoût/Faible/06-D-1-4.aiff	dis	-1	fra	fr-ca	cafe+06	f	cafe
CaFE_192k_1/Dégoût/Faible/06-D-1-5.aiff	dis	-1	fra	fr-ca	cafe+06	f	cafe
CaFE_192k_1/Dégoût/Faible/06-D-1-6.aiff	dis	-1	fra	fr-ca	cafe+06	f	cafe
CaFE_192k_1/Joie/Fort/01-J-2-1.aiff	hap	1	fra	fr-ca	cafe+01	m	cafe
CaFE_192k_1/Joie/Fort/01-J-2-2.aiff	hap	1	fra	fr-ca	cafe+01	m	cafe
CaFE_192k_1/Joie/Fort/01-J-2-3.aiff	hap	1	fra	fr-ca	cafe+01	m	cafe
CaFE_192k_1/Joie/Fort/01-J-2-4.aiff	hap	1	fra	fr-ca	cafe+01	m	cafe
CaFE_192k_1/Joie/Fort/01-J-2-5.aiff	hap	1	fra	fr-ca	cafe+01	m	cafe
CaFE_192k_1/Joie/Fort/01-J-2-6.aiff	hap	1	fra	fr-ca	cafe+01	m	cafe
CaFE_192k_1/Joie/Fort/02-J-2-1.aiff	hap	1	fra	fr-ca	cafe+02	f	cafe
CaFE_192k_1/Joie/Fort/02-J-2-2.aiff	hap	1	fra	fr-ca	cafe+02	f	cafe
CaFE_192k_1/Joie/Fort/02-J-2-3.aiff	hap	1	fra	fr-ca	cafe+02	f	cafe
CaFE_192k_1/Joie/Fort/02-J-2-4.aiff	hap	1	fra	fr-ca	cafe+02	f	cafe
CaFE_192k_1/Joie/Fort/02-J-2-5.aiff	hap	1	fra	fr-ca	cafe+02	f	cafe
CaFE_192k_1/Joie/Fort/02-J-2-6.aiff	hap	1	fra	fr-ca	cafe+02	f	cafe
CaFE_192k_1/Joie/Fort/03-J-2-1.aiff	hap	1	fra	fr-ca	cafe+03	m	cafe
CaFE_192k_1/Joie/Fort/03-J-2-2.aiff	hap	1	fra	fr-ca	cafe+03	m	cafe
CaFE_192k_1/Joie/Fort/03-J-2-3.aiff	hap	1	fra	fr-ca	cafe+03	m	cafe
CaFE_192k_1/Joie/Fort/03-J-2-4.aiff	hap	1	fra	fr-ca	cafe+03	m	cafe
CaFE_192k_1/Joie/Fort/03-J-2-5.aiff	hap	1	fra	fr-ca	cafe+03	m	cafe
CaFE_192k_1/Joie/Fort/03-J-2-6.aiff	hap	1	fra	fr-ca	cafe+03	m	cafe
CaFE_192k_1/Joie/Fort/04-J-2-1.aiff	hap	1	fra	fr-ca	cafe+04	f	cafe
CaFE_192k_1/Joie/Fort/04-J-2-2.aiff	hap	1	fra	fr-ca	cafe+04	f	cafe
CaFE_192k_1/Joie/Fort/04-J-2-3.aiff	hap	1	fra	fr-ca	cafe+04	f	cafe
CaFE_192k_1/Joie/Fort/04-J-2-4.aiff	hap	1	fra	fr-ca	cafe+04	f	cafe
CaFE_192k_1/Joie/Fort/04-J-2-5.aiff	hap	1	fra	fr-ca	cafe+04	f	cafe
CaFE_192k_1/Joie/Fort/04-J-2-6.aiff	hap	1	fra	fr-ca	cafe+04	f	cafe
CaFE_192k_1/Joie/Fort/05-J-2-1.aiff	hap	1	fra	fr-ca	cafe+05	m	cafe
CaFE_192k_1/Joie/Fort/05-J-2-2.aiff	hap	1	fra	fr-ca	cafe+05	m	cafe
CaFE_192k_1/Joie/Fort/05-J-2-3.aiff	hap	1	fra	fr-ca	cafe+05	m	cafe
CaFE_192k_1/Joie/Fort/05-J-2-4.aiff	hap	1	fra	fr-ca	cafe+05	m	cafe
CaFE_192k_1/Joie/Fort/05-J-2-5.aiff	hap	1	fra	fr-ca	cafe+05	m	cafe
CaFE_192k_1/Joie/Fort/05-J-2-6.aiff	hap	1	fra	fr-ca	cafe+05	m	cafe
CaFE_192k_1/Joie/Fort/06-J-2-1.aiff	hap	1	fra	fr-ca	cafe+06	f	cafe
CaFE_192k_1/Joie/Fort/06-J-2-2.aiff	hap	1	fra	fr-ca	cafe+06	f	cafe
CaFE_192k_1/Joie/Fort/06-J-2-3.aiff	hap	1	fra	fr-ca	cafe+06	f	cafe
CaFE_192k_1/Joie/Fort/06-J-2-4.aiff	hap	1	fra	fr-ca	cafe+06	f	cafe
CaFE_192k_1/Joie/Fort/06-J-2-5.aiff	hap	1	fra	fr-ca	cafe+06	f	cafe
CaFE_192k_1/Joie/Fort/06-J-2-6.aiff	hap	1	fra	fr-ca	cafe+06	f	cafe
CaFE_192k_1/Joie/Faible/01-J-1-1.aiff	hap	1	fra	fr-ca	cafe+01	m	cafe
CaFE_192k_1/Joie/Faible/01-J-1-2.aiff	hap	1	fra	fr-ca	cafe+01	m	cafe
CaFE_192k_1/Joie/Faible/01-J-1-3.aiff	hap	1	fra	fr-ca	cafe+01	m	cafe
CaFE_192k_1/Joie/Faible/01-J-1-4.aiff	hap	1	fra	fr-ca	cafe+01	m	cafe
CaFE_192k_1/Joie/Faible/01-J-1-5.aiff	hap	1	fra	fr-ca	cafe+01	m	cafe
CaFE_192k_1/Joie/Faible/01-J-1-6.aiff	hap	1	fra	fr-ca	cafe+01	m	cafe
CaFE_192k_1/Joie/Faible/02-J-1-1.aiff	hap	1	fra	fr-ca	cafe+02	f	cafe
CaFE_192k_1/Joie/Faible/02-J-1-2.aiff	hap	1	fra	fr-ca	cafe+02	f	cafe
CaFE_192k_1/Joie/Faible/02-J-1-3.aiff	hap	1	fra	fr-ca	cafe+02	f	cafe
CaFE_192k_1/Joie/Faible/02-J-1-4.aiff	hap	1	fra	fr-ca	cafe+02	f	cafe
CaFE_192k_1/Joie/Faible/02-J-1-5.aiff	hap	1	fra	fr-ca	cafe+02	f	cafe
CaFE_192k_1/Joie/Faible/02-J-1-6.aiff	hap	1	fra	fr-ca	cafe+02	f	cafe
CaFE_192k_1/Joie/Faible/03-J-1-1.aiff	hap	1	fra	fr-ca	cafe+03	m	cafe
CaFE_192k_1/Joie/Faible/03-J-1-2.aiff	hap	1	fra	fr-ca	cafe+03	m	cafe
CaFE_192k_1/Joie/Faible/03-J-1-3.aiff	hap	1	fra	fr-ca	cafe+03	m	cafe
CaFE_192k_1/Joie/Faible/03-J-1-4.aiff	hap	1	fra	fr-ca	cafe+03	m	cafe
CaFE_192k_1/Joie/Faible/03-J-1-5.aiff	hap	1	fra	fr-ca	cafe+03	m	cafe
CaFE_192k_1/Joie/Faible/03-J-1-6.aiff	hap	1	fra	fr-ca	cafe+03	m	cafe
CaFE_192k_1/Joie/Faible/04-J-1-1.aiff	hap	1	fra	fr-ca	cafe+04	f	cafe
CaFE_192k_1/Joie/Faible/04-J-1-2.aiff	hap	1	fra	fr-ca	cafe+04	f	cafe
CaFE_192k_1/Joie/Faible/04-J-1-3.aiff	hap	1	fra	fr-ca	cafe+04	f	cafe
CaFE_192k_1/Joie/Faible/04-J-1-4.aiff	hap	1	fra	fr-ca	cafe+04	f	cafe
CaFE_192k_1/Joie/Faible/04-J-1-5.aiff	hap	1	fra	fr-ca	cafe+04	f	cafe
CaFE_192k_1/Joie/Faible/04-J-1-6.aiff	hap	1	fra	fr-ca	cafe+04	f	cafe
CaFE_192k_1/Joie/Faible/05-J-1-1.aiff	hap	1	fra	fr-ca	cafe+05	m	cafe
CaFE_192k_1/Joie/Faible/05-J-1-2.aiff	hap	1	fra	fr-ca	cafe+05	m	cafe
CaFE_192k_1/Joie/Faible/05-J-1-3.aiff	hap	1	fra	fr-ca	cafe+05	m	cafe
CaFE_192k_1/Joie/Faible/05-J-1-4.aiff	hap	1	fra	fr-ca	cafe+05	m	cafe
CaFE_192k_1/Joie/Faible/05-J-1-5.aiff	hap	1	fra	fr-ca	cafe+05	m	cafe
CaFE_192k_1/Joie/Faible/05-J-1-6.aiff	hap	1	fra	fr-ca	cafe+05	m	cafe
CaFE_192k_1/Joie/Faible/06-J-1-1.aiff	hap	1	fra	fr-ca	cafe+06	f	cafe
CaFE_192k_1/Joie/Faible/06-J-1-2.aiff	hap	1	fra	fr-ca	cafe+06	f	cafe
CaFE_192k_1/Joie/Faible/06-J-1-3.aiff	hap	1	fra	fr-ca	cafe+06	f	cafe
CaFE_192k_1/Joie/Faible/06-J-1-4.aiff	hap	1	fra	fr-ca	cafe+06	f	cafe
CaFE_192k_1/Joie/Faible/06-J-1-5.aiff	hap	1	fra	fr-ca	cafe+06	f	cafe
CaFE_192k_1/Joie/Faible/06-J-1-6.aiff	hap	1	fra	fr-ca	cafe+06	f	cafe
CaFE_192k_1/Neutre/01-N-1.aiff	neu	0	fra	fr-ca	cafe+01	m	cafe
CaFE_192k_1/Neutre/01-N-2.aiff	neu	0	fra	fr-ca	cafe+01	m	cafe
CaFE_192k_1/Neutre/01-N-3.aiff	neu	0	fra	fr-ca	cafe+01	m	cafe
CaFE_192k_1/Neutre/01-N-4.aiff	neu	0	fra	fr-ca	cafe+01	m	cafe
CaFE_192k_1/Neutre/01-N-5.aiff	neu	0	fra	fr-ca	cafe+01	m	cafe
CaFE_192k_1/Neutre/01-N-6.aiff	neu	0	fra	fr-ca	cafe+01	m	cafe
CaFE_192k_1/Neutre/02-N-1.aiff	neu	0	fra	fr-ca	cafe+02	f	cafe
CaFE_192k_1/Neutre/02-N-2.aiff	neu	0	fra	fr-ca	cafe+02	f	cafe
CaFE_192k_1/Neutre/02-N-3.aiff	neu	0	fra	fr-ca	cafe+02	f	cafe
CaFE_192k_1/Neutre/02-N-4.aiff	neu	0	fra	fr-ca	cafe+02	f	cafe
CaFE_192k_1/Neutre/02-N-5.aiff	neu	0	fra	fr-ca	cafe+02	f	cafe
CaFE_192k_1/Neutre/02-N-6.aiff	neu	0	fra	fr-ca	cafe+02	f	cafe
CaFE_192k_1/Neutre/03-N-1.aiff	neu	0	fra	fr-ca	cafe+03	m	cafe
CaFE_192k_1/Neutre/03-N-2.aiff	neu	0	fra	fr-ca	cafe+03	m	cafe
CaFE_192k_1/Neutre/03-N-3.aiff	neu	0	fra	fr-ca	cafe+03	m	cafe
CaFE_192k_1/Neutre/03-N-4.aiff	neu	0	fra	fr-ca	cafe+03	m	cafe
CaFE_192k_1/Neutre/03-N-5.aiff	neu	0	fra	fr-ca	cafe+03	m	cafe
CaFE_192k_1/Neutre/03-N-6.aiff	neu	0	fra	fr-ca	cafe+03	m	cafe
CaFE_192k_1/Neutre/04-N-1.aiff	neu	0	fra	fr-ca	cafe+04	f	cafe
CaFE_192k_1/Neutre/04-N-2.aiff	neu	0	fra	fr-ca	cafe+04	f	cafe
CaFE_192k_1/Neutre/04-N-3.aiff	neu	0	fra	fr-ca	cafe+04	f	cafe
CaFE_192k_1/Neutre/04-N-4.aiff	neu	0	fra	fr-ca	cafe+04	f	cafe
CaFE_192k_1/Neutre/04-N-5.aiff	neu	0	fra	fr-ca	cafe+04	f	cafe
CaFE_192k_1/Neutre/04-N-6.aiff	neu	0	fra	fr-ca	cafe+04	f	cafe
CaFE_192k_1/Neutre/05-N-1.aiff	neu	0	fra	fr-ca	cafe+05	m	cafe
CaFE_192k_1/Neutre/05-N-2.aiff	neu	0	fra	fr-ca	cafe+05	m	cafe
CaFE_192k_1/Neutre/05-N-3.aiff	neu	0	fra	fr-ca	cafe+05	m	cafe
CaFE_192k_1/Neutre/05-N-4.aiff	neu	0	fra	fr-ca	cafe+05	m	cafe
CaFE_192k_1/Neutre/05-N-5.aiff	neu	0	fra	fr-ca	cafe+05	m	cafe
CaFE_192k_1/Neutre/05-N-6.aiff	neu	0	fra	fr-ca	cafe+05	m	cafe
CaFE_192k_1/Neutre/06-N-1.aiff	neu	0	fra	fr-ca	cafe+06	f	cafe
CaFE_192k_1/Neutre/06-N-2.aiff	neu	0	fra	fr-ca	cafe+06	f	cafe
CaFE_192k_1/Neutre/06-N-3.aiff	neu	0	fra	fr-ca	cafe+06	f	cafe
CaFE_192k_1/Neutre/06-N-4.aiff	neu	0	fra	fr-ca	cafe+06	f	cafe
CaFE_192k_1/Neutre/06-N-5.aiff	neu	0	fra	fr-ca	cafe+06	f	cafe
CaFE_192k_1/Neutre/06-N-6.aiff	neu	0	fra	fr-ca	cafe+06	f	cafe
CaFE_192k_1/Peur/Fort/01-P-2-1.aiff	fea	-1	fra	fr-ca	cafe+01	m	cafe
CaFE_192k_1/Peur/Fort/01-P-2-2.aiff	fea	-1	fra	fr-ca	cafe+01	m	cafe
CaFE_192k_1/Peur/Fort/01-P-2-3.aiff	fea	-1	fra	fr-ca	cafe+01	m	cafe
CaFE_192k_1/Peur/Fort/01-P-2-4.aiff	fea	-1	fra	fr-ca	cafe+01	m	cafe
CaFE_192k_1/Peur/Fort/01-P-2-5.aiff	fea	-1	fra	fr-ca	cafe+01	m	cafe
CaFE_192k_1/Peur/Fort/01-P-2-6.aiff	fea	-1	fra	fr-ca	cafe+01	m	cafe
CaFE_192k_1/Peur/Fort/02-P-2-1.aiff	fea	-1	fra	fr-ca	cafe+02	f	cafe
CaFE_192k_1/Peur/Fort/02-P-2-2.aiff	fea	-1	fra	fr-ca	cafe+02	f	cafe
CaFE_192k_1/Peur/Fort/02-P-2-3.aiff	fea	-1	fra	fr-ca	cafe+02	f	cafe
CaFE_192k_1/Peur/Fort/02-P-2-4.aiff	fea	-1	fra	fr-ca	cafe+02	f	cafe
CaFE_192k_1/Peur/Fort/02-P-2-5.aiff	fea	-1	fra	fr-ca	cafe+02	f	cafe
CaFE_192k_1/Peur/Fort/02-P-2-6.aiff	fea	-1	fra	fr-ca	cafe+02	f	cafe
CaFE_192k_1/Peur/Fort/03-P-2-1.aiff	fea	-1	fra	fr-ca	cafe+03	m	cafe
CaFE_192k_1/Peur/Fort/03-P-2-2.aiff	fea	-1	fra	fr-ca	cafe+03	m	cafe
CaFE_192k_1/Peur/Fort/03-P-2-3.aiff	fea	-1	fra	fr-ca	cafe+03	m	cafe
CaFE_192k_1/Peur/Fort/03-P-2-4.aiff	fea	-1	fra	fr-ca	cafe+03	m	cafe
CaFE_192k_1/Peur/Fort/03-P-2-5.aiff	fea	-1	fra	fr-ca	cafe+03	m	cafe
CaFE_192k_1/Peur/Fort/03-P-2-6.aiff	fea	-1	fra	fr-ca	cafe+03	m	cafe
CaFE_192k_1/Peur/Fort/04-P-2-1.aiff	fea	-1	fra	fr-ca	cafe+04	f	cafe
CaFE_192k_1/Peur/Fort/04-P-2-2.aiff	fea	-1	fra	fr-ca	cafe+04	f	cafe
CaFE_192k_1/Peur/Fort/04-P-2-3.aiff	fea	-1	fra	fr-ca	cafe+04	f	cafe
CaFE_192k_1/Peur/Fort/04-P-2-4.aiff	fea	-1	fra	fr-ca	cafe+04	f	cafe
CaFE_192k_1/Peur/Fort/04-P-2-5.aiff	fea	-1	fra	fr-ca	cafe+04	f	cafe
CaFE_192k_1/Peur/Fort/04-P-2-6.aiff	fea	-1	fra	fr-ca	cafe+04	f	cafe
CaFE_192k_1/Peur/Fort/05-P-2-1.aiff	fea	-1	fra	fr-ca	cafe+05	m	cafe
CaFE_192k_1/Peur/Fort/05-P-2-2.aiff	fea	-1	fra	fr-ca	cafe+05	m	cafe
CaFE_192k_1/Peur/Fort/05-P-2-3.aiff	fea	-1	fra	fr-ca	cafe+05	m	cafe
CaFE_192k_1/Peur/Fort/05-P-2-4.aiff	fea	-1	fra	fr-ca	cafe+05	m	cafe
CaFE_192k_1/Peur/Fort/05-P-2-5.aiff	fea	-1	fra	fr-ca	cafe+05	m	cafe
CaFE_192k_1/Peur/Fort/05-P-2-6.aiff	fea	-1	fra	fr-ca	cafe+05	m	cafe
CaFE_192k_1/Peur/Fort/06-P-2-1.aiff	fea	-1	fra	fr-ca	cafe+06	f	cafe
CaFE_192k_1/Peur/Fort/06-P-2-2.aiff	fea	-1	fra	fr-ca	cafe+06	f	cafe
CaFE_192k_1/Peur/Fort/06-P-2-3.aiff	fea	-1	fra	fr-ca	cafe+06	f	cafe
CaFE_192k_1/Peur/Fort/06-P-2-4.aiff	fea	-1	fra	fr-ca	cafe+06	f	cafe
CaFE_192k_1/Peur/Fort/06-P-2-5.aiff	fea	-1	fra	fr-ca	cafe+06	f	cafe
CaFE_192k_1/Peur/Fort/06-P-2-6.aiff	fea	-1	fra	fr-ca	cafe+06	f	cafe
CaFE_192k_1/Peur/Faible/01-P-1-1.aiff	fea	-1	fra	fr-ca	cafe+01	m	cafe
CaFE_192k_1/Peur/Faible/01-P-1-2.aiff	fea	-1	fra	fr-ca	cafe+01	m	cafe
CaFE_192k_1/Peur/Faible/01-P-1-3.aiff	fea	-1	fra	fr-ca	cafe+01	m	cafe
CaFE_192k_1/Peur/Faible/01-P-1-4.aiff	fea	-1	fra	fr-ca	cafe+01	m	cafe
CaFE_192k_1/Peur/Faible/01-P-1-5.aiff	fea	-1	fra	fr-ca	cafe+01	m	cafe
CaFE_192k_1/Peur/Faible/01-P-1-6.aiff	fea	-1	fra	fr-ca	cafe+01	m	cafe
CaFE_192k_1/Peur/Faible/02-P-1-1.aiff	fea	-1	fra	fr-ca	cafe+02	f	cafe
CaFE_192k_1/Peur/Faible/02-P-1-2.aiff	fea	-1	fra	fr-ca	cafe+02	f	cafe
CaFE_192k_1/Peur/Faible/02-P-1-3.aiff	fea	-1	fra	fr-ca	cafe+02	f	cafe
CaFE_192k_1/Peur/Faible/02-P-1-4.aiff	fea	-1	fra	fr-ca	cafe+02	f	cafe
CaFE_192k_1/Peur/Faible/02-P-1-5.aiff	fea	-1	fra	fr-ca	cafe+02	f	cafe
CaFE_192k_1/Peur/Faible/02-P-1-6.aiff	fea	-1	fra	fr-ca	cafe+02	f	cafe
CaFE_192k_1/Peur/Faible/03-P-1-1.aiff	fea	-1	fra	fr-ca	cafe+03	m	cafe
CaFE_192k_1/Peur/Faible/03-P-1-2.aiff	fea	-1	fra	fr-ca	cafe+03	m	cafe
CaFE_192k_1/Peur/Faible/03-P-1-3.aiff	fea	-1	fra	fr-ca	cafe+03	m	cafe
CaFE_192k_1/Peur/Faible/03-P-1-4.aiff	fea	-1	fra	fr-ca	cafe+03	m	cafe
CaFE_192k_1/Peur/Faible/03-P-1-5.aiff	fea	-1	fra	fr-ca	cafe+03	m	cafe
CaFE_192k_1/Peur/Faible/03-P-1-6.aiff	fea	-1	fra	fr-ca	cafe+03	m	cafe
CaFE_192k_1/Peur/Faible/04-P-1-1.aiff	fea	-1	fra	fr-ca	cafe+04	f	cafe
CaFE_192k_1/Peur/Faible/04-P-1-2.aiff	fea	-1	fra	fr-ca	cafe+04	f	cafe
CaFE_192k_1/Peur/Faible/04-P-1-3.aiff	fea	-1	fra	fr-ca	cafe+04	f	cafe
CaFE_192k_1/Peur/Faible/04-P-1-4.aiff	fea	-1	fra	fr-ca	cafe+04	f	cafe
CaFE_192k_1/Peur/Faible/04-P-1-5.aiff	fea	-1	fra	fr-ca	cafe+04	f	cafe
CaFE_192k_1/Peur/Faible/04-P-1-6.aiff	fea	-1	fra	fr-ca	cafe+04	f	cafe
CaFE_192k_1/Peur/Faible/05-P-1-1.aiff	fea	-1	fra	fr-ca	cafe+05	m	cafe
CaFE_192k_1/Peur/Faible/05-P-1-2.aiff	fea	-1	fra	fr-ca	cafe+05	m	cafe
CaFE_192k_1/Peur/Faible/05-P-1-3.aiff	fea	-1	fra	fr-ca	cafe+05	m	cafe
CaFE_192k_1/Peur/Faible/05-P-1-4.aiff	fea	-1	fra	fr-ca	cafe+05	m	cafe
CaFE_192k_1/Peur/Faible/05-P-1-5.aiff	fea	-1	fra	fr-ca	cafe+05	m	cafe
CaFE_192k_1/Peur/Faible/05-P-1-6.aiff	fea	-1	fra	fr-ca	cafe+05	m	cafe
CaFE_192k_1/Peur/Faible/06-P-1-1.aiff	fea	-1	fra	fr-ca	cafe+06	f	cafe
CaFE_192k_1/Peur/Faible/06-P-1-2.aiff	fea	-1	fra	fr-ca	cafe+06	f	cafe
CaFE_192k_1/Peur/Faible/06-P-1-3.aiff	fea	-1	fra	fr-ca	cafe+06	f	cafe
CaFE_192k_1/Peur/Faible/06-P-1-4.aiff	fea	-1	fra	fr-ca	cafe+06	f	cafe
CaFE_192k_1/Peur/Faible/06-P-1-5.aiff	fea	-1	fra	fr-ca	cafe+06	f	cafe
CaFE_192k_1/Peur/Faible/06-P-1-6.aiff	fea	-1	fra	fr-ca	cafe+06	f	cafe
CaFE_192k_1/Surprise/Fort/01-S-2-1.aiff	sur	-1	fra	fr-ca	cafe+01	m	cafe
CaFE_192k_1/Surprise/Fort/01-S-2-2.aiff	sur	-1	fra	fr-ca	cafe+01	m	cafe
CaFE_192k_1/Surprise/Fort/01-S-2-3.aiff	sur	-1	fra	fr-ca	cafe+01	m	cafe
CaFE_192k_1/Surprise/Fort/01-S-2-4.aiff	sur	-1	fra	fr-ca	cafe+01	m	cafe
CaFE_192k_1/Surprise/Fort/01-S-2-5.aiff	sur	-1	fra	fr-ca	cafe+01	m	cafe
CaFE_192k_1/Surprise/Fort/01-S-2-6.aiff	sur	-1	fra	fr-ca	cafe+01	m	cafe
CaFE_192k_1/Surprise/Fort/02-S-2-1.aiff	sur	-1	fra	fr-ca	cafe+02	f	cafe
CaFE_192k_1/Surprise/Fort/02-S-2-2.aiff	sur	-1	fra	fr-ca	cafe+02	f	cafe
CaFE_192k_1/Surprise/Fort/02-S-2-3.aiff	sur	-1	fra	fr-ca	cafe+02	f	cafe
CaFE_192k_1/Surprise/Fort/02-S-2-4.aiff	sur	-1	fra	fr-ca	cafe+02	f	cafe
CaFE_192k_1/Surprise/Fort/02-S-2-5.aiff	sur	-1	fra	fr-ca	cafe+02	f	cafe
CaFE_192k_1/Surprise/Fort/02-S-2-6.aiff	sur	-1	fra	fr-ca	cafe+02	f	cafe
CaFE_192k_1/Surprise/Fort/03-S-2-1.aiff	sur	-1	fra	fr-ca	cafe+03	m	cafe
CaFE_192k_1/Surprise/Fort/03-S-2-2.aiff	sur	-1	fra	fr-ca	cafe+03	m	cafe
CaFE_192k_1/Surprise/Fort/03-S-2-3.aiff	sur	-1	fra	fr-ca	cafe+03	m	cafe
CaFE_192k_1/Surprise/Fort/03-S-2-4.aiff	sur	-1	fra	fr-ca	cafe+03	m	cafe
CaFE_192k_1/Surprise/Fort/03-S-2-5.aiff	sur	-1	fra	fr-ca	cafe+03	m	cafe
CaFE_192k_1/Surprise/Fort/03-S-2-6.aiff	sur	-1	fra	fr-ca	cafe+03	m	cafe
CaFE_192k_1/Surprise/Fort/04-S-2-1.aiff	sur	-1	fra	fr-ca	cafe+04	f	cafe
CaFE_192k_1/Surprise/Fort/04-S-2-2.aiff	sur	-1	fra	fr-ca	cafe+04	f	cafe
CaFE_192k_1/Surprise/Fort/04-S-2-3.aiff	sur	-1	fra	fr-ca	cafe+04	f	cafe
CaFE_192k_1/Surprise/Fort/04-S-2-4.aiff	sur	-1	fra	fr-ca	cafe+04	f	cafe
CaFE_192k_1/Surprise/Fort/04-S-2-5.aiff	sur	-1	fra	fr-ca	cafe+04	f	cafe
CaFE_192k_1/Surprise/Fort/04-S-2-6.aiff	sur	-1	fra	fr-ca	cafe+04	f	cafe
CaFE_192k_1/Surprise/Fort/05-S-2-1.aiff	sur	-1	fra	fr-ca	cafe+05	m	cafe
CaFE_192k_1/Surprise/Fort/05-S-2-2.aiff	sur	-1	fra	fr-ca	cafe+05	m	cafe
CaFE_192k_1/Surprise/Fort/05-S-2-3.aiff	sur	-1	fra	fr-ca	cafe+05	m	cafe
CaFE_192k_1/Surprise/Fort/05-S-2-4.aiff	sur	-1	fra	fr-ca	cafe+05	m	cafe
CaFE_192k_1/Surprise/Fort/05-S-2-5.aiff	sur	-1	fra	fr-ca	cafe+05	m	cafe
CaFE_192k_1/Surprise/Fort/05-S-2-6.aiff	sur	-1	fra	fr-ca	cafe+05	m	cafe
CaFE_192k_1/Surprise/Fort/06-S-2-1.aiff	sur	-1	fra	fr-ca	cafe+06	f	cafe
CaFE_192k_1/Surprise/Fort/06-S-2-2.aiff	sur	-1	fra	fr-ca	cafe+06	f	cafe
CaFE_192k_1/Surprise/Fort/06-S-2-3.aiff	sur	-1	fra	fr-ca	cafe+06	f	cafe
CaFE_192k_1/Surprise/Fort/06-S-2-4.aiff	sur	-1	fra	fr-ca	cafe+06	f	cafe
CaFE_192k_1/Surprise/Fort/06-S-2-5.aiff	sur	-1	fra	fr-ca	cafe+06	f	cafe
CaFE_192k_1/Surprise/Fort/06-S-2-6.aiff	sur	-1	fra	fr-ca	cafe+06	f	cafe
CaFE_192k_1/Surprise/Faible/01-S-1-1.aiff	sur	-1	fra	fr-ca	cafe+01	m	cafe
CaFE_192k_1/Surprise/Faible/01-S-1-2.aiff	sur	-1	fra	fr-ca	cafe+01	m	cafe
CaFE_192k_1/Surprise/Faible/01-S-1-3.aiff	sur	-1	fra	fr-ca	cafe+01	m	cafe
CaFE_192k_1/Surprise/Faible/01-S-1-4.aiff	sur	-1	fra	fr-ca	cafe+01	m	cafe
CaFE_192k_1/Surprise/Faible/01-S-1-5.aiff	sur	-1	fra	fr-ca	cafe+01	m	cafe
CaFE_192k_1/Surprise/Faible/01-S-1-6.aiff	sur	-1	fra	fr-ca	cafe+01	m	cafe
CaFE_192k_1/Surprise/Faible/02-S-1-1.aiff	sur	-1	fra	fr-ca	cafe+02	f	cafe
CaFE_192k_1/Surprise/Faible/02-S-1-2.aiff	sur	-1	fra	fr-ca	cafe+02	f	cafe
CaFE_192k_1/Surprise/Faible/02-S-1-3.aiff	sur	-1	fra	fr-ca	cafe+02	f	cafe
CaFE_192k_1/Surprise/Faible/02-S-1-4.aiff	sur	-1	fra	fr-ca	cafe+02	f	cafe
CaFE_192k_1/Surprise/Faible/02-S-1-5.aiff	sur	-1	fra	fr-ca	cafe+02	f	cafe
CaFE_192k_1/Surprise/Faible/02-S-1-6.aiff	sur	-1	fra	fr-ca	cafe+02	f	cafe
CaFE_192k_1/Surprise/Faible/03-S-1-1.aiff	sur	-1	fra	fr-ca	cafe+03	m	cafe
CaFE_192k_1/Surprise/Faible/03-S-1-2.aiff	sur	-1	fra	fr-ca	cafe+03	m	cafe
CaFE_192k_1/Surprise/Faible/03-S-1-3.aiff	sur	-1	fra	fr-ca	cafe+03	m	cafe
CaFE_192k_1/Surprise/Faible/03-S-1-4.aiff	sur	-1	fra	fr-ca	cafe+03	m	cafe
CaFE_192k_1/Surprise/Faible/03-S-1-5.aiff	sur	-1	fra	fr-ca	cafe+03	m	cafe
CaFE_192k_1/Surprise/Faible/03-S-1-6.aiff	sur	-1	fra	fr-ca	cafe+03	m	cafe
CaFE_192k_1/Surprise/Faible/04-S-1-1.aiff	sur	-1	fra	fr-ca	cafe+04	f	cafe
CaFE_192k_1/Surprise/Faible/04-S-1-2.aiff	sur	-1	fra	fr-ca	cafe+04	f	cafe
CaFE_192k_1/Surprise/Faible/04-S-1-3.aiff	sur	-1	fra	fr-ca	cafe+04	f	cafe
CaFE_192k_1/Surprise/Faible/04-S-1-4.aiff	sur	-1	fra	fr-ca	cafe+04	f	cafe
CaFE_192k_1/Surprise/Faible/04-S-1-5.aiff	sur	-1	fra	fr-ca	cafe+04	f	cafe
CaFE_192k_1/Surprise/Faible/04-S-1-6.aiff	sur	-1	fra	fr-ca	cafe+04	f	cafe
CaFE_192k_1/Surprise/Faible/05-S-1-1.aiff	sur	-1	fra	fr-ca	cafe+05	m	cafe
CaFE_192k_1/Surprise/Faible/05-S-1-2.aiff	sur	-1	fra	fr-ca	cafe+05	m	cafe
CaFE_192k_1/Surprise/Faible/05-S-1-3.aiff	sur	-1	fra	fr-ca	cafe+05	m	cafe
CaFE_192k_1/Surprise/Faible/05-S-1-4.aiff	sur	-1	fra	fr-ca	cafe+05	m	cafe
CaFE_192k_1/Surprise/Faible/05-S-1-5.aiff	sur	-1	fra	fr-ca	cafe+05	m	cafe
CaFE_192k_1/Surprise/Faible/05-S-1-6.aiff	sur	-1	fra	fr-ca	cafe+05	m	cafe
CaFE_192k_1/Surprise/Faible/06-S-1-1.aiff	sur	-1	fra	fr-ca	cafe+06	f	cafe
CaFE_192k_1/Surprise/Faible/06-S-1-2.aiff	sur	-1	fra	fr-ca	cafe+06	f	cafe
CaFE_192k_1/Surprise/Faible/06-S-1-3.aiff	sur	-1	fra	fr-ca	cafe+06	f	cafe
CaFE_192k_1/Surprise/Faible/06-S-1-4.aiff	sur	-1	fra	fr-ca	cafe+06	f	cafe
CaFE_192k_1/Surprise/Faible/06-S-1-5.aiff	sur	-1	fra	fr-ca	cafe+06	f	cafe
CaFE_192k_1/Surprise/Faible/06-S-1-6.aiff	sur	-1	fra	fr-ca	cafe+06	f	cafe
CaFE_192k_1/Tristesse/Fort/01-T-2-1.aiff	sad	-1	fra	fr-ca	cafe+01	m	cafe
CaFE_192k_1/Tristesse/Fort/01-T-2-2.aiff	sad	-1	fra	fr-ca	cafe+01	m	cafe
CaFE_192k_1/Tristesse/Fort/01-T-2-3.aiff	sad	-1	fra	fr-ca	cafe+01	m	cafe
CaFE_192k_1/Tristesse/Fort/01-T-2-4.aiff	sad	-1	fra	fr-ca	cafe+01	m	cafe
CaFE_192k_1/Tristesse/Fort/01-T-2-5.aiff	sad	-1	fra	fr-ca	cafe+01	m	cafe
CaFE_192k_1/Tristesse/Fort/01-T-2-6.aiff	sad	-1	fra	fr-ca	cafe+01	m	cafe
CaFE_192k_1/Tristesse/Fort/02-T-2-1.aiff	sad	-1	fra	fr-ca	cafe+02	f	cafe
CaFE_192k_1/Tristesse/Fort/02-T-2-2.aiff	sad	-1	fra	fr-ca	cafe+02	f	cafe
CaFE_192k_1/Tristesse/Fort/02-T-2-3.aiff	sad	-1	fra	fr-ca	cafe+02	f	cafe
CaFE_192k_1/Tristesse/Fort/02-T-2-4.aiff	sad	-1	fra	fr-ca	cafe+02	f	cafe
CaFE_192k_1/Tristesse/Fort/02-T-2-5.aiff	sad	-1	fra	fr-ca	cafe+02	f	cafe
CaFE_192k_1/Tristesse/Fort/02-T-2-6.aiff	sad	-1	fra	fr-ca	cafe+02	f	cafe
CaFE_192k_1/Tristesse/Fort/03-T-2-1.aiff	sad	-1	fra	fr-ca	cafe+03	m	cafe
CaFE_192k_1/Tristesse/Fort/03-T-2-2.aiff	sad	-1	fra	fr-ca	cafe+03	m	cafe
CaFE_192k_1/Tristesse/Fort/03-T-2-3.aiff	sad	-1	fra	fr-ca	cafe+03	m	cafe
CaFE_192k_1/Tristesse/Fort/03-T-2-4.aiff	sad	-1	fra	fr-ca	cafe+03	m	cafe
CaFE_192k_1/Tristesse/Fort/03-T-2-5.aiff	sad	-1	fra	fr-ca	cafe+03	m	cafe
CaFE_192k_1/Tristesse/Fort/03-T-2-6.aiff	sad	-1	fra	fr-ca	cafe+03	m	cafe
CaFE_192k_1/Tristesse/Fort/04-T-2-1.aiff	sad	-1	fra	fr-ca	cafe+04	f	cafe
CaFE_192k_1/Tristesse/Fort/04-T-2-2.aiff	sad	-1	fra	fr-ca	cafe+04	f	cafe
CaFE_192k_1/Tristesse/Fort/04-T-2-3.aiff	sad	-1	fra	fr-ca	cafe+04	f	cafe
CaFE_192k_1/Tristesse/Fort/04-T-2-4.aiff	sad	-1	fra	fr-ca	cafe+04	f	cafe
CaFE_192k_1/Tristesse/Fort/04-T-2-5.aiff	sad	-1	fra	fr-ca	cafe+04	f	cafe
CaFE_192k_1/Tristesse/Fort/04-T-2-6.aiff	sad	-1	fra	fr-ca	cafe+04	f	cafe
CaFE_192k_1/Tristesse/Fort/05-T-2-1.aiff	sad	-1	fra	fr-ca	cafe+05	m	cafe
CaFE_192k_1/Tristesse/Fort/05-T-2-2.aiff	sad	-1	fra	fr-ca	cafe+05	m	cafe
CaFE_192k_1/Tristesse/Fort/05-T-2-3.aiff	sad	-1	fra	fr-ca	cafe+05	m	cafe
CaFE_192k_1/Tristesse/Fort/05-T-2-4.aiff	sad	-1	fra	fr-ca	cafe+05	m	cafe
CaFE_192k_1/Tristesse/Fort/05-T-2-5.aiff	sad	-1	fra	fr-ca	cafe+05	m	cafe
CaFE_192k_1/Tristesse/Fort/05-T-2-6.aiff	sad	-1	fra	fr-ca	cafe+05	m	cafe
CaFE_192k_1/Tristesse/Fort/06-T-2-1.aiff	sad	-1	fra	fr-ca	cafe+06	f	cafe
CaFE_192k_1/Tristesse/Fort/06-T-2-2.aiff	sad	-1	fra	fr-ca	cafe+06	f	cafe
CaFE_192k_1/Tristesse/Fort/06-T-2-3.aiff	sad	-1	fra	fr-ca	cafe+06	f	cafe
CaFE_192k_1/Tristesse/Fort/06-T-2-4.aiff	sad	-1	fra	fr-ca	cafe+06	f	cafe
CaFE_192k_1/Tristesse/Fort/06-T-2-5.aiff	sad	-1	fra	fr-ca	cafe+06	f	cafe
CaFE_192k_1/Tristesse/Fort/06-T-2-6.aiff	sad	-1	fra	fr-ca	cafe+06	f	cafe
CaFE_192k_1/Tristesse/Faible/01-T-1-1.aiff	sad	-1	fra	fr-ca	cafe+01	m	cafe
CaFE_192k_1/Tristesse/Faible/01-T-1-2.aiff	sad	-1	fra	fr-ca	cafe+01	m	cafe
CaFE_192k_1/Tristesse/Faible/01-T-1-3.aiff	sad	-1	fra	fr-ca	cafe+01	m	cafe
CaFE_192k_1/Tristesse/Faible/01-T-1-4.aiff	sad	-1	fra	fr-ca	cafe+01	m	cafe
CaFE_192k_1/Tristesse/Faible/01-T-1-5.aiff	sad	-1	fra	fr-ca	cafe+01	m	cafe
CaFE_192k_1/Tristesse/Faible/01-T-1-6.aiff	sad	-1	fra	fr-ca	cafe+01	m	cafe
CaFE_192k_1/Tristesse/Faible/02-T-1-1.aiff	sad	-1	fra	fr-ca	cafe+02	f	cafe
CaFE_192k_1/Tristesse/Faible/02-T-1-2.aiff	sad	-1	fra	fr-ca	cafe+02	f	cafe
CaFE_192k_1/Tristesse/Faible/02-T-1-3.aiff	sad	-1	fra	fr-ca	cafe+02	f	cafe
CaFE_192k_1/Tristesse/Faible/02-T-1-4.aiff	sad	-1	fra	fr-ca	cafe+02	f	cafe
CaFE_192k_1/Tristesse/Faible/02-T-1-5.aiff	sad	-1	fra	fr-ca	cafe+02	f	cafe
CaFE_192k_1/Tristesse/Faible/02-T-1-6.aiff	sad	-1	fra	fr-ca	cafe+02	f	cafe
CaFE_192k_1/Tristesse/Faible/03-T-1-1.aiff	sad	-1	fra	fr-ca	cafe+03	m	cafe
CaFE_192k_1/Tristesse/Faible/03-T-1-2.aiff	sad	-1	fra	fr-ca	cafe+03	m	cafe
CaFE_192k_1/Tristesse/Faible/03-T-1-3.aiff	sad	-1	fra	fr-ca	cafe+03	m	cafe
CaFE_192k_1/Tristesse/Faible/03-T-1-4.aiff	sad	-1	fra	fr-ca	cafe+03	m	cafe
CaFE_192k_1/Tristesse/Faible/03-T-1-5.aiff	sad	-1	fra	fr-ca	cafe+03	m	cafe
CaFE_192k_1/Tristesse/Faible/03-T-1-6.aiff	sad	-1	fra	fr-ca	cafe+03	m	cafe
CaFE_192k_1/Tristesse/Faible/04-T-1-1.aiff	sad	-1	fra	fr-ca	cafe+04	f	cafe
CaFE_192k_1/Tristesse/Faible/04-T-1-2.aiff	sad	-1	fra	fr-ca	cafe+04	f	cafe
CaFE_192k_1/Tristesse/Faible/04-T-1-3.aiff	sad	-1	fra	fr-ca	cafe+04	f	cafe
CaFE_192k_1/Tristesse/Faible/04-T-1-4.aiff	sad	-1	fra	fr-ca	cafe+04	f	cafe
CaFE_192k_1/Tristesse/Faible/04-T-1-5.aiff	sad	-1	fra	fr-ca	cafe+04	f	cafe
CaFE_192k_1/Tristesse/Faible/04-T-1-6.aiff	sad	-1	fra	fr-ca	cafe+04	f	cafe
CaFE_192k_1/Tristesse/Faible/05-T-1-1.aiff	sad	-1	fra	fr-ca	cafe+05	m	cafe
CaFE_192k_1/Tristesse/Faible/05-T-1-2.aiff	sad	-1	fra	fr-ca	cafe+05	m	cafe
CaFE_192k_1/Tristesse/Faible/05-T-1-3.aiff	sad	-1	fra	fr-ca	cafe+05	m	cafe
CaFE_192k_1/Tristesse/Faible/05-T-1-4.aiff	sad	-1	fra	fr-ca	cafe+05	m	cafe
CaFE_192k_1/Tristesse/Faible/05-T-1-5.aiff	sad	-1	fra	fr-ca	cafe+05	m	cafe
CaFE_192k_1/Tristesse/Faible/05-T-1-6.aiff	sad	-1	fra	fr-ca	cafe+05	m	cafe
CaFE_192k_1/Tristesse/Faible/06-T-1-1.aiff	sad	-1	fra	fr-ca	cafe+06	f	cafe
CaFE_192k_1/Tristesse/Faible/06-T-1-2.aiff	sad	-1	fra	fr-ca	cafe+06	f	cafe
CaFE_192k_1/Tristesse/Faible/06-T-1-3.aiff	sad	-1	fra	fr-ca	cafe+06	f	cafe
CaFE_192k_1/Tristesse/Faible/06-T-1-4.aiff	sad	-1	fra	fr-ca	cafe+06	f	cafe
CaFE_192k_1/Tristesse/Faible/06-T-1-5.aiff	sad	-1	fra	fr-ca	cafe+06	f	cafe
CaFE_192k_1/Tristesse/Faible/06-T-1-6.aiff	sad	-1	fra	fr-ca	cafe+06	f	cafe
CaFE_192k_2/Colère/Fort/07-C-2-1.aiff	ang	-1	fra	fr-ca	cafe+07	m	cafe
CaFE_192k_2/Colère/Fort/07-C-2-2.aiff	ang	-1	fra	fr-ca	cafe+07	m	cafe
CaFE_192k_2/Colère/Fort/07-C-2-3.aiff	ang	-1	fra	fr-ca	cafe+07	m	cafe
CaFE_192k_2/Colère/Fort/07-C-2-4.aiff	ang	-1	fra	fr-ca	cafe+07	m	cafe
CaFE_192k_2/Colère/Fort/07-C-2-5.aiff	ang	-1	fra	fr-ca	cafe+07	m	cafe
CaFE_192k_2/Colère/Fort/07-C-2-6.aiff	ang	-1	fra	fr-ca	cafe+07	m	cafe
CaFE_192k_2/Colère/Fort/08-C-2-1.aiff	ang	-1	fra	fr-ca	cafe+08	f	cafe
CaFE_192k_2/Colère/Fort/08-C-2-2.aiff	ang	-1	fra	fr-ca	cafe+08	f	cafe
CaFE_192k_2/Colère/Fort/08-C-2-3.aiff	ang	-1	fra	fr-ca	cafe+08	f	cafe
CaFE_192k_2/Colère/Fort/08-C-2-4.aiff	ang	-1	fra	fr-ca	cafe+08	f	cafe
CaFE_192k_2/Colère/Fort/08-C-2-5.aiff	ang	-1	fra	fr-ca	cafe+08	f	cafe
CaFE_192k_2/Colère/Fort/08-C-2-6.aiff	ang	-1	fra	fr-ca	cafe+08	f	cafe
CaFE_192k_2/Colère/Fort/09-C-2-1.aiff	ang	-1	fra	fr-ca	cafe+09	m	cafe
CaFE_192k_2/Colère/Fort/09-C-2-2.aiff	ang	-1	fra	fr-ca	cafe+09	m	cafe
CaFE_192k_2/Colère/Fort/09-C-2-3.aiff	ang	-1	fra	fr-ca	cafe+09	m	cafe
CaFE_192k_2/Colère/Fort/09-C-2-4.aiff	ang	-1	fra	fr-ca	cafe+09	m	cafe
CaFE_192k_2/Colère/Fort/09-C-2-5.aiff	ang	-1	fra	fr-ca	cafe+09	m	cafe
CaFE_192k_2/Colère/Fort/09-C-2-6.aiff	ang	-1	fra	fr-ca	cafe+09	m	cafe
CaFE_192k_2/Colère/Fort/10-C-2-1.aiff	ang	-1	fra	fr-ca	cafe+10	f	cafe
CaFE_192k_2/Colère/Fort/10-C-2-2.aiff	ang	-1	fra	fr-ca	cafe+10	f	cafe
CaFE_192k_2/Colère/Fort/10-C-2-3.aiff	ang	-1	fra	fr-ca	cafe+10	f	cafe
CaFE_192k_2/Colère/Fort/10-C-2-4.aiff	ang	-1	fra	fr-ca	cafe+10	f	cafe
CaFE_192k_2/Colère/Fort/10-C-2-5.aiff	ang	-1	fra	fr-ca	cafe+10	f	cafe
CaFE_192k_2/Colère/Fort/10-C-2-6.aiff	ang	-1	fra	fr-ca	cafe+10	f	cafe
CaFE_192k_2/Colère/Fort/11-C-2-1.aiff	ang	-1	fra	fr-ca	cafe+11	m	cafe
CaFE_192k_2/Colère/Fort/11-C-2-2.aiff	ang	-1	fra	fr-ca	cafe+11	m	cafe
CaFE_192k_2/Colère/Fort/11-C-2-3.aiff	ang	-1	fra	fr-ca	cafe+11	m	cafe
CaFE_192k_2/Colère/Fort/11-C-2-4.aiff	ang	-1	fra	fr-ca	cafe+11	m	cafe
CaFE_192k_2/Colère/Fort/11-C-2-5.aiff	ang	-1	fra	fr-ca	cafe+11	m	cafe
CaFE_192k_2/Colère/Fort/11-C-2-6.aiff	ang	-1	fra	fr-ca	cafe+11	m	cafe
CaFE_192k_2/Colère/Fort/12-C-2-1.aiff	ang	-1	fra	fr-ca	cafe+12	f	cafe
CaFE_192k_2/Colère/Fort/12-C-2-2.aiff	ang	-1	fra	fr-ca	cafe+12	f	cafe
CaFE_192k_2/Colère/Fort/12-C-2-3.aiff	ang	-1	fra	fr-ca	cafe+12	f	cafe
CaFE_192k_2/Colère/Fort/12-C-2-4.aiff	ang	-1	fra	fr-ca	cafe+12	f	cafe
CaFE_192k_2/Colère/Fort/12-C-2-5.aiff	ang	-1	fra	fr-ca	cafe+12	f	cafe
CaFE_192k_2/Colère/Fort/12-C-2-6.aiff	ang	-1	fra	fr-ca	cafe+12	f	cafe
CaFE_192k_2/Colère/Faible/07-C-1-1.aiff	ang	-1	fra	fr-ca	cafe+07	m	cafe
CaFE_192k_2/Colère/Faible/07-C-1-2.aiff	ang	-1	fra	fr-ca	cafe+07	m	cafe
CaFE_192k_2/Colère/Faible/07-C-1-3.aiff	ang	-1	fra	fr-ca	cafe+07	m	cafe
CaFE_192k_2/Colère/Faible/07-C-1-4.aiff	ang	-1	fra	fr-ca	cafe+07	m	cafe
CaFE_192k_2/Colère/Faible/07-C-1-5.aiff	ang	-1	fra	fr-ca	cafe+07	m	cafe
CaFE_192k_2/Colère/Faible/07-C-1-6.aiff	ang	-1	fra	fr-ca	cafe+07	m	cafe
CaFE_192k_2/Colère/Faible/08-C-1-1.aiff	ang	-1	fra	fr-ca	cafe+08	f	cafe
CaFE_192k_2/Colère/Faible/08-C-1-2.aiff	ang	-1	fra	fr-ca	cafe+08	f	cafe
CaFE_192k_2/Colère/Faible/08-C-1-3.aiff	ang	-1	fra	fr-ca	cafe+08	f	cafe
CaFE_192k_2/Colère/Faible/08-C-1-4.aiff	ang	-1	fra	fr-ca	cafe+08	f	cafe
CaFE_192k_2/Colère/Faible/08-C-1-5.aiff	ang	-1	fra	fr-ca	cafe+08	f	cafe
CaFE_192k_2/Colère/Faible/08-C-1-6.aiff	ang	-1	fra	fr-ca	cafe+08	f	cafe
CaFE_192k_2/Colère/Faible/09-C-1-1.aiff	ang	-1	fra	fr-ca	cafe+09	m	cafe
CaFE_192k_2/Colère/Faible/09-C-1-2.aiff	ang	-1	fra	fr-ca	cafe+09	m	cafe
CaFE_192k_2/Colère/Faible/09-C-1-3.aiff	ang	-1	fra	fr-ca	cafe+09	m	cafe
CaFE_192k_2/Colère/Faible/09-C-1-4.aiff	ang	-1	fra	fr-ca	cafe+09	m	cafe
CaFE_192k_2/Colère/Faible/09-C-1-5.aiff	ang	-1	fra	fr-ca	cafe+09	m	cafe
CaFE_192k_2/Colère/Faible/09-C-1-6.aiff	ang	-1	fra	fr-ca	cafe+09	m	cafe
CaFE_192k_2/Colère/Faible/10-C-1-1.aiff	ang	-1	fra	fr-ca	cafe+10	f	cafe
CaFE_192k_2/Colère/Faible/10-C-1-2.aiff	ang	-1	fra	fr-ca	cafe+10	f	cafe
CaFE_192k_2/Colère/Faible/10-C-1-3.aiff	ang	-1	fra	fr-ca	cafe+10	f	cafe
CaFE_192k_2/Colère/Faible/10-C-1-4.aiff	ang	-1	fra	fr-ca	cafe+10	f	cafe
CaFE_192k_2/Colère/Faible/10-C-1-5.aiff	ang	-1	fra	fr-ca	cafe+10	f	cafe
CaFE_192k_2/Colère/Faible/10-C-1-6.aiff	ang	-1	fra	fr-ca	cafe+10	f	cafe
CaFE_192k_2/Colère/Faible/11-C-1-1.aiff	ang	-1	fra	fr-ca	cafe+11	m	cafe
CaFE_192k_2/Colère/Faible/11-C-1-2.aiff	ang	-1	fra	fr-ca	cafe+11	m	cafe
CaFE_192k_2/Colère/Faible/11-C-1-3.aiff	ang	-1	fra	fr-ca	cafe+11	m	cafe
CaFE_192k_2/Colère/Faible/11-C-1-4.aiff	ang	-1	fra	fr-ca	cafe+11	m	cafe
CaFE_192k_2/Colère/Faible/11-C-1-5.aiff	ang	-1	fra	fr-ca	cafe+11	m	cafe
CaFE_192k_2/Colère/Faible/11-C-1-6.aiff	ang	-1	fra	fr-ca	cafe+11	m	cafe
CaFE_192k_2/Colère/Faible/12-C-1-1.aiff	ang	-1	fra	fr-ca	cafe+12	f	cafe
CaFE_192k_2/Colère/Faible/12-C-1-2.aiff	ang	-1	fra	fr-ca	cafe+12	f	cafe
CaFE_192k_2/Colère/Faible/12-C-1-3.aiff	ang	-1	fra	fr-ca	cafe+12	f	cafe
CaFE_192k_2/Colère/Faible/12-C-1-4.aiff	ang	-1	fra	fr-ca	cafe+12	f	cafe
CaFE_192k_2/Colère/Faible/12-C-1-5.aiff	ang	-1	fra	fr-ca	cafe+12	f	cafe
CaFE_192k_2/Colère/Faible/12-C-1-6.aiff	ang	-1	fra	fr-ca	cafe+12	f	cafe
CaFE_192k_2/Dégoût/Fort/07-D-2-1.aiff	dis	-1	fra	fr-ca	cafe+07	m	cafe
CaFE_192k_2/Dégoût/Fort/07-D-2-2.aiff	dis	-1	fra	fr-ca	cafe+07	m	cafe
CaFE_192k_2/Dégoût/Fort/07-D-2-3.aiff	dis	-1	fra	fr-ca	cafe+07	m	cafe
CaFE_192k_2/Dégoût/Fort/07-D-2-4.aiff	dis	-1	fra	fr-ca	cafe+07	m	cafe
CaFE_192k_2/Dégoût/Fort/07-D-2-5.aiff	dis	-1	fra	fr-ca	cafe+07	m	cafe
CaFE_192k_2/Dégoût/Fort/07-D-2-6.aiff	dis	-1	fra	fr-ca	cafe+07	m	cafe
CaFE_192k_2/Dégoût/Fort/08-D-2-1.aiff	dis	-1	fra	fr-ca	cafe+08	f	cafe
CaFE_192k_2/Dégoût/Fort/08-D-2-2.aiff	dis	-1	fra	fr-ca	cafe+08	f	cafe
CaFE_192k_2/Dégoût/Fort/08-D-2-3.aiff	dis	-1	fra	fr-ca	cafe+08	f	cafe
CaFE_192k_2/Dégoût/Fort/08-D-2-4.aiff	dis	-1	fra	fr-ca	cafe+08	f	cafe
CaFE_192k_2/Dégoût/Fort/08-D-2-5.aiff	dis	-1	fra	fr-ca	cafe+08	f	cafe
CaFE_192k_2/Dégoût/Fort/08-D-2-6.aiff	dis	-1	fra	fr-ca	cafe+08	f	cafe
CaFE_192k_2/Dégoût/Fort/09-D-2-1.aiff	dis	-1	fra	fr-ca	cafe+09	m	cafe
CaFE_192k_2/Dégoût/Fort/09-D-2-2.aiff	dis	-1	fra	fr-ca	cafe+09	m	cafe
CaFE_192k_2/Dégoût/Fort/09-D-2-3.aiff	dis	-1	fra	fr-ca	cafe+09	m	cafe
CaFE_192k_2/Dégoût/Fort/09-D-2-4.aiff	dis	-1	fra	fr-ca	cafe+09	m	cafe
CaFE_192k_2/Dégoût/Fort/09-D-2-5.aiff	dis	-1	fra	fr-ca	cafe+09	m	cafe
CaFE_192k_2/Dégoût/Fort/09-D-2-6.aiff	dis	-1	fra	fr-ca	cafe+09	m	cafe
CaFE_192k_2/Dégoût/Fort/10-D-2-1.aiff	dis	-1	fra	fr-ca	cafe+10	f	cafe
CaFE_192k_2/Dégoût/Fort/10-D-2-2.aiff	dis	-1	fra	fr-ca	cafe+10	f	cafe
CaFE_192k_2/Dégoût/Fort/10-D-2-3.aiff	dis	-1	fra	fr-ca	cafe+10	f	cafe
CaFE_192k_2/Dégoût/Fort/10-D-2-4.aiff	dis	-1	fra	fr-ca	cafe+10	f	cafe
CaFE_192k_2/Dégoût/Fort/10-D-2-5.aiff	dis	-1	fra	fr-ca	cafe+10	f	cafe
CaFE_192k_2/Dégoût/Fort/10-D-2-6.aiff	dis	-1	fra	fr-ca	cafe+10	f	cafe
CaFE_192k_2/Dégoût/Fort/11-D-2-1.aiff	dis	-1	fra	fr-ca	cafe+11	m	cafe
CaFE_192k_2/Dégoût/Fort/11-D-2-2.aiff	dis	-1	fra	fr-ca	cafe+11	m	cafe
CaFE_192k_2/Dégoût/Fort/11-D-2-3.aiff	dis	-1	fra	fr-ca	cafe+11	m	cafe
CaFE_192k_2/Dégoût/Fort/11-D-2-4.aiff	dis	-1	fra	fr-ca	cafe+11	m	cafe
CaFE_192k_2/Dégoût/Fort/11-D-2-5.aiff	dis	-1	fra	fr-ca	cafe+11	m	cafe
CaFE_192k_2/Dégoût/Fort/11-D-2-6.aiff	dis	-1	fra	fr-ca	cafe+11	m	cafe
CaFE_192k_2/Dégoût/Fort/12-D-2-1.aiff	dis	-1	fra	fr-ca	cafe+12	f	cafe
CaFE_192k_2/Dégoût/Fort/12-D-2-2.aiff	dis	-1	fra	fr-ca	cafe+12	f	cafe
CaFE_192k_2/Dégoût/Fort/12-D-2-3.aiff	dis	-1	fra	fr-ca	cafe+12	f	cafe
CaFE_192k_2/Dégoût/Fort/12-D-2-4.aiff	dis	-1	fra	fr-ca	cafe+12	f	cafe
CaFE_192k_2/Dégoût/Fort/12-D-2-5.aiff	dis	-1	fra	fr-ca	cafe+12	f	cafe
CaFE_192k_2/Dégoût/Fort/12-D-2-6.aiff	dis	-1	fra	fr-ca	cafe+12	f	cafe
CaFE_192k_2/Dégoût/Faible/07-D-1-1.aiff	dis	-1	fra	fr-ca	cafe+07	m	cafe
CaFE_192k_2/Dégoût/Faible/07-D-1-2.aiff	dis	-1	fra	fr-ca	cafe+07	m	cafe
CaFE_192k_2/Dégoût/Faible/07-D-1-3.aiff	dis	-1	fra	fr-ca	cafe+07	m	cafe
CaFE_192k_2/Dégoût/Faible/07-D-1-4.aiff	dis	-1	fra	fr-ca	cafe+07	m	cafe
CaFE_192k_2/Dégoût/Faible/07-D-1-5.aiff	dis	-1	fra	fr-ca	cafe+07	m	cafe
CaFE_192k_2/Dégoût/Faible/07-D-1-6.aiff	dis	-1	fra	fr-ca	cafe+07	m	cafe
CaFE_192k_2/Dégoût/Faible/08-D-1-1.aiff	dis	-1	fra	fr-ca	cafe+08	f	cafe
CaFE_192k_2/Dégoût/Faible/08-D-1-2.aiff	dis	-1	fra	fr-ca	cafe+08	f	cafe
CaFE_192k_2/Dégoût/Faible/08-D-1-3.aiff	dis	-1	fra	fr-ca	cafe+08	f	cafe
CaFE_192k_2/Dégoût/Faible/08-D-1-4.aiff	dis	-1	fra	fr-ca	cafe+08	f	cafe
CaFE_192k_2/Dégoût/Faible/08-D-1-5.aiff	dis	-1	fra	fr-ca	cafe+08	f	cafe
CaFE_192k_2/Dégoût/Faible/08-D-1-6.aiff	dis	-1	fra	fr-ca	cafe+08	f	cafe
CaFE_192k_2/Dégoût/Faible/09-D-1-1.aiff	dis	-1	fra	fr-ca	cafe+09	m	cafe
CaFE_192k_2/Dégoût/Faible/09-D-1-2.aiff	dis	-1	fra	fr-ca	cafe+09	m	cafe
CaFE_192k_2/Dégoût/Faible/09-D-1-3.aiff	dis	-1	fra	fr-ca	cafe+09	m	cafe
CaFE_192k_2/Dégoût/Faible/09-D-1-4.aiff	dis	-1	fra	fr-ca	cafe+09	m	cafe
CaFE_192k_2/Dégoût/Faible/09-D-1-5.aiff	dis	-1	fra	fr-ca	cafe+09	m	cafe
CaFE_192k_2/Dégoût/Faible/09-D-1-6.aiff	dis	-1	fra	fr-ca	cafe+09	m	cafe
CaFE_192k_2/Dégoût/Faible/10-D-1-1.aiff	dis	-1	fra	fr-ca	cafe+10	f	cafe
CaFE_192k_2/Dégoût/Faible/10-D-1-2.aiff	dis	-1	fra	fr-ca	cafe+10	f	cafe
CaFE_192k_2/Dégoût/Faible/10-D-1-3.aiff	dis	-1	fra	fr-ca	cafe+10	f	cafe
CaFE_192k_2/Dégoût/Faible/10-D-1-4.aiff	dis	-1	fra	fr-ca	cafe+10	f	cafe
CaFE_192k_2/Dégoût/Faible/10-D-1-5.aiff	dis	-1	fra	fr-ca	cafe+10	f	cafe
CaFE_192k_2/Dégoût/Faible/10-D-1-6.aiff	dis	-1	fra	fr-ca	cafe+10	f	cafe
CaFE_192k_2/Dégoût/Faible/11-D-1-1.aiff	dis	-1	fra	fr-ca	cafe+11	m	cafe
CaFE_192k_2/Dégoût/Faible/11-D-1-2.aiff	dis	-1	fra	fr-ca	cafe+11	m	cafe
CaFE_192k_2/Dégoût/Faible/11-D-1-3.aiff	dis	-1	fra	fr-ca	cafe+11	m	cafe
CaFE_192k_2/Dégoût/Faible/11-D-1-4.aiff	dis	-1	fra	fr-ca	cafe+11	m	cafe
CaFE_192k_2/Dégoût/Faible/11-D-1-5.aiff	dis	-1	fra	fr-ca	cafe+11	m	cafe
CaFE_192k_2/Dégoût/Faible/11-D-1-6.aiff	dis	-1	fra	fr-ca	cafe+11	m	cafe
CaFE_192k_2/Dégoût/Faible/12-D-1-1.aiff	dis	-1	fra	fr-ca	cafe+12	f	cafe
CaFE_192k_2/Dégoût/Faible/12-D-1-2.aiff	dis	-1	fra	fr-ca	cafe+12	f	cafe
CaFE_192k_2/Dégoût/Faible/12-D-1-3.aiff	dis	-1	fra	fr-ca	cafe+12	f	cafe
CaFE_192k_2/Dégoût/Faible/12-D-1-4.aiff	dis	-1	fra	fr-ca	cafe+12	f	cafe
CaFE_192k_2/Dégoût/Faible/12-D-1-5.aiff	dis	-1	fra	fr-ca	cafe+12	f	cafe
CaFE_192k_2/Dégoût/Faible/12-D-1-6.aiff	dis	-1	fra	fr-ca	cafe+12	f	cafe
CaFE_192k_2/Joie/Fort/07-J-2-1.aiff	hap	1	fra	fr-ca	cafe+07	m	cafe
CaFE_192k_2/Joie/Fort/07-J-2-2.aiff	hap	1	fra	fr-ca	cafe+07	m	cafe
CaFE_192k_2/Joie/Fort/07-J-2-3.aiff	hap	1	fra	fr-ca	cafe+07	m	cafe
CaFE_192k_2/Joie/Fort/07-J-2-4.aiff	hap	1	fra	fr-ca	cafe+07	m	cafe
CaFE_192k_2/Joie/Fort/07-J-2-5.aiff	hap	1	fra	fr-ca	cafe+07	m	cafe
CaFE_192k_2/Joie/Fort/07-J-2-6.aiff	hap	1	fra	fr-ca	cafe+07	m	cafe
CaFE_192k_2/Joie/Fort/08-J-2-1.aiff	hap	1	fra	fr-ca	cafe+08	f	cafe
CaFE_192k_2/Joie/Fort/08-J-2-2.aiff	hap	1	fra	fr-ca	cafe+08	f	cafe
CaFE_192k_2/Joie/Fort/08-J-2-3.aiff	hap	1	fra	fr-ca	cafe+08	f	cafe
CaFE_192k_2/Joie/Fort/08-J-2-4.aiff	hap	1	fra	fr-ca	cafe+08	f	cafe
CaFE_192k_2/Joie/Fort/08-J-2-5.aiff	hap	1	fra	fr-ca	cafe+08	f	cafe
CaFE_192k_2/Joie/Fort/08-J-2-6.aiff	hap	1	fra	fr-ca	cafe+08	f	cafe
CaFE_192k_2/Joie/Fort/09-J-2-1.aiff	hap	1	fra	fr-ca	cafe+09	m	cafe
CaFE_192k_2/Joie/Fort/09-J-2-2.aiff	hap	1	fra	fr-ca	cafe+09	m	cafe
CaFE_192k_2/Joie/Fort/09-J-2-3.aiff	hap	1	fra	fr-ca	cafe+09	m	cafe
CaFE_192k_2/Joie/Fort/09-J-2-4.aiff	hap	1	fra	fr-ca	cafe+09	m	cafe
CaFE_192k_2/Joie/Fort/09-J-2-5.aiff	hap	1	fra	fr-ca	cafe+09	m	cafe
CaFE_192k_2/Joie/Fort/09-J-2-6.aiff	hap	1	fra	fr-ca	cafe+09	m	cafe
CaFE_192k_2/Joie/Fort/10-J-2-1.aiff	hap	1	fra	fr-ca	cafe+10	f	cafe
CaFE_192k_2/Joie/Fort/10-J-2-2.aiff	hap	1	fra	fr-ca	cafe+10	f	cafe
CaFE_192k_2/Joie/Fort/10-J-2-3.aiff	hap	1	fra	fr-ca	cafe+10	f	cafe
CaFE_192k_2/Joie/Fort/10-J-2-4.aiff	hap	1	fra	fr-ca	cafe+10	f	cafe
CaFE_192k_2/Joie/Fort/10-J-2-5.aiff	hap	1	fra	fr-ca	cafe+10	f	cafe
CaFE_192k_2/Joie/Fort/10-J-2-6.aiff	hap	1	fra	fr-ca	cafe+10	f	cafe
CaFE_192k_2/Joie/Fort/11-J-2-1.aiff	hap	1	fra	fr-ca	cafe+11	m	cafe
CaFE_192k_2/Joie/Fort/11-J-2-2.aiff	hap	1	fra	fr-ca	cafe+11	m	cafe
CaFE_192k_2/Joie/Fort/11-J-2-3.aiff	hap	1	fra	fr-ca	cafe+11	m	cafe
CaFE_192k_2/Joie/Fort/11-J-2-4.aiff	hap	1	fra	fr-ca	cafe+11	m	cafe
CaFE_192k_2/Joie/Fort/11-J-2-5.aiff	hap	1	fra	fr-ca	cafe+11	m	cafe
CaFE_192k_2/Joie/Fort/11-J-2-6.aiff	hap	1	fra	fr-ca	cafe+11	m	cafe
CaFE_192k_2/Joie/Fort/12-J-2-1.aiff	hap	1	fra	fr-ca	cafe+12	f	cafe
CaFE_192k_2/Joie/Fort/12-J-2-2.aiff	hap	1	fra	fr-ca	cafe+12	f	cafe
CaFE_192k_2/Joie/Fort/12-J-2-3.aiff	hap	1	fra	fr-ca	cafe+12	f	cafe
CaFE_192k_2/Joie/Fort/12-J-2-4.aiff	hap	1	fra	fr-ca	cafe+12	f	cafe
CaFE_192k_2/Joie/Fort/12-J-2-5.aiff	hap	1	fra	fr-ca	cafe+12	f	cafe
CaFE_192k_2/Joie/Fort/12-J-2-6.aiff	hap	1	fra	fr-ca	cafe+12	f	cafe
CaFE_192k_2/Joie/Faible/07-J-1-1.aiff	hap	1	fra	fr-ca	cafe+07	m	cafe
CaFE_192k_2/Joie/Faible/07-J-1-2.aiff	hap	1	fra	fr-ca	cafe+07	m	cafe
CaFE_192k_2/Joie/Faible/07-J-1-3.aiff	hap	1	fra	fr-ca	cafe+07	m	cafe
CaFE_192k_2/Joie/Faible/07-J-1-4.aiff	hap	1	fra	fr-ca	cafe+07	m	cafe
CaFE_192k_2/Joie/Faible/07-J-1-5.aiff	hap	1	fra	fr-ca	cafe+07	m	cafe
CaFE_192k_2/Joie/Faible/07-J-1-6.aiff	hap	1	fra	fr-ca	cafe+07	m	cafe
CaFE_192k_2/Joie/Faible/08-J-1-1.aiff	hap	1	fra	fr-ca	cafe+08	f	cafe
CaFE_192k_2/Joie/Faible/08-J-1-2.aiff	hap	1	fra	fr-ca	cafe+08	f	cafe
CaFE_192k_2/Joie/Faible/08-J-1-3.aiff	hap	1	fra	fr-ca	cafe+08	f	cafe
CaFE_192k_2/Joie/Faible/08-J-1-4.aiff	hap	1	fra	fr-ca	cafe+08	f	cafe
CaFE_192k_2/Joie/Faible/08-J-1-5.aiff	hap	1	fra	fr-ca	cafe+08	f	cafe
CaFE_192k_2/Joie/Faible/08-J-1-6.aiff	hap	1	fra	fr-ca	cafe+08	f	cafe
CaFE_192k_2/Joie/Faible/09-J-1-1.aiff	hap	1	fra	fr-ca	cafe+09	m	cafe
CaFE_192k_2/Joie/Faible/09-J-1-2.aiff	hap	1	fra	fr-ca	cafe+09	m	cafe
CaFE_192k_2/Joie/Faible/09-J-1-3.aiff	hap	1	fra	fr-ca	cafe+09	m	cafe
CaFE_192k_2/Joie/Faible/09-J-1-4.aiff	hap	1	fra	fr-ca	cafe+09	m	cafe
CaFE_192k_2/Joie/Faible/09-J-1-5.aiff	hap	1	fra	fr-ca	cafe+09	m	cafe
CaFE_192k_2/Joie/Faible/09-J-1-6.aiff	hap	1	fra	fr-ca	cafe+09	m	cafe
CaFE_192k_2/Joie/Faible/10-J-1-1.aiff	hap	1	fra	fr-ca	cafe+10	f	cafe
CaFE_192k_2/Joie/Faible/10-J-1-2.aiff	hap	1	fra	fr-ca	cafe+10	f	cafe
CaFE_192k_2/Joie/Faible/10-J-1-3.aiff	hap	1	fra	fr-ca	cafe+10	f	cafe
CaFE_192k_2/Joie/Faible/10-J-1-4.aiff	hap	1	fra	fr-ca	cafe+10	f	cafe
CaFE_192k_2/Joie/Faible/10-J-1-5.aiff	hap	1	fra	fr-ca	cafe+10	f	cafe
CaFE_192k_2/Joie/Faible/10-J-1-6.aiff	hap	1	fra	fr-ca	cafe+10	f	cafe
CaFE_192k_2/Joie/Faible/11-J-1-1.aiff	hap	1	fra	fr-ca	cafe+11	m	cafe
CaFE_192k_2/Joie/Faible/11-J-1-2.aiff	hap	1	fra	fr-ca	cafe+11	m	cafe
CaFE_192k_2/Joie/Faible/11-J-1-3.aiff	hap	1	fra	fr-ca	cafe+11	m	cafe
CaFE_192k_2/Joie/Faible/11-J-1-4.aiff	hap	1	fra	fr-ca	cafe+11	m	cafe
CaFE_192k_2/Joie/Faible/11-J-1-5.aiff	hap	1	fra	fr-ca	cafe+11	m	cafe
CaFE_192k_2/Joie/Faible/11-J-1-6.aiff	hap	1	fra	fr-ca	cafe+11	m	cafe
CaFE_192k_2/Joie/Faible/12-J-1-1.aiff	hap	1	fra	fr-ca	cafe+12	f	cafe
CaFE_192k_2/Joie/Faible/12-J-1-2.aiff	hap	1	fra	fr-ca	cafe+12	f	cafe
CaFE_192k_2/Joie/Faible/12-J-1-3.aiff	hap	1	fra	fr-ca	cafe+12	f	cafe
CaFE_192k_2/Joie/Faible/12-J-1-4.aiff	hap	1	fra	fr-ca	cafe+12	f	cafe
CaFE_192k_2/Joie/Faible/12-J-1-5.aiff	hap	1	fra	fr-ca	cafe+12	f	cafe
CaFE_192k_2/Joie/Faible/12-J-1-6.aiff	hap	1	fra	fr-ca	cafe+12	f	cafe
CaFE_192k_2/Neutre/07-N-1.aiff	neu	0	fra	fr-ca	cafe+07	m	cafe
CaFE_192k_2/Neutre/07-N-2.aiff	neu	0	fra	fr-ca	cafe+07	m	cafe
CaFE_192k_2/Neutre/07-N-3.aiff	neu	0	fra	fr-ca	cafe+07	m	cafe
CaFE_192k_2/Neutre/07-N-4.aiff	neu	0	fra	fr-ca	cafe+07	m	cafe
CaFE_192k_2/Neutre/07-N-5.aiff	neu	0	fra	fr-ca	cafe+07	m	cafe
CaFE_192k_2/Neutre/07-N-6.aiff	neu	0	fra	fr-ca	cafe+07	m	cafe
CaFE_192k_2/Neutre/08-N-1.aiff	neu	0	fra	fr-ca	cafe+08	f	cafe
CaFE_192k_2/Neutre/08-N-2.aiff	neu	0	fra	fr-ca	cafe+08	f	cafe
CaFE_192k_2/Neutre/08-N-3.aiff	neu	0	fra	fr-ca	cafe+08	f	cafe
CaFE_192k_2/Neutre/08-N-4.aiff	neu	0	fra	fr-ca	cafe+08	f	cafe
CaFE_192k_2/Neutre/08-N-5.aiff	neu	0	fra	fr-ca	cafe+08	f	cafe
CaFE_192k_2/Neutre/08-N-6.aiff	neu	0	fra	fr-ca	cafe+08	f	cafe
CaFE_192k_2/Neutre/09-N-1.aiff	neu	0	fra	fr-ca	cafe+09	m	cafe
CaFE_192k_2/Neutre/09-N-2.aiff	neu	0	fra	fr-ca	cafe+09	m	cafe
CaFE_192k_2/Neutre/09-N-3.aiff	neu	0	fra	fr-ca	cafe+09	m	cafe
CaFE_192k_2/Neutre/09-N-4.aiff	neu	0	fra	fr-ca	cafe+09	m	cafe
CaFE_192k_2/Neutre/09-N-5.aiff	neu	0	fra	fr-ca	cafe+09	m	cafe
CaFE_192k_2/Neutre/09-N-6.aiff	neu	0	fra	fr-ca	cafe+09	m	cafe
CaFE_192k_2/Neutre/10-N-1.aiff	neu	0	fra	fr-ca	cafe+10	f	cafe
CaFE_192k_2/Neutre/10-N-2.aiff	neu	0	fra	fr-ca	cafe+10	f	cafe
CaFE_192k_2/Neutre/10-N-3.aiff	neu	0	fra	fr-ca	cafe+10	f	cafe
CaFE_192k_2/Neutre/10-N-4.aiff	neu	0	fra	fr-ca	cafe+10	f	cafe
CaFE_192k_2/Neutre/10-N-5.aiff	neu	0	fra	fr-ca	cafe+10	f	cafe
CaFE_192k_2/Neutre/10-N-6.aiff	neu	0	fra	fr-ca	cafe+10	f	cafe
CaFE_192k_2/Neutre/11-N-1.aiff	neu	0	fra	fr-ca	cafe+11	m	cafe
CaFE_192k_2/Neutre/11-N-2.aiff	neu	0	fra	fr-ca	cafe+11	m	cafe
CaFE_192k_2/Neutre/11-N-3.aiff	neu	0	fra	fr-ca	cafe+11	m	cafe
CaFE_192k_2/Neutre/11-N-4.aiff	neu	0	fra	fr-ca	cafe+11	m	cafe
CaFE_192k_2/Neutre/11-N-5.aiff	neu	0	fra	fr-ca	cafe+11	m	cafe
CaFE_192k_2/Neutre/11-N-6.aiff	neu	0	fra	fr-ca	cafe+11	m	cafe
CaFE_192k_2/Neutre/12-N-1.aiff	neu	0	fra	fr-ca	cafe+12	f	cafe
CaFE_192k_2/Neutre/12-N-2.aiff	neu	0	fra	fr-ca	cafe+12	f	cafe
CaFE_192k_2/Neutre/12-N-3.aiff	neu	0	fra	fr-ca	cafe+12	f	cafe
CaFE_192k_2/Neutre/12-N-4.aiff	neu	0	fra	fr-ca	cafe+12	f	cafe
CaFE_192k_2/Neutre/12-N-5.aiff	neu	0	fra	fr-ca	cafe+12	f	cafe
CaFE_192k_2/Neutre/12-N-6.aiff	neu	0	fra	fr-ca	cafe+12	f	cafe
CaFE_192k_2/Peur/Fort/07-P-2-1.aiff	fea	-1	fra	fr-ca	cafe+07	m	cafe
CaFE_192k_2/Peur/Fort/07-P-2-2.aiff	fea	-1	fra	fr-ca	cafe+07	m	cafe
CaFE_192k_2/Peur/Fort/07-P-2-3.aiff	fea	-1	fra	fr-ca	cafe+07	m	cafe
CaFE_192k_2/Peur/Fort/07-P-2-4.aiff	fea	-1	fra	fr-ca	cafe+07	m	cafe
CaFE_192k_2/Peur/Fort/07-P-2-5.aiff	fea	-1	fra	fr-ca	cafe+07	m	cafe
CaFE_192k_2/Peur/Fort/07-P-2-6.aiff	fea	-1	fra	fr-ca	cafe+07	m	cafe
CaFE_192k_2/Peur/Fort/08-P-2-1.aiff	fea	-1	fra	fr-ca	cafe+08	f	cafe
CaFE_192k_2/Peur/Fort/08-P-2-2.aiff	fea	-1	fra	fr-ca	cafe+08	f	cafe
CaFE_192k_2/Peur/Fort/08-P-2-3.aiff	fea	-1	fra	fr-ca	cafe+08	f	cafe
CaFE_192k_2/Peur/Fort/08-P-2-4.aiff	fea	-1	fra	fr-ca	cafe+08	f	cafe
CaFE_192k_2/Peur/Fort/08-P-2-5.aiff	fea	-1	fra	fr-ca	cafe+08	f	cafe
CaFE_192k_2/Peur/Fort/08-P-2-6.aiff	fea	-1	fra	fr-ca	cafe+08	f	cafe
CaFE_192k_2/Peur/Fort/09-P-2-1.aiff	fea	-1	fra	fr-ca	cafe+09	m	cafe
CaFE_192k_2/Peur/Fort/09-P-2-2.aiff	fea	-1	fra	fr-ca	cafe+09	m	cafe
CaFE_192k_2/Peur/Fort/09-P-2-3.aiff	fea	-1	fra	fr-ca	cafe+09	m	cafe
CaFE_192k_2/Peur/Fort/09-P-2-4.aiff	fea	-1	fra	fr-ca	cafe+09	m	cafe
CaFE_192k_2/Peur/Fort/09-P-2-5.aiff	fea	-1	fra	fr-ca	cafe+09	m	cafe
CaFE_192k_2/Peur/Fort/09-P-2-6.aiff	fea	-1	fra	fr-ca	cafe+09	m	cafe
CaFE_192k_2/Peur/Fort/10-P-2-1.aiff	fea	-1	fra	fr-ca	cafe+10	f	cafe
CaFE_192k_2/Peur/Fort/10-P-2-2.aiff	fea	-1	fra	fr-ca	cafe+10	f	cafe
CaFE_192k_2/Peur/Fort/10-P-2-3.aiff	fea	-1	fra	fr-ca	cafe+10	f	cafe
CaFE_192k_2/Peur/Fort/10-P-2-4.aiff	fea	-1	fra	fr-ca	cafe+10	f	cafe
CaFE_192k_2/Peur/Fort/10-P-2-5.aiff	fea	-1	fra	fr-ca	cafe+10	f	cafe
CaFE_192k_2/Peur/Fort/10-P-2-6.aiff	fea	-1	fra	fr-ca	cafe+10	f	cafe
CaFE_192k_2/Peur/Fort/11-P-2-1.aiff	fea	-1	fra	fr-ca	cafe+11	m	cafe
CaFE_192k_2/Peur/Fort/11-P-2-2.aiff	fea	-1	fra	fr-ca	cafe+11	m	cafe
CaFE_192k_2/Peur/Fort/11-P-2-3.aiff	fea	-1	fra	fr-ca	cafe+11	m	cafe
CaFE_192k_2/Peur/Fort/11-P-2-4.aiff	fea	-1	fra	fr-ca	cafe+11	m	cafe
CaFE_192k_2/Peur/Fort/11-P-2-5.aiff	fea	-1	fra	fr-ca	cafe+11	m	cafe
CaFE_192k_2/Peur/Fort/11-P-2-6.aiff	fea	-1	fra	fr-ca	cafe+11	m	cafe
CaFE_192k_2/Peur/Fort/12-P-2-1.aiff	fea	-1	fra	fr-ca	cafe+12	f	cafe
CaFE_192k_2/Peur/Fort/12-P-2-2.aiff	fea	-1	fra	fr-ca	cafe+12	f	cafe
CaFE_192k_2/Peur/Fort/12-P-2-3.aiff	fea	-1	fra	fr-ca	cafe+12	f	cafe
CaFE_192k_2/Peur/Fort/12-P-2-4.aiff	fea	-1	fra	fr-ca	cafe+12	f	cafe
CaFE_192k_2/Peur/Fort/12-P-2-5.aiff	fea	-1	fra	fr-ca	cafe+12	f	cafe
CaFE_192k_2/Peur/Fort/12-P-2-6.aiff	fea	-1	fra	fr-ca	cafe+12	f	cafe
CaFE_192k_2/Peur/Faible/07-P-1-1.aiff	fea	-1	fra	fr-ca	cafe+07	m	cafe
CaFE_192k_2/Peur/Faible/07-P-1-2.aiff	fea	-1	fra	fr-ca	cafe+07	m	cafe
CaFE_192k_2/Peur/Faible/07-P-1-3.aiff	fea	-1	fra	fr-ca	cafe+07	m	cafe
CaFE_192k_2/Peur/Faible/07-P-1-4.aiff	fea	-1	fra	fr-ca	cafe+07	m	cafe
CaFE_192k_2/Peur/Faible/07-P-1-5.aiff	fea	-1	fra	fr-ca	cafe+07	m	cafe
CaFE_192k_2/Peur/Faible/07-P-1-6.aiff	fea	-1	fra	fr-ca	cafe+07	m	cafe
CaFE_192k_2/Peur/Faible/08-P-1-1.aiff	fea	-1	fra	fr-ca	cafe+08	f	cafe
CaFE_192k_2/Peur/Faible/08-P-1-2.aiff	fea	-1	fra	fr-ca	cafe+08	f	cafe
CaFE_192k_2/Peur/Faible/08-P-1-3.aiff	fea	-1	fra	fr-ca	cafe+08	f	cafe
CaFE_192k_2/Peur/Faible/08-P-1-4.aiff	fea	-1	fra	fr-ca	cafe+08	f	cafe
CaFE_192k_2/Peur/Faible/08-P-1-5.aiff	fea	-1	fra	fr-ca	cafe+08	f	cafe
CaFE_192k_2/Peur/Faible/08-P-1-6.aiff	fea	-1	fra	fr-ca	cafe+08	f	cafe
CaFE_192k_2/Peur/Faible/09-P-1-1.aiff	fea	-1	fra	fr-ca	cafe+09	m	cafe
CaFE_192k_2/Peur/Faible/09-P-1-2.aiff	fea	-1	fra	fr-ca	cafe+09	m	cafe
CaFE_192k_2/Peur/Faible/09-P-1-3.aiff	fea	-1	fra	fr-ca	cafe+09	m	cafe
CaFE_192k_2/Peur/Faible/09-P-1-4.aiff	fea	-1	fra	fr-ca	cafe+09	m	cafe
CaFE_192k_2/Peur/Faible/09-P-1-5.aiff	fea	-1	fra	fr-ca	cafe+09	m	cafe
CaFE_192k_2/Peur/Faible/09-P-1-6.aiff	fea	-1	fra	fr-ca	cafe+09	m	cafe
CaFE_192k_2/Peur/Faible/10-P-1-1.aiff	fea	-1	fra	fr-ca	cafe+10	f	cafe
CaFE_192k_2/Peur/Faible/10-P-1-2.aiff	fea	-1	fra	fr-ca	cafe+10	f	cafe
CaFE_192k_2/Peur/Faible/10-P-1-3.aiff	fea	-1	fra	fr-ca	cafe+10	f	cafe
CaFE_192k_2/Peur/Faible/10-P-1-4.aiff	fea	-1	fra	fr-ca	cafe+10	f	cafe
CaFE_192k_2/Peur/Faible/10-P-1-5.aiff	fea	-1	fra	fr-ca	cafe+10	f	cafe
CaFE_192k_2/Peur/Faible/10-P-1-6.aiff	fea	-1	fra	fr-ca	cafe+10	f	cafe
CaFE_192k_2/Peur/Faible/11-P-1-1.aiff	fea	-1	fra	fr-ca	cafe+11	m	cafe
CaFE_192k_2/Peur/Faible/11-P-1-2.aiff	fea	-1	fra	fr-ca	cafe+11	m	cafe
CaFE_192k_2/Peur/Faible/11-P-1-3.aiff	fea	-1	fra	fr-ca	cafe+11	m	cafe
CaFE_192k_2/Peur/Faible/11-P-1-4.aiff	fea	-1	fra	fr-ca	cafe+11	m	cafe
CaFE_192k_2/Peur/Faible/11-P-1-5.aiff	fea	-1	fra	fr-ca	cafe+11	m	cafe
CaFE_192k_2/Peur/Faible/11-P-1-6.aiff	fea	-1	fra	fr-ca	cafe+11	m	cafe
CaFE_192k_2/Peur/Faible/12-P-1-1.aiff	fea	-1	fra	fr-ca	cafe+12	f	cafe
CaFE_192k_2/Peur/Faible/12-P-1-2.aiff	fea	-1	fra	fr-ca	cafe+12	f	cafe
CaFE_192k_2/Peur/Faible/12-P-1-3.aiff	fea	-1	fra	fr-ca	cafe+12	f	cafe
CaFE_192k_2/Peur/Faible/12-P-1-4.aiff	fea	-1	fra	fr-ca	cafe+12	f	cafe
CaFE_192k_2/Peur/Faible/12-P-1-5.aiff	fea	-1	fra	fr-ca	cafe+12	f	cafe
CaFE_192k_2/Peur/Faible/12-P-1-6.aiff	fea	-1	fra	fr-ca	cafe+12	f	cafe
CaFE_192k_2/Surprise/Fort/07-S-2-1.aiff	sur	-1	fra	fr-ca	cafe+07	m	cafe
CaFE_192k_2/Surprise/Fort/07-S-2-2.aiff	sur	-1	fra	fr-ca	cafe+07	m	cafe
CaFE_192k_2/Surprise/Fort/07-S-2-3.aiff	sur	-1	fra	fr-ca	cafe+07	m	cafe
CaFE_192k_2/Surprise/Fort/07-S-2-4.aiff	sur	-1	fra	fr-ca	cafe+07	m	cafe
CaFE_192k_2/Surprise/Fort/07-S-2-5.aiff	sur	-1	fra	fr-ca	cafe+07	m	cafe
CaFE_192k_2/Surprise/Fort/07-S-2-6.aiff	sur	-1	fra	fr-ca	cafe+07	m	cafe
CaFE_192k_2/Surprise/Fort/08-S-2-1.aiff	sur	-1	fra	fr-ca	cafe+08	f	cafe
CaFE_192k_2/Surprise/Fort/08-S-2-2.aiff	sur	-1	fra	fr-ca	cafe+08	f	cafe
CaFE_192k_2/Surprise/Fort/08-S-2-3.aiff	sur	-1	fra	fr-ca	cafe+08	f	cafe
CaFE_192k_2/Surprise/Fort/08-S-2-4.aiff	sur	-1	fra	fr-ca	cafe+08	f	cafe
CaFE_192k_2/Surprise/Fort/08-S-2-5.aiff	sur	-1	fra	fr-ca	cafe+08	f	cafe
CaFE_192k_2/Surprise/Fort/08-S-2-6.aiff	sur	-1	fra	fr-ca	cafe+08	f	cafe
CaFE_192k_2/Surprise/Fort/09-S-2-1.aiff	sur	-1	fra	fr-ca	cafe+09	m	cafe
CaFE_192k_2/Surprise/Fort/09-S-2-2.aiff	sur	-1	fra	fr-ca	cafe+09	m	cafe
CaFE_192k_2/Surprise/Fort/09-S-2-3.aiff	sur	-1	fra	fr-ca	cafe+09	m	cafe
CaFE_192k_2/Surprise/Fort/09-S-2-4.aiff	sur	-1	fra	fr-ca	cafe+09	m	cafe
CaFE_192k_2/Surprise/Fort/09-S-2-5.aiff	sur	-1	fra	fr-ca	cafe+09	m	cafe
CaFE_192k_2/Surprise/Fort/09-S-2-6.aiff	sur	-1	fra	fr-ca	cafe+09	m	cafe
CaFE_192k_2/Surprise/Fort/10-S-2-1.aiff	sur	-1	fra	fr-ca	cafe+10	f	cafe
CaFE_192k_2/Surprise/Fort/10-S-2-2.aiff	sur	-1	fra	fr-ca	cafe+10	f	cafe
CaFE_192k_2/Surprise/Fort/10-S-2-3.aiff	sur	-1	fra	fr-ca	cafe+10	f	cafe
CaFE_192k_2/Surprise/Fort/10-S-2-4.aiff	sur	-1	fra	fr-ca	cafe+10	f	cafe
CaFE_192k_2/Surprise/Fort/10-S-2-5.aiff	sur	-1	fra	fr-ca	cafe+10	f	cafe
CaFE_192k_2/Surprise/Fort/10-S-2-6.aiff	sur	-1	fra	fr-ca	cafe+10	f	cafe
CaFE_192k_2/Surprise/Fort/11-S-2-1.aiff	sur	-1	fra	fr-ca	cafe+11	m	cafe
CaFE_192k_2/Surprise/Fort/11-S-2-2.aiff	sur	-1	fra	fr-ca	cafe+11	m	cafe
CaFE_192k_2/Surprise/Fort/11-S-2-3.aiff	sur	-1	fra	fr-ca	cafe+11	m	cafe
CaFE_192k_2/Surprise/Fort/11-S-2-4.aiff	sur	-1	fra	fr-ca	cafe+11	m	cafe
CaFE_192k_2/Surprise/Fort/11-S-2-5.aiff	sur	-1	fra	fr-ca	cafe+11	m	cafe
CaFE_192k_2/Surprise/Fort/11-S-2-6.aiff	sur	-1	fra	fr-ca	cafe+11	m	cafe
CaFE_192k_2/Surprise/Fort/12-S-2-1.aiff	sur	-1	fra	fr-ca	cafe+12	f	cafe
CaFE_192k_2/Surprise/Fort/12-S-2-2.aiff	sur	-1	fra	fr-ca	cafe+12	f	cafe
CaFE_192k_2/Surprise/Fort/12-S-2-3.aiff	sur	-1	fra	fr-ca	cafe+12	f	cafe
CaFE_192k_2/Surprise/Fort/12-S-2-4.aiff	sur	-1	fra	fr-ca	cafe+12	f	cafe
CaFE_192k_2/Surprise/Fort/12-S-2-5.aiff	sur	-1	fra	fr-ca	cafe+12	f	cafe
CaFE_192k_2/Surprise/Fort/12-S-2-6.aiff	sur	-1	fra	fr-ca	cafe+12	f	cafe
CaFE_192k_2/Surprise/Faible/07-S-1-1.aiff	sur	-1	fra	fr-ca	cafe+07	m	cafe
CaFE_192k_2/Surprise/Faible/07-S-1-2.aiff	sur	-1	fra	fr-ca	cafe+07	m	cafe
CaFE_192k_2/Surprise/Faible/07-S-1-3.aiff	sur	-1	fra	fr-ca	cafe+07	m	cafe
CaFE_192k_2/Surprise/Faible/07-S-1-4.aiff	sur	-1	fra	fr-ca	cafe+07	m	cafe
CaFE_192k_2/Surprise/Faible/07-S-1-5.aiff	sur	-1	fra	fr-ca	cafe+07	m	cafe
CaFE_192k_2/Surprise/Faible/07-S-1-6.aiff	sur	-1	fra	fr-ca	cafe+07	m	cafe
CaFE_192k_2/Surprise/Faible/08-S-1-1.aiff	sur	-1	fra	fr-ca	cafe+08	f	cafe
CaFE_192k_2/Surprise/Faible/08-S-1-2.aiff	sur	-1	fra	fr-ca	cafe+08	f	cafe
CaFE_192k_2/Surprise/Faible/08-S-1-3.aiff	sur	-1	fra	fr-ca	cafe+08	f	cafe
CaFE_192k_2/Surprise/Faible/08-S-1-4.aiff	sur	-1	fra	fr-ca	cafe+08	f	cafe
CaFE_192k_2/Surprise/Faible/08-S-1-5.aiff	sur	-1	fra	fr-ca	cafe+08	f	cafe
CaFE_192k_2/Surprise/Faible/08-S-1-6.aiff	sur	-1	fra	fr-ca	cafe+08	f	cafe
CaFE_192k_2/Surprise/Faible/09-S-1-1.aiff	sur	-1	fra	fr-ca	cafe+09	m	cafe
CaFE_192k_2/Surprise/Faible/09-S-1-2.aiff	sur	-1	fra	fr-ca	cafe+09	m	cafe
CaFE_192k_2/Surprise/Faible/09-S-1-3.aiff	sur	-1	fra	fr-ca	cafe+09	m	cafe
CaFE_192k_2/Surprise/Faible/09-S-1-4.aiff	sur	-1	fra	fr-ca	cafe+09	m	cafe
CaFE_192k_2/Surprise/Faible/09-S-1-5.aiff	sur	-1	fra	fr-ca	cafe+09	m	cafe
CaFE_192k_2/Surprise/Faible/09-S-1-6.aiff	sur	-1	fra	fr-ca	cafe+09	m	cafe
CaFE_192k_2/Surprise/Faible/10-S-1-1.aiff	sur	-1	fra	fr-ca	cafe+10	f	cafe
CaFE_192k_2/Surprise/Faible/10-S-1-2.aiff	sur	-1	fra	fr-ca	cafe+10	f	cafe
CaFE_192k_2/Surprise/Faible/10-S-1-3.aiff	sur	-1	fra	fr-ca	cafe+10	f	cafe
CaFE_192k_2/Surprise/Faible/10-S-1-4.aiff	sur	-1	fra	fr-ca	cafe+10	f	cafe
CaFE_192k_2/Surprise/Faible/10-S-1-5.aiff	sur	-1	fra	fr-ca	cafe+10	f	cafe
CaFE_192k_2/Surprise/Faible/10-S-1-6.aiff	sur	-1	fra	fr-ca	cafe+10	f	cafe
CaFE_192k_2/Surprise/Faible/11-S-1-1.aiff	sur	-1	fra	fr-ca	cafe+11	m	cafe
CaFE_192k_2/Surprise/Faible/11-S-1-2.aiff	sur	-1	fra	fr-ca	cafe+11	m	cafe
CaFE_192k_2/Surprise/Faible/11-S-1-3.aiff	sur	-1	fra	fr-ca	cafe+11	m	cafe
CaFE_192k_2/Surprise/Faible/11-S-1-4.aiff	sur	-1	fra	fr-ca	cafe+11	m	cafe
CaFE_192k_2/Surprise/Faible/11-S-1-5.aiff	sur	-1	fra	fr-ca	cafe+11	m	cafe
CaFE_192k_2/Surprise/Faible/11-S-1-6.aiff	sur	-1	fra	fr-ca	cafe+11	m	cafe
CaFE_192k_2/Surprise/Faible/12-S-1-1.aiff	sur	-1	fra	fr-ca	cafe+12	f	cafe
CaFE_192k_2/Surprise/Faible/12-S-1-2.aiff	sur	-1	fra	fr-ca	cafe+12	f	cafe
CaFE_192k_2/Surprise/Faible/12-S-1-3.aiff	sur	-1	fra	fr-ca	cafe+12	f	cafe
CaFE_192k_2/Surprise/Faible/12-S-1-4.aiff	sur	-1	fra	fr-ca	cafe+12	f	cafe
CaFE_192k_2/Surprise/Faible/12-S-1-5.aiff	sur	-1	fra	fr-ca	cafe+12	f	cafe
CaFE_192k_2/Surprise/Faible/12-S-1-6.aiff	sur	-1	fra	fr-ca	cafe+12	f	cafe
CaFE_192k_2/Tristesse/Fort/07-T-2-1.aiff	sad	-1	fra	fr-ca	cafe+07	m	cafe
CaFE_192k_2/Tristesse/Fort/07-T-2-2.aiff	sad	-1	fra	fr-ca	cafe+07	m	cafe
CaFE_192k_2/Tristesse/Fort/07-T-2-3.aiff	sad	-1	fra	fr-ca	cafe+07	m	cafe
CaFE_192k_2/Tristesse/Fort/07-T-2-4.aiff	sad	-1	fra	fr-ca	cafe+07	m	cafe
CaFE_192k_2/Tristesse/Fort/07-T-2-5.aiff	sad	-1	fra	fr-ca	cafe+07	m	cafe
CaFE_192k_2/Tristesse/Fort/07-T-2-6.aiff	sad	-1	fra	fr-ca	cafe+07	m	cafe
CaFE_192k_2/Tristesse/Fort/08-T-2-1.aiff	sad	-1	fra	fr-ca	cafe+08	f	cafe
CaFE_192k_2/Tristesse/Fort/08-T-2-2.aiff	sad	-1	fra	fr-ca	cafe+08	f	cafe
CaFE_192k_2/Tristesse/Fort/08-T-2-3.aiff	sad	-1	fra	fr-ca	cafe+08	f	cafe
CaFE_192k_2/Tristesse/Fort/08-T-2-4.aiff	sad	-1	fra	fr-ca	cafe+08	f	cafe
CaFE_192k_2/Tristesse/Fort/08-T-2-5.aiff	sad	-1	fra	fr-ca	cafe+08	f	cafe
CaFE_192k_2/Tristesse/Fort/08-T-2-6.aiff	sad	-1	fra	fr-ca	cafe+08	f	cafe
CaFE_192k_2/Tristesse/Fort/09-T-2-1.aiff	sad	-1	fra	fr-ca	cafe+09	m	cafe
CaFE_192k_2/Tristesse/Fort/09-T-2-2.aiff	sad	-1	fra	fr-ca	cafe+09	m	cafe
CaFE_192k_2/Tristesse/Fort/09-T-2-3.aiff	sad	-1	fra	fr-ca	cafe+09	m	cafe
CaFE_192k_2/Tristesse/Fort/09-T-2-4.aiff	sad	-1	fra	fr-ca	cafe+09	m	cafe
CaFE_192k_2/Tristesse/Fort/09-T-2-5.aiff	sad	-1	fra	fr-ca	cafe+09	m	cafe
CaFE_192k_2/Tristesse/Fort/09-T-2-6.aiff	sad	-1	fra	fr-ca	cafe+09	m	cafe
CaFE_192k_2/Tristesse/Fort/10-T-2-1.aiff	sad	-1	fra	fr-ca	cafe+10	f	cafe
CaFE_192k_2/Tristesse/Fort/10-T-2-2.aiff	sad	-1	fra	fr-ca	cafe+10	f	cafe
CaFE_192k_2/Tristesse/Fort/10-T-2-3.aiff	sad	-1	fra	fr-ca	cafe+10	f	cafe
CaFE_192k_2/Tristesse/Fort/10-T-2-4.aiff	sad	-1	fra	fr-ca	cafe+10	f	cafe
CaFE_192k_2/Tristesse/Fort/10-T-2-5.aiff	sad	-1	fra	fr-ca	cafe+10	f	cafe
CaFE_192k_2/Tristesse/Fort/10-T-2-6.aiff	sad	-1	fra	fr-ca	cafe+10	f	cafe
CaFE_192k_2/Tristesse/Fort/11-T-2-1.aiff	sad	-1	fra	fr-ca	cafe+11	m	cafe
CaFE_192k_2/Tristesse/Fort/11-T-2-2.aiff	sad	-1	fra	fr-ca	cafe+11	m	cafe
CaFE_192k_2/Tristesse/Fort/11-T-2-3.aiff	sad	-1	fra	fr-ca	cafe+11	m	cafe
CaFE_192k_2/Tristesse/Fort/11-T-2-4.aiff	sad	-1	fra	fr-ca	cafe+11	m	cafe
CaFE_192k_2/Tristesse/Fort/11-T-2-5.aiff	sad	-1	fra	fr-ca	cafe+11	m	cafe
CaFE_192k_2/Tristesse/Fort/11-T-2-6.aiff	sad	-1	fra	fr-ca	cafe+11	m	cafe
CaFE_192k_2/Tristesse/Fort/12-T-2-1.aiff	sad	-1	fra	fr-ca	cafe+12	f	cafe
CaFE_192k_2/Tristesse/Fort/12-T-2-2.aiff	sad	-1	fra	fr-ca	cafe+12	f	cafe
CaFE_192k_2/Tristesse/Fort/12-T-2-3.aiff	sad	-1	fra	fr-ca	cafe+12	f	cafe
CaFE_192k_2/Tristesse/Fort/12-T-2-4.aiff	sad	-1	fra	fr-ca	cafe+12	f	cafe
CaFE_192k_2/Tristesse/Fort/12-T-2-5.aiff	sad	-1	fra	fr-ca	cafe+12	f	cafe
CaFE_192k_2/Tristesse/Fort/12-T-2-6.aiff	sad	-1	fra	fr-ca	cafe+12	f	cafe
CaFE_192k_2/Tristesse/Faible/07-T-1-1.aiff	sad	-1	fra	fr-ca	cafe+07	m	cafe
CaFE_192k_2/Tristesse/Faible/07-T-1-2.aiff	sad	-1	fra	fr-ca	cafe+07	m	cafe
CaFE_192k_2/Tristesse/Faible/07-T-1-3.aiff	sad	-1	fra	fr-ca	cafe+07	m	cafe
CaFE_192k_2/Tristesse/Faible/07-T-1-4.aiff	sad	-1	fra	fr-ca	cafe+07	m	cafe
CaFE_192k_2/Tristesse/Faible/07-T-1-5.aiff	sad	-1	fra	fr-ca	cafe+07	m	cafe
CaFE_192k_2/Tristesse/Faible/07-T-1-6.aiff	sad	-1	fra	fr-ca	cafe+07	m	cafe
CaFE_192k_2/Tristesse/Faible/08-T-1-1.aiff	sad	-1	fra	fr-ca	cafe+08	f	cafe
CaFE_192k_2/Tristesse/Faible/08-T-1-2.aiff	sad	-1	fra	fr-ca	cafe+08	f	cafe
CaFE_192k_2/Tristesse/Faible/08-T-1-3.aiff	sad	-1	fra	fr-ca	cafe+08	f	cafe
CaFE_192k_2/Tristesse/Faible/08-T-1-4.aiff	sad	-1	fra	fr-ca	cafe+08	f	cafe
CaFE_192k_2/Tristesse/Faible/08-T-1-5.aiff	sad	-1	fra	fr-ca	cafe+08	f	cafe
CaFE_192k_2/Tristesse/Faible/08-T-1-6.aiff	sad	-1	fra	fr-ca	cafe+08	f	cafe
CaFE_192k_2/Tristesse/Faible/09-T-1-1.aiff	sad	-1	fra	fr-ca	cafe+09	m	cafe
CaFE_192k_2/Tristesse/Faible/09-T-1-2.aiff	sad	-1	fra	fr-ca	cafe+09	m	cafe
CaFE_192k_2/Tristesse/Faible/09-T-1-3.aiff	sad	-1	fra	fr-ca	cafe+09	m	cafe
CaFE_192k_2/Tristesse/Faible/09-T-1-4.aiff	sad	-1	fra	fr-ca	cafe+09	m	cafe
CaFE_192k_2/Tristesse/Faible/09-T-1-5.aiff	sad	-1	fra	fr-ca	cafe+09	m	cafe
CaFE_192k_2/Tristesse/Faible/09-T-1-6.aiff	sad	-1	fra	fr-ca	cafe+09	m	cafe
CaFE_192k_2/Tristesse/Faible/10-T-1-1.aiff	sad	-1	fra	fr-ca	cafe+10	f	cafe
CaFE_192k_2/Tristesse/Faible/10-T-1-2.aiff	sad	-1	fra	fr-ca	cafe+10	f	cafe
CaFE_192k_2/Tristesse/Faible/10-T-1-3.aiff	sad	-1	fra	fr-ca	cafe+10	f	cafe
CaFE_192k_2/Tristesse/Faible/10-T-1-4.aiff	sad	-1	fra	fr-ca	cafe+10	f	cafe
CaFE_192k_2/Tristesse/Faible/10-T-1-5.aiff	sad	-1	fra	fr-ca	cafe+10	f	cafe
CaFE_192k_2/Tristesse/Faible/10-T-1-6.aiff	sad	-1	fra	fr-ca	cafe+10	f	cafe
CaFE_192k_2/Tristesse/Faible/11-T-1-1.aiff	sad	-1	fra	fr-ca	cafe+11	m	cafe
CaFE_192k_2/Tristesse/Faible/11-T-1-2.aiff	sad	-1	fra	fr-ca	cafe+11	m	cafe
CaFE_192k_2/Tristesse/Faible/11-T-1-3.aiff	sad	-1	fra	fr-ca	cafe+11	m	cafe
CaFE_192k_2/Tristesse/Faible/11-T-1-4.aiff	sad	-1	fra	fr-ca	cafe+11	m	cafe
CaFE_192k_2/Tristesse/Faible/11-T-1-5.aiff	sad	-1	fra	fr-ca	cafe+11	m	cafe
CaFE_192k_2/Tristesse/Faible/11-T-1-6.aiff	sad	-1	fra	fr-ca	cafe+11	m	cafe
CaFE_192k_2/Tristesse/Faible/12-T-1-1.aiff	sad	-1	fra	fr-ca	cafe+12	f	cafe
CaFE_192k_2/Tristesse/Faible/12-T-1-2.aiff	sad	-1	fra	fr-ca	cafe+12	f	cafe
CaFE_192k_2/Tristesse/Faible/12-T-1-3.aiff	sad	-1	fra	fr-ca	cafe+12	f	cafe
CaFE_192k_2/Tristesse/Faible/12-T-1-4.aiff	sad	-1	fra	fr-ca	cafe+12	f	cafe
CaFE_192k_2/Tristesse/Faible/12-T-1-5.aiff	sad	-1	fra	fr-ca	cafe+12	f	cafe
CaFE_192k_2/Tristesse/Faible/12-T-1-6.aiff	sad	-1	fra	fr-ca	cafe+12	f	cafe
