ab/Wavfiles/4emo_ab_angry_01_001.wav	ang	-1	eng	en-us	m	Emotional_EMA
ab/Wavfiles/4emo_ab_angry_03_003.wav	ang	-1	eng	en-us	m	Emotional_EMA
ab/Wavfiles/4emo_ab_angry_06_006.wav	ang	-1	eng	en-us	m	Emotional_EMA
ab/Wavfiles/4emo_ab_angry_07_007.wav	ang	-1	eng	en-us	m	Emotional_EMA
ab/Wavfiles/4emo_ab_angry_08_008.wav	ang	-1	eng	en-us	m	Emotional_EMA
ab/Wavfiles/4emo_ab_angry_10_010.wav	ang	-1	eng	en-us	m	Emotional_EMA
ab/Wavfiles/4emo_ab_angry_11_011.wav	ang	-1	eng	en-us	m	Emotional_EMA
ab/Wavfiles/4emo_ab_angry_14_015.wav	ang	-1	eng	en-us	m	Emotional_EMA
ab/Wavfiles/4emo_ab_angry_15_016.wav	ang	-1	eng	en-us	m	Emotional_EMA
ab/Wavfiles/4emo_ab_angry_16_017.wav	ang	-1	eng	en-us	m	Emotional_EMA
ab/Wavfiles/4emo_ab_angry_17_018.wav	ang	-1	eng	en-us	m	Emotional_EMA
ab/Wavfiles/4emo_ab_angry_18_019.wav	ang	-1	eng	en-us	m	Emotional_EMA
ab/Wavfiles/4emo_ab_angry_19_020.wav	ang	-1	eng	en-us	m	Emotional_EMA
ab/Wavfiles/4emo_ab_angry_20_021.wav	ang	-1	eng	en-us	m	Emotional_EMA
ab/Wavfiles/4emo_ab_angry_24_026.wav	ang	-1	eng	en-us	m	Emotional_EMA
ab/Wavfiles/4emo_ab_angry_25_027.wav	ang	-1	eng	en-us	m	Emotional_EMA
ab/Wavfiles/4emo_ab_angry_26_028.wav	ang	-1	eng	en-us	m	Emotional_EMA
ab/Wavfiles/4emo_ab_angry_27_029.wav	ang	-1	eng	en-us	m	Emotional_EMA
ab/Wavfiles/4emo_ab_angry_29_033.wav	ang	-1	eng	en-us	m	Emotional_EMA
ab/Wavfiles/4emo_ab_angry_31_035.wav	ang	-1	eng	en-us	m	Emotional_EMA
ab/Wavfiles/4emo_ab_angry_33_037.wav	ang	-1	eng	en-us	m	Emotional_EMA
ab/Wavfiles/4emo_ab_angry_35_039.wav	ang	-1	eng	en-us	m	Emotional_EMA
ab/Wavfiles/4emo_ab_angry_36_040.wav	ang	-1	eng	en-us	m	Emotional_EMA
ab/Wavfiles/4emo_ab_angry_37_041.wav	ang	-1	eng	en-us	m	Emotional_EMA
ab/Wavfiles/4emo_ab_angry_38_042.wav	ang	-1	eng	en-us	m	Emotional_EMA
ab/Wavfiles/4emo_ab_angry_39_044.wav	ang	-1	eng	en-us	m	Emotional_EMA
ab/Wavfiles/4emo_ab_angry_40_045.wav	ang	-1	eng	en-us	m	Emotional_EMA
ab/Wavfiles/4emo_ab_angry_41_046.wav	ang	-1	eng	en-us	m	Emotional_EMA
ab/Wavfiles/4emo_ab_angry_44_049.wav	ang	-1	eng	en-us	m	Emotional_EMA
ab/Wavfiles/4emo_ab_angry_45_050.wav	ang	-1	eng	en-us	m	Emotional_EMA
ab/Wavfiles/4emo_ab_angry_46_051.wav	ang	-1	eng	en-us	m	Emotional_EMA
ab/Wavfiles/4emo_ab_angry_48_053.wav	ang	-1	eng	en-us	m	Emotional_EMA
ab/Wavfiles/4emo_ab_angry_49_054.wav	ang	-1	eng	en-us	m	Emotional_EMA
ab/Wavfiles/4emo_ab_angry_51_058.wav	ang	-1	eng	en-us	m	Emotional_EMA
ab/Wavfiles/4emo_ab_angry_52_059.wav	ang	-1	eng	en-us	m	Emotional_EMA
ab/Wavfiles/4emo_ab_angry_54_061.wav	ang	-1	eng	en-us	m	Emotional_EMA
ab/Wavfiles/4emo_ab_angry_55_062.wav	ang	-1	eng	en-us	m	Emotional_EMA
ab/Wavfiles/4emo_ab_angry_57_064.wav	ang	-1	eng	en-us	m	Emotional_EMA
ab/Wavfiles/4emo_ab_angry_59_066.wav	ang	-1	eng	en-us	m	Emotional_EMA
ab/Wavfiles/4emo_ab_angry_62_069.wav	ang	-1	eng	en-us	m	Emotional_EMA
ab/Wavfiles/4emo_ab_angry_64_071.wav	ang	-1	eng	en-us	m	Emotional_EMA
ab/Wavfiles/4emo_ab_angry_66_075.wav	ang	-1	eng	en-us	m	Emotional_EMA
ab/Wavfiles/4emo_ab_angry_67_076.wav	ang	-1	eng	en-us	m	Emotional_EMA
ab/Wavfiles/4emo_ab_angry_68_077.wav	ang	-1	eng	en-us	m	Emotional_EMA
ab/Wavfiles/4emo_ab_angry_69_078.wav	ang	-1	eng	en-us	m	Emotional_EMA
ab/Wavfiles/4emo_ab_angry_70_079.wav	ang	-1	eng	en-us	m	Emotional_EMA
ab/Wavfiles/4emo_ab_happy_02_002.wav	hap	1	eng	en-us	m	Emotional_EMA
ab/Wavfiles/4emo_ab_happy_04_004.wav	hap	1	eng	en-us	m	Emotional_EMA
ab/Wavfiles/4emo_ab_happy_07_008.wav	hap	1	eng	en-us	m	Emotional_EMA
ab/Wavfiles/4emo_ab_happy_10_012.wav	hap	1	eng	en-us	m	Emotional_EMA
ab/Wavfiles/4emo_ab_happy_11_013.wav	hap	1	eng	en-us	m	Emotional_EMA
ab/Wavfiles/4emo_ab_happy_14_016.wav	hap	1	eng	en-us	m	Emotional_EMA
ab/Wavfiles/4emo_ab_happy_15_017.wav	hap	1	eng	en-us	m	Emotional_EMA
ab/Wavfiles/4emo_ab_happy_17_019.wav	hap	1	eng	en-us	m	Emotional_EMA
ab/Wavfiles/4emo_ab_happy_18_020.wav	hap	1	eng	en-us	m	Emotional_EMA
ab/Wavfiles/4emo_ab_happy_20_022.wav	hap	1	eng	en-us	m	Emotional_EMA
ab/Wavfiles/4emo_ab_happy_23_025.wav	hap	1	eng	en-us	m	Emotional_EMA
ab/Wavfiles/4emo_ab_happy_25_027.wav	hap	1	eng	en-us	m	Emotional_EMA
ab/Wavfiles/4emo_ab_happy_28_031.wav	hap	1	eng	en-us	m	Emotional_EMA
ab/Wavfiles/4emo_ab_happy_29_032.wav	hap	1	eng	en-us	m	Emotional_EMA
ab/Wavfiles/4emo_ab_happy_30_033.wav	hap	1	eng	en-us	m	Emotional_EMA
ab/Wavfiles/4emo_ab_happy_32_035.wav	hap	1	eng	en-us	m	Emotional_EMA
ab/Wavfiles/4emo_ab_happy_34_037.wav	hap	1	eng	en-us	m	Emotional_EMA
ab/Wavfiles/4emo_ab_happy_38_041.wav	hap	1	eng	en-us	m	Emotional_EMA
ab/Wavfiles/4emo_ab_happy_39_042.wav	hap	1	eng	en-us	m	Emotional_EMA
ab/Wavfiles/4emo_ab_happy_41_044.wav	hap	1	eng	en-us	m	Emotional_EMA
ab/Wavfiles/4emo_ab_happy_42_045.wav	hap	1	eng	en-us	m	Emotional_EMA
ab/Wavfiles/4emo_ab_happy_43_046.wav	hap	1	eng	en-us	m	Emotional_EMA
ab/Wavfiles/4emo_ab_happy_45_048.wav	hap	1	eng	en-us	m	Emotional_EMA
ab/Wavfiles/4emo_ab_happy_46_049.wav	hap	1	eng	en-us	m	Emotional_EMA
ab/Wavfiles/4emo_ab_happy_47_050.wav	hap	1	eng	en-us	m	Emotional_EMA
ab/Wavfiles/4emo_ab_happy_48_051.wav	hap	1	eng	en-us	m	Emotional_EMA
ab/Wavfiles/4emo_ab_happy_49_052.wav	hap	1	eng	en-us	m	Emotional_EMA
ab/Wavfiles/4emo_ab_happy_50_053.wav	hap	1	eng	en-us	m	Emotional_EMA
ab/Wavfiles/4emo_ab_happy_52_055.wav	hap	1	eng	en-us	m	Emotional_EMA
ab/Wavfiles/4emo_ab_happy_53_056.wav	hap	1	eng	en-us	m	Emotional_EMA
ab/Wavfiles/4emo_ab_happy_56_059.wav	hap	1	eng	en-us	m	Emotional_EMA
ab/Wavfiles/4emo_ab_happy_57_060.wav	hap	1	eng	en-us	m	Emotional_EMA
ab/Wavfiles/4emo_ab_happy_58_061.wav	hap	1	eng	en-us	m	Emotional_EMA
ab/Wavfiles/4emo_ab_happy_60_063.wav	hap	1	eng	en-us	m	Emotional_EMA
ab/Wavfiles/4emo_ab_happy_61_064.wav	hap	1	eng	en-us	m	Emotional_EMA
ab/Wavfiles/4emo_ab_happy_62_065.wav	hap	1	eng	en-us	m	Emotional_EMA
ab/Wavfiles/4emo_ab_happy_64_067.wav	hap	1	eng	en-us	m	Emotional_EMA
ab/Wavfiles/4emo_ab_happy_65_068.wav	hap	1	eng	en-us	m	Emotional_EMA
ab/Wavfiles/4emo_ab_happy_67_070.wav	hap	1	eng	en-us	m	Emotional_EMA
ab/Wavfiles/4emo_ab_happy_68_071.wav	hap	1	eng	en-us	m	Emotional_EMA
ab/Wavfiles/4emo_ab_happy_70_073.wav	hap	1	eng	en-us	m	Emotional_EMA
ab/Wavfiles/4emo_ab_neutral_01_001.wav	neu	0	eng	en-us	m	Emotional_EMA
ab/Wavfiles/4emo_ab_neutral_02_002.wav	neu	0	eng	en-us	m	Emotional_EMA
ab/Wavfiles/4emo_ab_neutral_04_004.wav	neu	0	eng	en-us	m	Emotional_EMA
ab/Wavfiles/4emo_ab_neutral_05_005.wav	neu	0	eng	en-us	m	Emotional_EMA
ab/Wavfiles/4emo_ab_neutral_08_008.wav	neu	0	eng	en-us	m	Emotional_EMA
ab/Wavfiles/4emo_ab_neutral_09_009.wav	neu	0	eng	en-us	m	Emotional_EMA
ab/Wavfiles/4emo_ab_neutral_10_010.wav	neu	0	eng	en-us	m	Emotional_EMA
ab/Wavfiles/4emo_ab_neutral_12_012.wav	neu	0	eng	en-us	m	Emotional_EMA
ab/Wavfiles/4emo_ab_neutral_15_016.wav	neu	0	eng	en-us	m	Emotional_EMA
ab/Wavfiles/4emo_ab_neutral_16_021.wav	neu	0	eng	en-us	m	Emotional_EMA
ab/Wavfiles/4emo_ab_neutral_17_022.wav	neu	0	eng	en-us	m	Emotional_EMA
ab/Wavfiles/4emo_ab_neutral_18_023.wav	neu	0	eng	en-us	m	Emotional_EMA
ab/Wavfiles/4emo_ab_neutral_20_025.wav	neu	0	eng	en-us	m	Emotional_EMA
ab/Wavfiles/4emo_ab_neutral_22_027.wav	neu	0	eng	en-us	m	Emotional_EMA
ab/Wavfiles/4emo_ab_neutral_23_028.wav	neu	0	eng	en-us	m	Emotional_EMA
ab/Wavfiles/4emo_ab_neutral_24_029.wav	neu	0	eng	en-us	m	Emotional_EMA
ab/Wavfiles/4emo_ab_neutral_27_033.wav	neu	0	eng	en-us	m	Emotional_EMA
ab/Wavfiles/4emo_ab_neutral_30_039.wav	neu	0	eng	en-us	m	Emotional_EMA
ab/Wavfiles/4emo_ab_neutral_32_041.wav	neu	0	eng	en-us	m	Emotional_EMA
ab/Wavfiles/4emo_ab_neutral_33_042.wav	neu	0	eng	en-us	m	Emotional_EMA
ab/Wavfiles/4emo_ab_neutral_34_043.wav	neu	0	eng	en-us	m	Emotional_EMA
ab/Wavfiles/4emo_ab_neutral_36_045.wav	neu	0	eng	en-us	m	Emotional_EMA
ab/Wavfiles/4emo_ab_neutral_37_046.wav	neu	0	eng	en-us	m	Emotional_EMA
ab/Wavfiles/4emo_ab_neutral_39_048.wav	neu	0	eng	en-us	m	Emotional_EMA
ab/Wavfiles/4emo_ab_neutral_40_049.wav	neu	0	eng	en-us	m	Emotional_EMA
ab/Wavfiles/4emo_ab_neutral_41_050.wav	neu	0	eng	en-us	m	Emotional_EMA
ab/Wavfiles/4emo_ab_neutral_42_051.wav	neu	0	eng	en-us	m	Emotional_EMA
ab/Wavfiles/4emo_ab_neutral_43_052.wav	neu	0	eng	en-us	m	Emotional_EMA
ab/Wavfiles/4emo_ab_neutral_46_055.wav	neu	0	eng	en-us	m	Emotional_EMA
ab/Wavfiles/4emo_ab_neutral_48_057.wav	neu	0	eng	en-us	m	Emotional_EMA
ab/Wavfiles/4emo_ab_neutral_49_058.wav	neu	0	eng	en-us	m	Emotional_EMA
ab/Wavfiles/4emo_ab_neutral_50_059.wav	neu	0	eng	en-us	m	Emotional_EMA
ab/Wavfiles/4emo_ab_neutral_51_060.wav	neu	0	eng	en-us	m	Emotional_EMA
ab/Wavfiles/4emo_ab_neutral_53_062.wav	neu	0	eng	en-us	m	Emotional_EMA
ab/Wavfiles/4emo_ab_neutral_54_063.wav	neu	0	eng	en-us	m	Emotional_EMA
ab/Wavfiles/4emo_ab_neutral_55_064.wav	neu	0	eng	en-us	m	Emotional_EMA
ab/Wavfiles/4emo_ab_neutral_56_065.wav	neu	0	eng	en-us	m	Emotional_EMA
ab/Wavfiles/4emo_ab_neutral_57_066.wav	neu	0	eng	en-us	m	Emotional_EMA
ab/Wavfiles/4emo_ab_neutral_58_067.wav	neu	0	eng	en-us	m	Emotional_EMA
ab/Wavfiles/4emo_ab_neutral_59_068.wav	neu	0	eng	en-us	m	Emotional_EMA
ab/Wavfiles/4emo_ab_neutral_62_071.wav	neu	0	eng	en-us	m	Emotional_EMA
ab/Wavfiles/4emo_ab_neutral_63_072.wav	neu	0	eng	en-us	m	Emotional_EMA
ab/Wavfiles/4emo_ab_neutral_64_073.wav	neu	0	eng	en-us	m	Emotional_EMA
ab/Wavfiles/4emo_ab_neutral_65_074.wav	neu	0	eng	en-us	m	Emotional_EMA
ab/Wavfiles/4emo_ab_neutral_66_075.wav	neu	0	eng	en-us	m	Emotional_EMA
ab/Wavfiles/4emo_ab_neutral_68_077.wav	neu	0	eng	en-us	m	Emotional_EMA
ab/Wavfiles/4emo_ab_neutral_70_080.wav	neu	0	eng	en-us	m	Emotional_EMA
ab/Wavfiles/4emo_ab_sad_01_001.wav	sad	-1	eng	en-us	m	Emotional_EMA
ab/Wavfiles/4emo_ab_sad_02_002.wav	sad	-1	eng	en-us	m	Emotional_EMA
ab/Wavfiles/4emo_ab_sad_03_003.wav	sad	-1	eng	en-us	m	Emotional_EMA
ab/Wavfiles/4emo_ab_sad_04_005.wav	sad	-1	eng	en-us	m	Emotional_EMA
ab/Wavfiles/4emo_ab_sad_05_006.wav	sad	-1	eng	en-us	m	Emotional_EMA
ab/Wavfiles/4emo_ab_sad_06_007.wav	sad	-1	eng	en-us	m	Emotional_EMA
ab/Wavfiles/4emo_ab_sad_07_008.wav	sad	-1	eng	en-us	m	Emotional_EMA
ab/Wavfiles/4emo_ab_sad_10_011.wav	sad	-1	eng	en-us	m	Emotional_EMA
ab/Wavfiles/4emo_ab_sad_11_012.wav	sad	-1	eng	en-us	m	Emotional_EMA
ab/Wavfiles/4emo_ab_sad_12_013.wav	sad	-1	eng	en-us	m	Emotional_EMA
ab/Wavfiles/4emo_ab_sad_13_015.wav	sad	-1	eng	en-us	m	Emotional_EMA
ab/Wavfiles/4emo_ab_sad_14_016.wav	sad	-1	eng	en-us	m	Emotional_EMA
ab/Wavfiles/4emo_ab_sad_15_017.wav	sad	-1	eng	en-us	m	Emotional_EMA
ab/Wavfiles/4emo_ab_sad_16_018.wav	sad	-1	eng	en-us	m	Emotional_EMA
ab/Wavfiles/4emo_ab_sad_17_019.wav	sad	-1	eng	en-us	m	Emotional_EMA
ab/Wavfiles/4emo_ab_sad_18_020.wav	sad	-1	eng	en-us	m	Emotional_EMA
ab/Wavfiles/4emo_ab_sad_19_021.wav	sad	-1	eng	en-us	m	Emotional_EMA
ab/Wavfiles/4emo_ab_sad_20_022.wav	sad	-1	eng	en-us	m	Emotional_EMA
ab/Wavfiles/4emo_ab_sad_21_023.wav	sad	-1	eng	en-us	m	Emotional_EMA
ab/Wavfiles/4emo_ab_sad_22_024.wav	sad	-1	eng	en-us	m	Emotional_EMA
ab/Wavfiles/4emo_ab_sad_23_026.wav	sad	-1	eng	en-us	m	Emotional_EMA
ab/Wavfiles/4emo_ab_sad_24_027.wav	sad	-1	eng	en-us	m	Emotional_EMA
ab/Wavfiles/4emo_ab_sad_25_028.wav	sad	-1	eng	en-us	m	Emotional_EMA
ab/Wavfiles/4emo_ab_sad_26_029.wav	sad	-1	eng	en-us	m	Emotional_EMA
ab/Wavfiles/4emo_ab_sad_27_030.wav	sad	-1	eng	en-us	m	Emotional_EMA
ab/Wavfiles/4emo_ab_sad_28_031.wav	sad	-1	eng	en-us	m	Emotional_EMA
ab/Wavfiles/4emo_ab_sad_29_032.wav	sad	-1	eng	en-us	m	Emotional_EMA
ab/Wavfiles/4emo_ab_sad_30_033.wav	sad	-1	eng	en-us	m	Emotional_EMA
ab/Wavfiles/4emo_ab_sad_31_034.wav	sad	-1	eng	en-us	m	Emotional_EMA
ab/Wavfiles/4emo_ab_sad_32_035.wav	sad	-1	eng	en-us	m	Emotional_EMA
ab/Wavfiles/4emo_ab_sad_33_036.wav	sad	-1	eng	en-us	m	Emotional_EMA
ab/Wavfiles/4emo_ab_sad_34_037.wav	sad	-1	eng	en-us	m	Emotional_EMA
ab/Wavfiles/4emo_ab_sad_35_038.wav	sad	-1	eng	en-us	m	Emotional_EMA
ab/Wavfiles/4emo_ab_sad_36_039.wav	sad	-1	eng	en-us	m	Emotional_EMA
ab/Wavfiles/4emo_ab_sad_37_040.wav	sad	-1	eng	en-us	m	Emotional_EMA
ab/Wavfiles/4emo_ab_sad_38_041.wav	sad	-1	eng	en-us	m	Emotional_EMA
ab/Wavfiles/4emo_ab_sad_39_042.wav	sad	-1	eng	en-us	m	Emotional_EMA
ab/Wavfiles/4emo_ab_sad_40_043.wav	sad	-1	eng	en-us	m	Emotional_EMA
ab/Wavfiles/4emo_ab_sad_41_044.wav	sad	-1	eng	en-us	m	Emotional_EMA
ab/Wavfiles/4emo_ab_sad_42_045.wav	sad	-1	eng	en-us	m	Emotional_EMA
ab/Wavfiles/4emo_ab_sad_43_046.wav	sad	-1	eng	en-us	m	Emotional_EMA
ab/Wavfiles/4emo_ab_sad_44_047.wav	sad	-1	eng	en-us	m	Emotional_EMA
ab/Wavfiles/4emo_ab_sad_45_048.wav	sad	-1	eng	en-us	m	Emotional_EMA
ab/Wavfiles/4emo_ab_sad_46_049.wav	sad	-1	eng	en-us	m	Emotional_EMA
ab/Wavfiles/4emo_ab_sad_47_050.wav	sad	-1	eng	en-us	m	Emotional_EMA
ab/Wavfiles/4emo_ab_sad_48_051.wav	sad	-1	eng	en-us	m	Emotional_EMA
ab/Wavfiles/4emo_ab_sad_49_052.wav	sad	-1	eng	en-us	m	Emotional_EMA
ab/Wavfiles/4emo_ab_sad_50_053.wav	sad	-1	eng	en-us	m	Emotional_EMA
ab/Wavfiles/4emo_ab_sad_52_056.wav	sad	-1	eng	en-us	m	Emotional_EMA
ab/Wavfiles/4emo_ab_sad_53_057.wav	sad	-1	eng	en-us	m	Emotional_EMA
ab/Wavfiles/4emo_ab_sad_54_058.wav	sad	-1	eng	en-us	m	Emotional_EMA
ab/Wavfiles/4emo_ab_sad_55_059.wav	sad	-1	eng	en-us	m	Emotional_EMA
ab/Wavfiles/4emo_ab_sad_56_060.wav	sad	-1	eng	en-us	m	Emotional_EMA
ab/Wavfiles/4emo_ab_sad_57_061.wav	sad	-1	eng	en-us	m	Emotional_EMA
ab/Wavfiles/4emo_ab_sad_58_062.wav	sad	-1	eng	en-us	m	Emotional_EMA
ab/Wavfiles/4emo_ab_sad_60_064.wav	sad	-1	eng	en-us	m	Emotional_EMA
ab/Wavfiles/4emo_ab_sad_61_065.wav	sad	-1	eng	en-us	m	Emotional_EMA
ab/Wavfiles/4emo_ab_sad_62_067.wav	sad	-1	eng	en-us	m	Emotional_EMA
ab/Wavfiles/4emo_ab_sad_63_068.wav	sad	-1	eng	en-us	m	Emotional_EMA
ab/Wavfiles/4emo_ab_sad_64_069.wav	sad	-1	eng	en-us	m	Emotional_EMA
ab/Wavfiles/4emo_ab_sad_65_070.wav	sad	-1	eng	en-us	m	Emotional_EMA
ab/Wavfiles/4emo_ab_sad_66_071.wav	sad	-1	eng	en-us	m	Emotional_EMA
ab/Wavfiles/4emo_ab_sad_67_072.wav	sad	-1	eng	en-us	m	Emotional_EMA
ab/Wavfiles/4emo_ab_sad_68_073.wav	sad	-1	eng	en-us	m	Emotional_EMA
ab/Wavfiles/4emo_ab_sad_69_074.wav	sad	-1	eng	en-us	m	Emotional_EMA
ab/Wavfiles/4emo_ab_sad_70_075.wav	sad	-1	eng	en-us	m	Emotional_EMA
jn/Wavfiles/4emo_jn_angry_01.wav	ang	-1	eng	en-us	f	Emotional_EMA
jn/Wavfiles/4emo_jn_angry_02.wav	ang	-1	eng	en-us	f	Emotional_EMA
jn/Wavfiles/4emo_jn_angry_04.wav	ang	-1	eng	en-us	f	Emotional_EMA
jn/Wavfiles/4emo_jn_angry_07.wav	ang	-1	eng	en-us	f	Emotional_EMA
jn/Wavfiles/4emo_jn_angry_08.wav	ang	-1	eng	en-us	f	Emotional_EMA
jn/Wavfiles/4emo_jn_angry_09.wav	ang	-1	eng	en-us	f	Emotional_EMA
jn/Wavfiles/4emo_jn_angry_10.wav	ang	-1	eng	en-us	f	Emotional_EMA
jn/Wavfiles/4emo_jn_angry_11.wav	ang	-1	eng	en-us	f	Emotional_EMA
jn/Wavfiles/4emo_jn_angry_12.wav	ang	-1	eng	en-us	f	Emotional_EMA
jn/Wavfiles/4emo_jn_angry_13.wav	ang	-1	eng	en-us	f	Emotional_EMA
jn/Wavfiles/4emo_jn_angry_14.wav	ang	-1	eng	en-us	f	Emotional_EMA
jn/Wavfiles/4emo_jn_angry_15.wav	ang	-1	eng	en-us	f	Emotional_EMA
jn/Wavfiles/4emo_jn_angry_16.wav	ang	-1	eng	en-us	f	Emotional_EMA
jn/Wavfiles/4emo_jn_angry_17.wav	ang	-1	eng	en-us	f	Emotional_EMA
jn/Wavfiles/4emo_jn_angry_19.wav	ang	-1	eng	en-us	f	Emotional_EMA
jn/Wavfiles/4emo_jn_angry_20.wav	ang	-1	eng	en-us	f	Emotional_EMA
jn/Wavfiles/4emo_jn_angry_22.wav	ang	-1	eng	en-us	f	Emotional_EMA
jn/Wavfiles/4emo_jn_angry_23.wav	ang	-1	eng	en-us	f	Emotional_EMA
jn/Wavfiles/4emo_jn_angry_24.wav	ang	-1	eng	en-us	f	Emotional_EMA
jn/Wavfiles/4emo_jn_angry_25.wav	ang	-1	eng	en-us	f	Emotional_EMA
jn/Wavfiles/4emo_jn_angry_26.wav	ang	-1	eng	en-us	f	Emotional_EMA
jn/Wavfiles/4emo_jn_angry_27.wav	ang	-1	eng	en-us	f	Emotional_EMA
jn/Wavfiles/4emo_jn_angry_28.wav	ang	-1	eng	en-us	f	Emotional_EMA
jn/Wavfiles/4emo_jn_angry_29.wav	ang	-1	eng	en-us	f	Emotional_EMA
jn/Wavfiles/4emo_jn_angry_30.wav	ang	-1	eng	en-us	f	Emotional_EMA
jn/Wavfiles/4emo_jn_angry_31.wav	ang	-1	eng	en-us	f	Emotional_EMA
jn/Wavfiles/4emo_jn_angry_32.wav	ang	-1	eng	en-us	f	Emotional_EMA
jn/Wavfiles/4emo_jn_angry_33.wav	ang	-1	eng	en-us	f	Emotional_EMA
jn/Wavfiles/4emo_jn_angry_34.wav	ang	-1	eng	en-us	f	Emotional_EMA
jn/Wavfiles/4emo_jn_angry_36.wav	ang	-1	eng	en-us	f	Emotional_EMA
jn/Wavfiles/4emo_jn_angry_37.wav	ang	-1	eng	en-us	f	Emotional_EMA
jn/Wavfiles/4emo_jn_angry_38.wav	ang	-1	eng	en-us	f	Emotional_EMA
jn/Wavfiles/4emo_jn_angry_39.wav	ang	-1	eng	en-us	f	Emotional_EMA
jn/Wavfiles/4emo_jn_angry_40.wav	ang	-1	eng	en-us	f	Emotional_EMA
jn/Wavfiles/4emo_jn_angry_41.wav	ang	-1	eng	en-us	f	Emotional_EMA
jn/Wavfiles/4emo_jn_angry_42.wav	ang	-1	eng	en-us	f	Emotional_EMA
jn/Wavfiles/4emo_jn_angry_43.wav	ang	-1	eng	en-us	f	Emotional_EMA
jn/Wavfiles/4emo_jn_angry_44.wav	ang	-1	eng	en-us	f	Emotional_EMA
jn/Wavfiles/4emo_jn_angry_45.wav	ang	-1	eng	en-us	f	Emotional_EMA
jn/Wavfiles/4emo_jn_angry_46.wav	ang	-1	eng	en-us	f	Emotional_EMA
jn/Wavfiles/4emo_jn_angry_47.wav	ang	-1	eng	en-us	f	Emotional_EMA
jn/Wavfiles/4emo_jn_angry_48.wav	ang	-1	eng	en-us	f	Emotional_EMA
jn/Wavfiles/4emo_jn_angry_49.wav	ang	-1	eng	en-us	f	Emotional_EMA
jn/Wavfiles/4emo_jn_angry_50.wav	ang	-1	eng	en-us	f	Emotional_EMA
jn/Wavfiles/4emo_jn_happy_01.wav	hap	1	eng	en-us	f	Emotional_EMA
jn/Wavfiles/4emo_jn_happy_02.wav	hap	1	eng	en-us	f	Emotional_EMA
jn/Wavfiles/4emo_jn_happy_03.wav	hap	1	eng	en-us	f	Emotional_EMA
jn/Wavfiles/4emo_jn_happy_04.wav	hap	1	eng	en-us	f	Emotional_EMA
jn/Wavfiles/4emo_jn_happy_06.wav	hap	1	eng	en-us	f	Emotional_EMA
jn/Wavfiles/4emo_jn_happy_07.wav	hap	1	eng	en-us	f	Emotional_EMA
jn/Wavfiles/4emo_jn_happy_08.wav	hap	1	eng	en-us	f	Emotional_EMA
jn/Wavfiles/4emo_jn_happy_09.wav	hap	1	eng	en-us	f	Emotional_EMA
jn/Wavfiles/4emo_jn_happy_10.wav	hap	1	eng	en-us	f	Emotional_EMA
jn/Wavfiles/4emo_jn_happy_11.wav	hap	1	eng	en-us	f	Emotional_EMA
jn/Wavfiles/4emo_jn_happy_12.wav	hap	1	eng	en-us	f	Emotional_EMA
jn/Wavfiles/4emo_jn_happy_13.wav	hap	1	eng	en-us	f	Emotional_EMA
jn/Wavfiles/4emo_jn_happy_14.wav	hap	1	eng	en-us	f	Emotional_EMA
jn/Wavfiles/4emo_jn_happy_15.wav	hap	1	eng	en-us	f	Emotional_EMA
jn/Wavfiles/4emo_jn_happy_16.wav	hap	1	eng	en-us	f	Emotional_EMA
jn/Wavfiles/4emo_jn_happy_18.wav	hap	1	eng	en-us	f	Emotional_EMA
jn/Wavfiles/4emo_jn_happy_20.wav	hap	1	eng	en-us	f	Emotional_EMA
jn/Wavfiles/4emo_jn_happy_21.wav	hap	1	eng	en-us	f	Emotional_EMA
jn/Wavfiles/4emo_jn_happy_22.wav	hap	1	eng	en-us	f	Emotional_EMA
jn/Wavfiles/4emo_jn_happy_23.wav	hap	1	eng	en-us	f	Emotional_EMA
jn/Wavfiles/4emo_jn_happy_24.wav	hap	1	eng	en-us	f	Emotional_EMA
jn/Wavfiles/4emo_jn_happy_25.wav	hap	1	eng	en-us	f	Emotional_EMA
jn/Wavfiles/4emo_jn_happy_26.wav	hap	1	eng	en-us	f	Emotional_EMA
jn/Wavfiles/4emo_jn_happy_27.wav	hap	1	eng	en-us	f	Emotional_EMA
jn/Wavfiles/4emo_jn_happy_28.wav	hap	1	eng	en-us	f	Emotional_EMA
jn/Wavfiles/4emo_jn_happy_29.wav	hap	1	eng	en-us	f	Emotional_EMA
jn/Wavfiles/4emo_jn_happy_30.wav	hap	1	eng	en-us	f	Emotional_EMA
jn/Wavfiles/4emo_jn_happy_31.wav	hap	1	eng	en-us	f	Emotional_EMA
jn/Wavfiles/4emo_jn_happy_32.wav	hap	1	eng	en-us	f	Emotional_EMA
jn/Wavfiles/4emo_jn_happy_33.wav	hap	1	eng	en-us	f	Emotional_EMA
jn/Wavfiles/4emo_jn_happy_34.wav	hap	1	eng	en-us	f	Emotional_EMA
jn/Wavfiles/4emo_jn_happy_35.wav	hap	1	eng	en-us	f	Emotional_EMA
jn/Wavfiles/4emo_jn_happy_36.wav	hap	1	eng	en-us	f	Emotional_EMA
jn/Wavfiles/4emo_jn_happy_37.wav	hap	1	eng	en-us	f	Emotional_EMA
jn/Wavfiles/4emo_jn_happy_41.wav	hap	1	eng	en-us	f	Emotional_EMA
jn/Wavfiles/4emo_jn_happy_43.wav	hap	1	eng	en-us	f	Emotional_EMA
jn/Wavfiles/4emo_jn_happy_44.wav	hap	1	eng	en-us	f	Emotional_EMA
jn/Wavfiles/4emo_jn_happy_46.wav	hap	1	eng	en-us	f	Emotional_EMA
jn/Wavfiles/4emo_jn_happy_47.wav	hap	1	eng	en-us	f	Emotional_EMA
jn/Wavfiles/4emo_jn_happy_49.wav	hap	1	eng	en-us	f	Emotional_EMA
jn/Wavfiles/4emo_jn_neutral_01.wav	neu	0	eng	en-us	f	Emotional_EMA
jn/Wavfiles/4emo_jn_neutral_02.wav	neu	0	eng	en-us	f	Emotional_EMA
jn/Wavfiles/4emo_jn_neutral_03.wav	neu	0	eng	en-us	f	Emotional_EMA
jn/Wavfiles/4emo_jn_neutral_04.wav	neu	0	eng	en-us	f	Emotional_EMA
jn/Wavfiles/4emo_jn_neutral_05.wav	neu	0	eng	en-us	f	Emotional_EMA
jn/Wavfiles/4emo_jn_neutral_06.wav	neu	0	eng	en-us	f	Emotional_EMA
jn/Wavfiles/4emo_jn_neutral_07.wav	neu	0	eng	en-us	f	Emotional_EMA
jn/Wavfiles/4emo_jn_neutral_08.wav	neu	0	eng	en-us	f	Emotional_EMA
jn/Wavfiles/4emo_jn_neutral_09.wav	neu	0	eng	en-us	f	Emotional_EMA
jn/Wavfiles/4emo_jn_neutral_12.wav	neu	0	eng	en-us	f	Emotional_EMA
jn/Wavfiles/4emo_jn_neutral_13.wav	neu	0	eng	en-us	f	Emotional_EMA
jn/Wavfiles/4emo_jn_neutral_14.wav	neu	0	eng	en-us	f	Emotional_EMA
jn/Wavfiles/4emo_jn_neutral_15.wav	neu	0	eng	en-us	f	Emotional_EMA
jn/Wavfiles/4emo_jn_neutral_16.wav	neu	0	eng	en-us	f	Emotional_EMA
jn/Wavfiles/4emo_jn_neutral_18.wav	neu	0	eng	en-us	f	Emotional_EMA
jn/Wavfiles/4emo_jn_neutral_19.wav	neu	0	eng	en-us	f	Emotional_EMA
jn/Wavfiles/4emo_jn_neutral_20.wav	neu	0	eng	en-us	f	Emotional_EMA
jn/Wavfiles/4emo_jn_neutral_21.wav	neu	0	eng	en-us	f	Emotional_EMA
jn/Wavfiles/4emo_jn_neutral_22.wav	neu	0	eng	en-us	f	Emotional_EMA
jn/Wavfiles/4emo_jn_neutral_24.wav	neu	0	eng	en-us	f	Emotional_EMA
jn/Wavfiles/4emo_jn_neutral_25.wav	neu	0	eng	en-us	f	Emotional_EMA
jn/Wavfiles/4emo_jn_neutral_26.wav	neu	0	eng	en-us	f	Emotional_EMA
jn/Wavfiles/4emo_jn_neutral_28.wav	neu	0	eng	en-us	f	Emotional_EMA
jn/Wavfiles/4emo_jn_neutral_29.wav	neu	0	eng	en-us	f	Emotional_EMA
jn/Wavfiles/4emo_jn_neutral_30.wav	neu	0	eng	en-us	f	Emotional_EMA
jn/Wavfiles/4emo_jn_neutral_31.wav	neu	0	eng	en-us	f	Emotional_EMA
jn/Wavfiles/4emo_jn_neutral_32.wav	neu	0	eng	en-us	f	Emotional_EMA
jn/Wavfiles/4emo_jn_neutral_33.wav	neu	0	eng	en-us	f	Emotional_EMA
jn/Wavfiles/4emo_jn_neutral_34.wav	neu	0	eng	en-us	f	Emotional_EMA
jn/Wavfiles/4emo_jn_neutral_35.wav	neu	0	eng	en-us	f	Emotional_EMA
jn/Wavfiles/4emo_jn_neutral_37.wav	neu	0	eng	en-us	f	Emotional_EMA
jn/Wavfiles/4emo_jn_neutral_38.wav	neu	0	eng	en-us	f	Emotional_EMA
jn/Wavfiles/4emo_jn_neutral_39.wav	neu	0	eng	en-us	f	Emotional_EMA
jn/Wavfiles/4emo_jn_neutral_40.wav	neu	0	eng	en-us	f	Emotional_EMA
jn/Wavfiles/4emo_jn_neutral_42.wav	neu	0	eng	en-us	f	Emotional_EMA
jn/Wavfiles/4emo_jn_neutral_43.wav	neu	0	eng	en-us	f	Emotional_EMA
jn/Wavfiles/4emo_jn_neutral_44.wav	neu	0	eng	en-us	f	Emotional_EMA
jn/Wavfiles/4emo_jn_neutral_45.wav	neu	0	eng	en-us	f	Emotional_EMA
jn/Wavfiles/4emo_jn_neutral_47.wav	neu	0	eng	en-us	f	Emotional_EMA
jn/Wavfiles/4emo_jn_neutral_48.wav	neu	0	eng	en-us	f	Emotional_EMA
jn/Wavfiles/4emo_jn_neutral_49.wav	neu	0	eng	en-us	f	Emotional_EMA
jn/Wavfiles/4emo_jn_neutral_50.wav	neu	0	eng	en-us	f	Emotional_EMA
jn/Wavfiles/4emo_jn_sad_01.wav	sad	-1	eng	en-us	f	Emotional_EMA
jn/Wavfiles/4emo_jn_sad_02.wav	sad	-1	eng	en-us	f	Emotional_EMA
jn/Wavfiles/4emo_jn_sad_04.wav	sad	-1	eng	en-us	f	Emotional_EMA
jn/Wavfiles/4emo_jn_sad_05.wav	sad	-1	eng	en-us	f	Emotional_EMA
jn/Wavfiles/4emo_jn_sad_06.wav	sad	-1	eng	en-us	f	Emotional_EMA
jn/Wavfiles/4emo_jn_sad_07.wav	sad	-1	eng	en-us	f	Emotional_EMA
jn/Wavfiles/4emo_jn_sad_08.wav	sad	-1	eng	en-us	f	Emotional_EMA
jn/Wavfiles/4emo_jn_sad_10.wav	sad	-1	eng	en-us	f	Emotional_EMA
jn/Wavfiles/4emo_jn_sad_11.wav	sad	-1	eng	en-us	f	Emotional_EMA
jn/Wavfiles/4emo_jn_sad_13.wav	sad	-1	eng	en-us	f	Emotional_EMA
jn/Wavfiles/4emo_jn_sad_14.wav	sad	-1	eng	en-us	f	Emotional_EMA
jn/Wavfiles/4emo_jn_sad_15.wav	sad	-1	eng	en-us	f	Emotional_EMA
jn/Wavfiles/4emo_jn_sad_16.wav	sad	-1	eng	en-us	f	Emotional_EMA
jn/Wavfiles/4emo_jn_sad_17.wav	sad	-1	eng	en-us	f	Emotional_EMA
jn/Wavfiles/4emo_jn_sad_19.wav	sad	-1	eng	en-us	f	Emotional_EMA
jn/Wavfiles/4emo_jn_sad_20.wav	sad	-1	eng	en-us	f	Emotional_EMA
jn/Wavfiles/4emo_jn_sad_21.wav	sad	-1	eng	en-us	f	Emotional_EMA
jn/Wavfiles/4emo_jn_sad_23.wav	sad	-1	eng	en-us	f	Emotional_EMA
jn/Wavfiles/4emo_jn_sad_24.wav	sad	-1	eng	en-us	f	Emotional_EMA
jn/Wavfiles/4emo_jn_sad_25.wav	sad	-1	eng	en-us	f	Emotional_EMA
jn/Wavfiles/4emo_jn_sad_26.wav	sad	-1	eng	en-us	f	Emotional_EMA
jn/Wavfiles/4emo_jn_sad_27.wav	sad	-1	eng	en-us	f	Emotional_EMA
jn/Wavfiles/4emo_jn_sad_28.wav	sad	-1	eng	en-us	f	Emotional_EMA
jn/Wavfiles/4emo_jn_sad_29.wav	sad	-1	eng	en-us	f	Emotional_EMA
jn/Wavfiles/4emo_jn_sad_30.wav	sad	-1	eng	en-us	f	Emotional_EMA
jn/Wavfiles/4emo_jn_sad_31.wav	sad	-1	eng	en-us	f	Emotional_EMA
jn/Wavfiles/4emo_jn_sad_32.wav	sad	-1	eng	en-us	f	Emotional_EMA
jn/Wavfiles/4emo_jn_sad_33.wav	sad	-1	eng	en-us	f	Emotional_EMA
jn/Wavfiles/4emo_jn_sad_34.wav	sad	-1	eng	en-us	f	Emotional_EMA
jn/Wavfiles/4emo_jn_sad_35.wav	sad	-1	eng	en-us	f	Emotional_EMA
jn/Wavfiles/4emo_jn_sad_37.wav	sad	-1	eng	en-us	f	Emotional_EMA
jn/Wavfiles/4emo_jn_sad_38.wav	sad	-1	eng	en-us	f	Emotional_EMA
jn/Wavfiles/4emo_jn_sad_39.wav	sad	-1	eng	en-us	f	Emotional_EMA
jn/Wavfiles/4emo_jn_sad_40.wav	sad	-1	eng	en-us	f	Emotional_EMA
jn/Wavfiles/4emo_jn_sad_41.wav	sad	-1	eng	en-us	f	Emotional_EMA
jn/Wavfiles/4emo_jn_sad_42.wav	sad	-1	eng	en-us	f	Emotional_EMA
jn/Wavfiles/4emo_jn_sad_43.wav	sad	-1	eng	en-us	f	Emotional_EMA
jn/Wavfiles/4emo_jn_sad_44.wav	sad	-1	eng	en-us	f	Emotional_EMA
jn/Wavfiles/4emo_jn_sad_45.wav	sad	-1	eng	en-us	f	Emotional_EMA
jn/Wavfiles/4emo_jn_sad_46.wav	sad	-1	eng	en-us	f	Emotional_EMA
jn/Wavfiles/4emo_jn_sad_47.wav	sad	-1	eng	en-us	f	Emotional_EMA
jn/Wavfiles/4emo_jn_sad_48.wav	sad	-1	eng	en-us	f	Emotional_EMA
jn/Wavfiles/4emo_jn_sad_49.wav	sad	-1	eng	en-us	f	Emotional_EMA
ls/Wavfiles/4emo_ls_angry_01_001.wav	ang	-1	eng	en-us	f	Emotional_EMA
ls/Wavfiles/4emo_ls_angry_02_002.wav	ang	-1	eng	en-us	f	Emotional_EMA
ls/Wavfiles/4emo_ls_angry_03_003.wav	ang	-1	eng	en-us	f	Emotional_EMA
ls/Wavfiles/4emo_ls_angry_04_004.wav	ang	-1	eng	en-us	f	Emotional_EMA
ls/Wavfiles/4emo_ls_angry_05_005.wav	ang	-1	eng	en-us	f	Emotional_EMA
ls/Wavfiles/4emo_ls_angry_07_007.wav	ang	-1	eng	en-us	f	Emotional_EMA
ls/Wavfiles/4emo_ls_angry_08_008.wav	ang	-1	eng	en-us	f	Emotional_EMA
ls/Wavfiles/4emo_ls_angry_09_009.wav	ang	-1	eng	en-us	f	Emotional_EMA
ls/Wavfiles/4emo_ls_angry_10_010.wav	ang	-1	eng	en-us	f	Emotional_EMA
ls/Wavfiles/4emo_ls_angry_11_011.wav	ang	-1	eng	en-us	f	Emotional_EMA
ls/Wavfiles/4emo_ls_angry_12_012.wav	ang	-1	eng	en-us	f	Emotional_EMA
ls/Wavfiles/4emo_ls_angry_13_013.wav	ang	-1	eng	en-us	f	Emotional_EMA
ls/Wavfiles/4emo_ls_angry_14_014.wav	ang	-1	eng	en-us	f	Emotional_EMA
ls/Wavfiles/4emo_ls_angry_15_015.wav	ang	-1	eng	en-us	f	Emotional_EMA
ls/Wavfiles/4emo_ls_angry_16_016.wav	ang	-1	eng	en-us	f	Emotional_EMA
ls/Wavfiles/4emo_ls_angry_17_017.wav	ang	-1	eng	en-us	f	Emotional_EMA
ls/Wavfiles/4emo_ls_angry_18_018.wav	ang	-1	eng	en-us	f	Emotional_EMA
ls/Wavfiles/4emo_ls_angry_19_019.wav	ang	-1	eng	en-us	f	Emotional_EMA
ls/Wavfiles/4emo_ls_angry_20_020.wav	ang	-1	eng	en-us	f	Emotional_EMA
ls/Wavfiles/4emo_ls_angry_21_021.wav	ang	-1	eng	en-us	f	Emotional_EMA
ls/Wavfiles/4emo_ls_angry_22_022.wav	ang	-1	eng	en-us	f	Emotional_EMA
ls/Wavfiles/4emo_ls_angry_23_023.wav	ang	-1	eng	en-us	f	Emotional_EMA
ls/Wavfiles/4emo_ls_angry_24_024.wav	ang	-1	eng	en-us	f	Emotional_EMA
ls/Wavfiles/4emo_ls_angry_25_025.wav	ang	-1	eng	en-us	f	Emotional_EMA
ls/Wavfiles/4emo_ls_angry_26_026.wav	ang	-1	eng	en-us	f	Emotional_EMA
ls/Wavfiles/4emo_ls_angry_27_027.wav	ang	-1	eng	en-us	f	Emotional_EMA
ls/Wavfiles/4emo_ls_angry_28_028.wav	ang	-1	eng	en-us	f	Emotional_EMA
ls/Wavfiles/4emo_ls_angry_29_029.wav	ang	-1	eng	en-us	f	Emotional_EMA
ls/Wavfiles/4emo_ls_angry_30_030.wav	ang	-1	eng	en-us	f	Emotional_EMA
ls/Wavfiles/4emo_ls_angry_31_031.wav	ang	-1	eng	en-us	f	Emotional_EMA
ls/Wavfiles/4emo_ls_angry_32_032.wav	ang	-1	eng	en-us	f	Emotional_EMA
ls/Wavfiles/4emo_ls_angry_33_033.wav	ang	-1	eng	en-us	f	Emotional_EMA
ls/Wavfiles/4emo_ls_angry_34_034.wav	ang	-1	eng	en-us	f	Emotional_EMA
ls/Wavfiles/4emo_ls_angry_35_035.wav	ang	-1	eng	en-us	f	Emotional_EMA
ls/Wavfiles/4emo_ls_angry_37_037.wav	ang	-1	eng	en-us	f	Emotional_EMA
ls/Wavfiles/4emo_ls_angry_38_038.wav	ang	-1	eng	en-us	f	Emotional_EMA
ls/Wavfiles/4emo_ls_angry_39_039.wav	ang	-1	eng	en-us	f	Emotional_EMA
ls/Wavfiles/4emo_ls_angry_40_040.wav	ang	-1	eng	en-us	f	Emotional_EMA
ls/Wavfiles/4emo_ls_angry_41_041.wav	ang	-1	eng	en-us	f	Emotional_EMA
ls/Wavfiles/4emo_ls_angry_42_042.wav	ang	-1	eng	en-us	f	Emotional_EMA
ls/Wavfiles/4emo_ls_angry_43_043.wav	ang	-1	eng	en-us	f	Emotional_EMA
ls/Wavfiles/4emo_ls_angry_44_044.wav	ang	-1	eng	en-us	f	Emotional_EMA
ls/Wavfiles/4emo_ls_angry_45_045.wav	ang	-1	eng	en-us	f	Emotional_EMA
ls/Wavfiles/4emo_ls_angry_46_046.wav	ang	-1	eng	en-us	f	Emotional_EMA
ls/Wavfiles/4emo_ls_angry_47_047.wav	ang	-1	eng	en-us	f	Emotional_EMA
ls/Wavfiles/4emo_ls_angry_48_048.wav	ang	-1	eng	en-us	f	Emotional_EMA
ls/Wavfiles/4emo_ls_angry_49_049.wav	ang	-1	eng	en-us	f	Emotional_EMA
ls/Wavfiles/4emo_ls_angry_50_050.wav	ang	-1	eng	en-us	f	Emotional_EMA
ls/Wavfiles/4emo_ls_happy_01_001.wav	hap	1	eng	en-us	f	Emotional_EMA
ls/Wavfiles/4emo_ls_happy_04_004.wav	hap	1	eng	en-us	f	Emotional_EMA
ls/Wavfiles/4emo_ls_happy_05_005.wav	hap	1	eng	en-us	f	Emotional_EMA
ls/Wavfiles/4emo_ls_happy_08_008.wav	hap	1	eng	en-us	f	Emotional_EMA
ls/Wavfiles/4emo_ls_happy_09_009.wav	hap	1	eng	en-us	f	Emotional_EMA
ls/Wavfiles/4emo_ls_happy_10_010.wav	hap	1	eng	en-us	f	Emotional_EMA
ls/Wavfiles/4emo_ls_happy_12_012.wav	hap	1	eng	en-us	f	Emotional_EMA
ls/Wavfiles/4emo_ls_happy_13_013.wav	hap	1	eng	en-us	f	Emotional_EMA
ls/Wavfiles/4emo_ls_happy_14_014.wav	hap	1	eng	en-us	f	Emotional_EMA
ls/Wavfiles/4emo_ls_happy_15_015.wav	hap	1	eng	en-us	f	Emotional_EMA
ls/Wavfiles/4emo_ls_happy_16_016.wav	hap	1	eng	en-us	f	Emotional_EMA
ls/Wavfiles/4emo_ls_happy_17_017.wav	hap	1	eng	en-us	f	Emotional_EMA
ls/Wavfiles/4emo_ls_happy_18_018.wav	hap	1	eng	en-us	f	Emotional_EMA
ls/Wavfiles/4emo_ls_happy_21_021.wav	hap	1	eng	en-us	f	Emotional_EMA
ls/Wavfiles/4emo_ls_happy_22_022.wav	hap	1	eng	en-us	f	Emotional_EMA
ls/Wavfiles/4emo_ls_happy_24_024.wav	hap	1	eng	en-us	f	Emotional_EMA
ls/Wavfiles/4emo_ls_happy_25_025.wav	hap	1	eng	en-us	f	Emotional_EMA
ls/Wavfiles/4emo_ls_happy_26_026.wav	hap	1	eng	en-us	f	Emotional_EMA
ls/Wavfiles/4emo_ls_happy_27_027.wav	hap	1	eng	en-us	f	Emotional_EMA
ls/Wavfiles/4emo_ls_happy_28_028.wav	hap	1	eng	en-us	f	Emotional_EMA
ls/Wavfiles/4emo_ls_happy_29_029.wav	hap	1	eng	en-us	f	Emotional_EMA
ls/Wavfiles/4emo_ls_happy_30_030.wav	hap	1	eng	en-us	f	Emotional_EMA
ls/Wavfiles/4emo_ls_happy_31_031.wav	hap	1	eng	en-us	f	Emotional_EMA
ls/Wavfiles/4emo_ls_happy_33_033.wav	hap	1	eng	en-us	f	Emotional_EMA
ls/Wavfiles/4emo_ls_happy_35_035.wav	hap	1	eng	en-us	f	Emotional_EMA
ls/Wavfiles/4emo_ls_happy_36_037.wav	hap	1	eng	en-us	f	Emotional_EMA
ls/Wavfiles/4emo_ls_happy_39_040.wav	hap	1	eng	en-us	f	Emotional_EMA
ls/Wavfiles/4emo_ls_happy_41_042.wav	hap	1	eng	en-us	f	Emotional_EMA
ls/Wavfiles/4emo_ls_happy_42_043.wav	hap	1	eng	en-us	f	Emotional_EMA
ls/Wavfiles/4emo_ls_happy_43_044.wav	hap	1	eng	en-us	f	Emotional_EMA
ls/Wavfiles/4emo_ls_happy_44_045.wav	hap	1	eng	en-us	f	Emotional_EMA
ls/Wavfiles/4emo_ls_happy_45_046.wav	hap	1	eng	en-us	f	Emotional_EMA
ls/Wavfiles/4emo_ls_happy_46_047.wav	hap	1	eng	en-us	f	Emotional_EMA
ls/Wavfiles/4emo_ls_happy_47_048.wav	hap	1	eng	en-us	f	Emotional_EMA
ls/Wavfiles/4emo_ls_happy_50_051.wav	hap	1	eng	en-us	f	Emotional_EMA
ls/Wavfiles/4emo_ls_neutral_02_005.wav	neu	0	eng	en-us	f	Emotional_EMA
ls/Wavfiles/4emo_ls_neutral_04_007.wav	neu	0	eng	en-us	f	Emotional_EMA
ls/Wavfiles/4emo_ls_neutral_06_009.wav	neu	0	eng	en-us	f	Emotional_EMA
ls/Wavfiles/4emo_ls_neutral_07_010.wav	neu	0	eng	en-us	f	Emotional_EMA
ls/Wavfiles/4emo_ls_neutral_09_012.wav	neu	0	eng	en-us	f	Emotional_EMA
ls/Wavfiles/4emo_ls_neutral_11_014.wav	neu	0	eng	en-us	f	Emotional_EMA
ls/Wavfiles/4emo_ls_neutral_13_016.wav	neu	0	eng	en-us	f	Emotional_EMA
ls/Wavfiles/4emo_ls_neutral_15_018.wav	neu	0	eng	en-us	f	Emotional_EMA
ls/Wavfiles/4emo_ls_neutral_16_019.wav	neu	0	eng	en-us	f	Emotional_EMA
ls/Wavfiles/4emo_ls_neutral_17_020.wav	neu	0	eng	en-us	f	Emotional_EMA
ls/Wavfiles/4emo_ls_neutral_18_021.wav	neu	0	eng	en-us	f	Emotional_EMA
ls/Wavfiles/4emo_ls_neutral_19_022.wav	neu	0	eng	en-us	f	Emotional_EMA
ls/Wavfiles/4emo_ls_neutral_20_023.wav	neu	0	eng	en-us	f	Emotional_EMA
ls/Wavfiles/4emo_ls_neutral_21_024.wav	neu	0	eng	en-us	f	Emotional_EMA
ls/Wavfiles/4emo_ls_neutral_22_025.wav	neu	0	eng	en-us	f	Emotional_EMA
ls/Wavfiles/4emo_ls_neutral_23_026.wav	neu	0	eng	en-us	f	Emotional_EMA
ls/Wavfiles/4emo_ls_neutral_24_027.wav	neu	0	eng	en-us	f	Emotional_EMA
ls/Wavfiles/4emo_ls_neutral_25_028.wav	neu	0	eng	en-us	f	Emotional_EMA
ls/Wavfiles/4emo_ls_neutral_26_029.wav	neu	0	eng	en-us	f	Emotional_EMA
ls/Wavfiles/4emo_ls_neutral_27_030.wav	neu	0	eng	en-us	f	Emotional_EMA
ls/Wavfiles/4emo_ls_neutral_30_033.wav	neu	0	eng	en-us	f	Emotional_EMA
ls/Wavfiles/4emo_ls_neutral_31_034.wav	neu	0	eng	en-us	f	Emotional_EMA
ls/Wavfiles/4emo_ls_neutral_33_036.wav	neu	0	eng	en-us	f	Emotional_EMA
ls/Wavfiles/4emo_ls_neutral_35_038.wav	neu	0	eng	en-us	f	Emotional_EMA
ls/Wavfiles/4emo_ls_neutral_36_039.wav	neu	0	eng	en-us	f	Emotional_EMA
ls/Wavfiles/4emo_ls_neutral_37_040.wav	neu	0	eng	en-us	f	Emotional_EMA
ls/Wavfiles/4emo_ls_neutral_38_041.wav	neu	0	eng	en-us	f	Emotional_EMA
ls/Wavfiles/4emo_ls_neutral_39_042.wav	neu	0	eng	en-us	f	Emotional_EMA
ls/Wavfiles/4emo_ls_neutral_40_043.wav	neu	0	eng	en-us	f	Emotional_EMA
ls/Wavfiles/4emo_ls_neutral_42_045.wav	neu	0	eng	en-us	f	Emotional_EMA
ls/Wavfiles/4emo_ls_neutral_43_046.wav	neu	0	eng	en-us	f	Emotional_EMA
ls/Wavfiles/4emo_ls_neutral_44_047.wav	neu	0	eng	en-us	f	Emotional_EMA
ls/Wavfiles/4emo_ls_neutral_45_048.wav	neu	0	eng	en-us	f	Emotional_EMA
ls/Wavfiles/4emo_ls_neutral_47_050.wav	neu	0	eng	en-us	f	Emotional_EMA
ls/Wavfiles/4emo_ls_neutral_48_051.wav	neu	0	eng	en-us	f	Emotional_EMA
ls/Wavfiles/4emo_ls_neutral_50_053.wav	neu	0	eng	en-us	f	Emotional_EMA
ls/Wavfiles/4emo_ls_sad_01_001.wav	sad	-1	eng	en-us	f	Emotional_EMA
ls/Wavfiles/4emo_ls_sad_03_003.wav	sad	-1	eng	en-us	f	Emotional_EMA
ls/Wavfiles/4emo_ls_sad_04_004.wav	sad	-1	eng	en-us	f	Emotional_EMA
ls/Wavfiles/4emo_ls_sad_05_005.wav	sad	-1	eng	en-us	f	Emotional_EMA
ls/Wavfiles/4emo_ls_sad_06_006.wav	sad	-1	eng	en-us	f	Emotional_EMA
ls/Wavfiles/4emo_ls_sad_07_007.wav	sad	-1	eng	en-us	f	Emotional_EMA
ls/Wavfiles/4emo_ls_sad_08_008.wav	sad	-1	eng	en-us	f	Emotional_EMA
ls/Wavfiles/4emo_ls_sad_09_009.wav	sad	-1	eng	en-us	f	Emotional_EMA
ls/Wavfiles/4emo_ls_sad_10_010.wav	sad	-1	eng	en-us	f	Emotional_EMA
ls/Wavfiles/4emo_ls_sad_11_011.wav	sad	-1	eng	en-us	f	Emotional_EMA
ls/Wavfiles/4emo_ls_sad_12_012.wav	sad	-1	eng	en-us	f	Emotional_EMA
ls/Wavfiles/4emo_ls_sad_13_013.wav	sad	-1	eng	en-us	f	Emotional_EMA
ls/Wavfiles/4emo_ls_sad_14_014.wav	sad	-1	eng	en-us	f	Emotional_EMA
ls/Wavfiles/4emo_ls_sad_15_015.wav	sad	-1	eng	en-us	f	Emotional_EMA
ls/Wavfiles/4emo_ls_sad_16_016.wav	sad	-1	eng	en-us	f	Emotional_EMA
ls/Wavfiles/4emo_ls_sad_17_017.wav	sad	-1	eng	en-us	f	Emotional_EMA
ls/Wavfiles/4emo_ls_sad_18_018.wav	sad	-1	eng	en-us	f	Emotional_EMA
ls/Wavfiles/4emo_ls_sad_19_019.wav	sad	-1	eng	en-us	f	Emotional_EMA
ls/Wavfiles/4emo_ls_sad_20_020.wav	sad	-1	eng	en-us	f	Emotional_EMA
ls/Wavfiles/4emo_ls_sad_21_021.wav	sad	-1	eng	en-us	f	Emotional_EMA
ls/Wavfiles/4emo_ls_sad_22_022.wav	sad	-1	eng	en-us	f	Emotional_EMA
ls/Wavfiles/4emo_ls_sad_23_023.wav	sad	-1	eng	en-us	f	Emotional_EMA
ls/Wavfiles/4emo_ls_sad_24_024.wav	sad	-1	eng	en-us	f	Emotional_EMA
ls/Wavfiles/4emo_ls_sad_25_025.wav	sad	-1	eng	en-us	f	Emotional_EMA
ls/Wavfiles/4emo_ls_sad_26_026.wav	sad	-1	eng	en-us	f	Emotional_EMA
ls/Wavfiles/4emo_ls_sad_27_027.wav	sad	-1	eng	en-us	f	Emotional_EMA
ls/Wavfiles/4emo_ls_sad_28_028.wav	sad	-1	eng	en-us	f	Emotional_EMA
ls/Wavfiles/4emo_ls_sad_29_029.wav	sad	-1	eng	en-us	f	Emotional_EMA
ls/Wavfiles/4emo_ls_sad_30_030.wav	sad	-1	eng	en-us	f	Emotional_EMA
ls/Wavfiles/4emo_ls_sad_32_032.wav	sad	-1	eng	en-us	f	Emotional_EMA
ls/Wavfiles/4emo_ls_sad_33_033.wav	sad	-1	eng	en-us	f	Emotional_EMA
ls/Wavfiles/4emo_ls_sad_34_034.wav	sad	-1	eng	en-us	f	Emotional_EMA
ls/Wavfiles/4emo_ls_sad_35_035.wav	sad	-1	eng	en-us	f	Emotional_EMA
ls/Wavfiles/4emo_ls_sad_36_037.wav	sad	-1	eng	en-us	f	Emotional_EMA
ls/Wavfiles/4emo_ls_sad_37_038.wav	sad	-1	eng	en-us	f	Emotional_EMA
ls/Wavfiles/4emo_ls_sad_38_039.wav	sad	-1	eng	en-us	f	Emotional_EMA
ls/Wavfiles/4emo_ls_sad_39_040.wav	sad	-1	eng	en-us	f	Emotional_EMA
ls/Wavfiles/4emo_ls_sad_40_041.wav	sad	-1	eng	en-us	f	Emotional_EMA
ls/Wavfiles/4emo_ls_sad_41_042.wav	sad	-1	eng	en-us	f	Emotional_EMA
ls/Wavfiles/4emo_ls_sad_42_043.wav	sad	-1	eng	en-us	f	Emotional_EMA
ls/Wavfiles/4emo_ls_sad_43_044.wav	sad	-1	eng	en-us	f	Emotional_EMA
ls/Wavfiles/4emo_ls_sad_44_045.wav	sad	-1	eng	en-us	f	Emotional_EMA
ls/Wavfiles/4emo_ls_sad_45_049.wav	sad	-1	eng	en-us	f	Emotional_EMA
ls/Wavfiles/4emo_ls_sad_46_050.wav	sad	-1	eng	en-us	f	Emotional_EMA
ls/Wavfiles/4emo_ls_sad_47_051.wav	sad	-1	eng	en-us	f	Emotional_EMA
ls/Wavfiles/4emo_ls_sad_48_052.wav	sad	-1	eng	en-us	f	Emotional_EMA
ls/Wavfiles/4emo_ls_sad_49_053.wav	sad	-1	eng	en-us	f	Emotional_EMA
ls/Wavfiles/4emo_ls_sad_50_054.wav	sad	-1	eng	en-us	f	Emotional_EMA
ls/Wavfiles/4emo_ls_angry_36_036.wav	ang	-1	eng	en-us	f	Emotional_EMA
jn/Wavfiles/4emo_jn_happy_42.wav	hap	1	eng	en-us	f	Emotional_EMA
ab/Wavfiles/4emo_ab_angry_09_009.wav	ang	-1	eng	en-us	f	Emotional_EMA
ls/Wavfiles/4emo_ls_angry_06_006.wav	ang	-1	eng	en-us	f	Emotional_EMA
ab/Wavfiles/4emo_ab_happy_44_047.wav	hap	1	eng	en-us	f	Emotional_EMA
ls/Wavfiles/4emo_ls_happy_11_011.wav	hap	1	eng	en-us	f	Emotional_EMA
ab/Wavfiles/4emo_ab_neutral_28_036.wav	neu	0	eng	en-us	f	Emotional_EMA
ab/Wavfiles/4emo_ab_angry_56_063.wav	ang	-1	eng	en-us	f	Emotional_EMA
jn/Wavfiles/4emo_jn_angry_21.wav	ang	-1	eng	en-us	f	Emotional_EMA
jn/Wavfiles/4emo_jn_sad_03.wav	sad	-1	eng	en-us	f	Emotional_EMA
ls/Wavfiles/4emo_ls_neutral_05_008.wav	neu	0	eng	en-us	f	Emotional_EMA
ab/Wavfiles/4emo_ab_sad_59_063.wav	sad	-1	eng	en-us	f	Emotional_EMA
ls/Wavfiles/4emo_ls_sad_31_031.wav	sad	-1	eng	en-us	f	Emotional_EMA
jn/Wavfiles/4emo_jn_happy_40.wav	hap	1	eng	en-us	f	Emotional_EMA
jn/Wavfiles/4emo_jn_happy_50.wav	hap	1	eng	en-us	f	Emotional_EMA
ab/Wavfiles/4emo_ab_neutral_07_007.wav	neu	0	eng	en-us	f	Emotional_EMA
ab/Wavfiles/4emo_ab_angry_60_067.wav	ang	-1	eng	en-us	f	Emotional_EMA
ls/Wavfiles/4emo_ls_happy_38_039.wav	hap	1	eng	en-us	f	Emotional_EMA
ab/Wavfiles/4emo_ab_neutral_03_003.wav	neu	0	eng	en-us	f	Emotional_EMA
ab/Wavfiles/4emo_ab_angry_22_024.wav	ang	-1	eng	en-us	f	Emotional_EMA
ab/Wavfiles/4emo_ab_angry_63_070.wav	ang	-1	eng	en-us	f	Emotional_EMA
jn/Wavfiles/4emo_jn_happy_39.wav	hap	1	eng	en-us	f	Emotional_EMA
ab/Wavfiles/4emo_ab_angry_12_013.wav	ang	-1	eng	en-us	f	Emotional_EMA
ab/Wavfiles/4emo_ab_happy_55_058.wav	hap	1	eng	en-us	f	Emotional_EMA
ab/Wavfiles/4emo_ab_angry_58_065.wav	ang	-1	eng	en-us	f	Emotional_EMA
jn/Wavfiles/4emo_jn_sad_22.wav	sad	-1	eng	en-us	f	Emotional_EMA
ab/Wavfiles/4emo_ab_angry_30_034.wav	ang	-1	eng	en-us	f	Emotional_EMA
jn/Wavfiles/4emo_jn_happy_17.wav	hap	1	eng	en-us	f	Emotional_EMA
ab/Wavfiles/4emo_ab_sad_09_010.wav	sad	-1	eng	en-us	f	Emotional_EMA
ab/Wavfiles/4emo_ab_neutral_29_038.wav	neu	0	eng	en-us	f	Emotional_EMA
jn/Wavfiles/4emo_jn_happy_45.wav	hap	1	eng	en-us	f	Emotional_EMA
ab/Wavfiles/4emo_ab_neutral_06_006.wav	neu	0	eng	en-us	f	Emotional_EMA
jn/Wavfiles/4emo_jn_sad_18.wav	sad	-1	eng	en-us	f	Emotional_EMA
ab/Wavfiles/4emo_ab_neutral_14_014.wav	neu	0	eng	en-us	f	Emotional_EMA
ab/Wavfiles/4emo_ab_angry_21_022.wav	ang	-1	eng	en-us	f	Emotional_EMA
ab/Wavfiles/4emo_ab_neutral_38_047.wav	neu	0	eng	en-us	f	Emotional_EMA
ab/Wavfiles/4emo_ab_happy_08_009.wav	hap	1	eng	en-us	f	Emotional_EMA
ab/Wavfiles/4emo_ab_angry_47_052.wav	ang	-1	eng	en-us	f	Emotional_EMA
ab/Wavfiles/4emo_ab_angry_28_030.wav	ang	-1	eng	en-us	f	Emotional_EMA
ab/Wavfiles/4emo_ab_angry_34_038.wav	ang	-1	eng	en-us	f	Emotional_EMA
ab/Wavfiles/4emo_ab_happy_40_043.wav	hap	1	eng	en-us	f	Emotional_EMA
ab/Wavfiles/4emo_ab_sad_08_009.wav	sad	-1	eng	en-us	f	Emotional_EMA
ab/Wavfiles/4emo_ab_happy_33_036.wav	hap	1	eng	en-us	f	Emotional_EMA
ab/Wavfiles/4emo_ab_sad_51_055.wav	sad	-1	eng	en-us	f	Emotional_EMA
ab/Wavfiles/4emo_ab_angry_02_002.wav	ang	-1	eng	en-us	f	Emotional_EMA
ab/Wavfiles/4emo_ab_angry_53_060.wav	ang	-1	eng	en-us	f	Emotional_EMA
ls/Wavfiles/4emo_ls_happy_48_049.wav	hap	1	eng	en-us	f	Emotional_EMA
ab/Wavfiles/4emo_ab_neutral_19_024.wav	neu	0	eng	en-us	f	Emotional_EMA
ab/Wavfiles/4emo_ab_happy_66_069.wav	hap	1	eng	en-us	f	Emotional_EMA
ab/Wavfiles/4emo_ab_neutral_52_061.wav	neu	0	eng	en-us	f	Emotional_EMA
ls/Wavfiles/4emo_ls_happy_23_023.wav	hap	1	eng	en-us	f	Emotional_EMA
ab/Wavfiles/4emo_ab_happy_69_072.wav	hap	1	eng	en-us	f	Emotional_EMA
jn/Wavfiles/4emo_jn_happy_19.wav	hap	1	eng	en-us	f	Emotional_EMA
ab/Wavfiles/4emo_ab_angry_43_048.wav	ang	-1	eng	en-us	f	Emotional_EMA
jn/Wavfiles/4emo_jn_happy_38.wav	hap	1	eng	en-us	f	Emotional_EMA
ls/Wavfiles/4emo_ls_happy_49_050.wav	hap	1	eng	en-us	f	Emotional_EMA
jn/Wavfiles/4emo_jn_sad_09.wav	sad	-1	eng	en-us	f	Emotional_EMA
ab/Wavfiles/4emo_ab_angry_13_014.wav	ang	-1	eng	en-us	f	Emotional_EMA
ls/Wavfiles/4emo_ls_happy_34_034.wav	hap	1	eng	en-us	f	Emotional_EMA
jn/Wavfiles/4emo_jn_sad_36.wav	sad	-1	eng	en-us	f	Emotional_EMA
ab/Wavfiles/4emo_ab_neutral_47_056.wav	neu	0	eng	en-us	f	Emotional_EMA
jn/Wavfiles/4emo_jn_angry_03.wav	ang	-1	eng	en-us	f	Emotional_EMA
ab/Wavfiles/4emo_ab_angry_50_057.wav	ang	-1	eng	en-us	f	Emotional_EMA
ab/Wavfiles/4emo_ab_neutral_61_070.wav	neu	0	eng	en-us	f	Emotional_EMA
ab/Wavfiles/4emo_ab_neutral_25_030.wav	neu	0	eng	en-us	f	Emotional_EMA
ab/Wavfiles/4emo_ab_angry_05_005.wav	ang	-1	eng	en-us	f	Emotional_EMA
ab/Wavfiles/4emo_ab_happy_59_062.wav	hap	1	eng	en-us	f	Emotional_EMA
ls/Wavfiles/4emo_ls_neutral_14_017.wav	neu	0	eng	en-us	f	Emotional_EMA
ab/Wavfiles/4emo_ab_neutral_67_076.wav	neu	0	eng	en-us	f	Emotional_EMA
jn/Wavfiles/4emo_jn_sad_50.wav	sad	-1	eng	en-us	f	Emotional_EMA
ls/Wavfiles/4emo_ls_happy_03_003.wav	hap	1	eng	en-us	f	Emotional_EMA
ab/Wavfiles/4emo_ab_happy_21_023.wav	hap	1	eng	en-us	f	Emotional_EMA
jn/Wavfiles/4emo_jn_neutral_36.wav	neu	0	eng	en-us	f	Emotional_EMA
ls/Wavfiles/4emo_ls_happy_37_038.wav	hap	1	eng	en-us	f	Emotional_EMA
ls/Wavfiles/4emo_ls_happy_20_020.wav	hap	1	eng	en-us	f	Emotional_EMA
ls/Wavfiles/4emo_ls_neutral_41_044.wav	neu	0	eng	en-us	f	Emotional_EMA
jn/Wavfiles/4emo_jn_angry_35.wav	ang	-1	eng	en-us	f	Emotional_EMA
ab/Wavfiles/4emo_ab_happy_54_057.wav	hap	1	eng	en-us	f	Emotional_EMA
ab/Wavfiles/4emo_ab_angry_65_074.wav	ang	-1	eng	en-us	f	Emotional_EMA
jn/Wavfiles/4emo_jn_sad_12.wav	sad	-1	eng	en-us	f	Emotional_EMA
ls/Wavfiles/4emo_ls_happy_06_006.wav	hap	1	eng	en-us	f	Emotional_EMA
ls/Wavfiles/4emo_ls_sad_02_002.wav	sad	-1	eng	en-us	f	Emotional_EMA
jn/Wavfiles/4emo_jn_happy_05.wav	hap	1	eng	en-us	f	Emotional_EMA
ab/Wavfiles/4emo_ab_angry_42_047.wav	ang	-1	eng	en-us	f	Emotional_EMA
ab/Wavfiles/4emo_ab_happy_09_010.wav	hap	1	eng	en-us	f	Emotional_EMA
ls/Wavfiles/4emo_ls_happy_19_019.wav	hap	1	eng	en-us	f	Emotional_EMA
