BAUM1a_MP4_all\s001\S001_001.mp4	ang	-1	tur	tr	m	BAUM1
BAUM1a_MP4_all\s001\S001_002.mp4	dis	-1	tur	tr	m	BAUM1
BAUM1a_MP4_all\s001\S001_003.mp4	bor	-1	tur	tr	m	BAUM1
BAUM1a_MP4_all\s001\S001_004.mp4	cur	1	tur	tr	m	BAUM1
BAUM1a_MP4_all\s002\S002_002.mp4	hap	1	tur	tr	m	BAUM1
BAUM1a_MP4_all\s002\S002_003.mp4	sad	-1	tur	tr	m	BAUM1
BAUM1a_MP4_all\s002\S002_004.mp4	fea	-1	tur	tr	m	BAUM1
BAUM1a_MP4_all\s002\S002_005.mp4	ang	-1	tur	tr	m	BAUM1
BAUM1a_MP4_all\s002\S002_006.mp4	dis	-1	tur	tr	m	BAUM1
BAUM1a_MP4_all\s002\S002_007.mp4	unc	-1	tur	tr	m	BAUM1
BAUM1a_MP4_all\s002\S002_009.mp4	cur	1	tur	tr	m	BAUM1
BAUM1a_MP4_all\s003\S003_002.mp4	hap	1	tur	tr	m	BAUM1
BAUM1a_MP4_all\s003\S003_003.mp4	sad	-1	tur	tr	m	BAUM1
BAUM1a_MP4_all\s003\S003_004.mp4	fea	-1	tur	tr	m	BAUM1
BAUM1a_MP4_all\s003\S003_005.mp4	ang	-1	tur	tr	m	BAUM1
BAUM1a_MP4_all\s003\S003_006.mp4	dis	-1	tur	tr	m	BAUM1
BAUM1a_MP4_all\s003\S003_007.mp4	unc	-1	tur	tr	m	BAUM1
BAUM1a_MP4_all\s003\S003_008.mp4	bor	-1	tur	tr	m	BAUM1
BAUM1a_MP4_all\s003\S003_009.mp4	cur	1	tur	tr	m	BAUM1
BAUM1a_MP4_all\s004\S004_002.mp4	hap	1	tur	tr	m	BAUM1
BAUM1a_MP4_all\s004\S004_003.mp4	sad	-1	tur	tr	m	BAUM1
BAUM1a_MP4_all\s004\S004_004.mp4	fea	-1	tur	tr	m	BAUM1
BAUM1a_MP4_all\s004\S004_005.mp4	ang	-1	tur	tr	m	BAUM1
BAUM1a_MP4_all\s004\S004_006.mp4	dis	-1	tur	tr	m	BAUM1
BAUM1a_MP4_all\s004\S004_007.mp4	unc	-1	tur	tr	m	BAUM1
BAUM1a_MP4_all\s004\S004_008.mp4	bor	-1	tur	tr	m	BAUM1
BAUM1a_MP4_all\s004\S004_009.mp4	cur	1	tur	tr	m	BAUM1
BAUM1a_MP4_all\s006\S006_002.mp4	hap	1	tur	tr	m	BAUM1
BAUM1a_MP4_all\s006\S006_003.mp4	sad	-1	tur	tr	m	BAUM1
BAUM1a_MP4_all\s006\S006_004.mp4	fea	-1	tur	tr	m	BAUM1
BAUM1a_MP4_all\s006\S006_005.mp4	ang	-1	tur	tr	m	BAUM1
BAUM1a_MP4_all\s006\S006_006.mp4	dis	-1	tur	tr	m	BAUM1
BAUM1a_MP4_all\s006\S006_007.mp4	unc	-1	tur	tr	m	BAUM1
BAUM1a_MP4_all\s006\S006_008.mp4	bor	-1	tur	tr	m	BAUM1
BAUM1a_MP4_all\s006\S006_009.mp4	cur	1	tur	tr	m	BAUM1
BAUM1a_MP4_all\s007\S007_002.mp4	hap	1	tur	tr	m	BAUM1
BAUM1a_MP4_all\s007\S007_003.mp4	hap	1	tur	tr	m	BAUM1
BAUM1a_MP4_all\s007\S007_004.mp4	sad	-1	tur	tr	m	BAUM1
BAUM1a_MP4_all\s007\S007_006.mp4	fea	-1	tur	tr	m	BAUM1
BAUM1a_MP4_all\s007\S007_007.mp4	ang	-1	tur	tr	m	BAUM1
BAUM1a_MP4_all\s007\S007_008.mp4	dis	-1	tur	tr	m	BAUM1
BAUM1a_MP4_all\s007\S007_009.mp4	bor	-1	tur	tr	m	BAUM1
BAUM1a_MP4_all\s007\S007_010.mp4	cur	1	tur	tr	m	BAUM1
BAUM1a_MP4_all\s008\S008_002.mp4	hap	1	tur	tr	m	BAUM1
BAUM1a_MP4_all\s008\S008_003.mp4	fea	-1	tur	tr	m	BAUM1
BAUM1a_MP4_all\s008\S008_004.mp4	fea	-1	tur	tr	m	BAUM1
BAUM1a_MP4_all\s008\S008_005.mp4	fea	-1	tur	tr	m	BAUM1
BAUM1a_MP4_all\s008\S008_006.mp4	ang	-1	tur	tr	m	BAUM1
BAUM1a_MP4_all\s008\S008_007.mp4	ang	-1	tur	tr	m	BAUM1
BAUM1a_MP4_all\s008\S008_008.mp4	ang	-1	tur	tr	m	BAUM1
BAUM1a_MP4_all\s008\S008_009.mp4	dis	-1	tur	tr	m	BAUM1
BAUM1a_MP4_all\s008\S008_010.mp4	dis	-1	tur	tr	m	BAUM1
BAUM1a_MP4_all\s008\S008_011.mp4	dis	-1	tur	tr	m	BAUM1
BAUM1a_MP4_all\s008\S008_012.mp4	unc	-1	tur	tr	m	BAUM1
BAUM1a_MP4_all\s008\S008_013.mp4	unc	-1	tur	tr	m	BAUM1
BAUM1a_MP4_all\s008\S008_014.mp4	bor	-1	tur	tr	m	BAUM1
BAUM1a_MP4_all\s008\S008_015.mp4	ang	-1	tur	tr	m	BAUM1
BAUM1a_MP4_all\s008\S008_016.mp4	cur	1	tur	tr	m	BAUM1
BAUM1a_MP4_all\s009\S009_002.mp4	hap	1	tur	tr	m	BAUM1
BAUM1a_MP4_all\s009\S009_003.mp4	sad	-1	tur	tr	m	BAUM1
BAUM1a_MP4_all\s009\S009_004.mp4	fea	-1	tur	tr	m	BAUM1
BAUM1a_MP4_all\s009\S009_005.mp4	ang	-1	tur	tr	m	BAUM1
BAUM1a_MP4_all\s009\S009_006.mp4	dis	-1	tur	tr	m	BAUM1
BAUM1a_MP4_all\s009\S009_007.mp4	unc	-1	tur	tr	m	BAUM1
BAUM1a_MP4_all\s009\S009_009.mp4	cur	1	tur	tr	m	BAUM1
BAUM1a_MP4_all\s010\S010_003.mp4	hap	1	tur	tr	f	BAUM1
BAUM1a_MP4_all\s010\S010_004.mp4	sad	-1	tur	tr	f	BAUM1
BAUM1a_MP4_all\s010\S010_005.mp4	fea	-1	tur	tr	f	BAUM1
BAUM1a_MP4_all\s010\S010_006.mp4	dis	-1	tur	tr	f	BAUM1
BAUM1a_MP4_all\s010\S010_007.mp4	unc	-1	tur	tr	f	BAUM1
BAUM1a_MP4_all\s010\S010_008.mp4	bor	-1	tur	tr	f	BAUM1
BAUM1a_MP4_all\s010\S010_009.mp4	cur	1	tur	tr	f	BAUM1
BAUM1a_MP4_all\s011\S011_003.mp4	hap	1	tur	tr	m	BAUM1
BAUM1a_MP4_all\s011\S011_004.mp4	sad	-1	tur	tr	m	BAUM1
BAUM1a_MP4_all\s011\S011_005.mp4	sad	-1	tur	tr	m	BAUM1
BAUM1a_MP4_all\s011\S011_006.mp4	fea	-1	tur	tr	m	BAUM1
BAUM1a_MP4_all\s011\S011_007.mp4	ang	-1	tur	tr	m	BAUM1
BAUM1a_MP4_all\s011\S011_008.mp4	dis	-1	tur	tr	m	BAUM1
BAUM1a_MP4_all\s011\S011_009.mp4	unc	-1	tur	tr	m	BAUM1
BAUM1a_MP4_all\s011\S011_010.mp4	bor	-1	tur	tr	m	BAUM1
BAUM1a_MP4_all\s011\S011_011.mp4	cur	1	tur	tr	m	BAUM1
BAUM1a_MP4_all\s012\S012_003.mp4	hap	1	tur	tr	f	BAUM1
BAUM1a_MP4_all\s012\S012_004.mp4	sad	-1	tur	tr	f	BAUM1
BAUM1a_MP4_all\s012\S012_005.mp4	ang	-1	tur	tr	f	BAUM1
BAUM1a_MP4_all\s012\S012_006.mp4	dis	-1	tur	tr	f	BAUM1
BAUM1a_MP4_all\s012\S012_007.mp4	unc	-1	tur	tr	f	BAUM1
BAUM1a_MP4_all\s012\S012_008.mp4	bor	-1	tur	tr	f	BAUM1
BAUM1a_MP4_all\s012\S012_009.mp4	cur	1	tur	tr	f	BAUM1
BAUM1a_MP4_all\s013\S013_003.mp4	sad	-1	tur	tr	m	BAUM1
BAUM1a_MP4_all\s013\S013_004.mp4	fea	-1	tur	tr	m	BAUM1
BAUM1a_MP4_all\s013\S013_005.mp4	ang	-1	tur	tr	m	BAUM1
BAUM1a_MP4_all\s013\S013_006.mp4	ang	-1	tur	tr	m	BAUM1
BAUM1a_MP4_all\s013\S013_007.mp4	dis	-1	tur	tr	m	BAUM1
BAUM1a_MP4_all\s013\S013_008.mp4	ang	-1	tur	tr	m	BAUM1
BAUM1a_MP4_all\s013\S013_009.mp4	unc	-1	tur	tr	m	BAUM1
BAUM1a_MP4_all\s013\S013_010.mp4	unc	-1	tur	tr	m	BAUM1
BAUM1a_MP4_all\s013\S013_011.mp4	ang	-1	tur	tr	m	BAUM1
BAUM1a_MP4_all\s013\S013_012.mp4	cur	1	tur	tr	m	BAUM1
BAUM1a_MP4_all\s014\S014_002.mp4	hap	1	tur	tr	m	BAUM1
BAUM1a_MP4_all\s014\S014_003.mp4	sad	-1	tur	tr	m	BAUM1
BAUM1a_MP4_all\s014\S014_004.mp4	sad	-1	tur	tr	m	BAUM1
BAUM1a_MP4_all\s014\S014_005.mp4	fea	-1	tur	tr	m	BAUM1
BAUM1a_MP4_all\s014\S014_006.mp4	ang	-1	tur	tr	m	BAUM1
BAUM1a_MP4_all\s014\S014_007.mp4	dis	-1	tur	tr	m	BAUM1
BAUM1a_MP4_all\s014\S014_008.mp4	unc	-1	tur	tr	m	BAUM1
BAUM1a_MP4_all\s014\S014_009.mp4	bor	-1	tur	tr	m	BAUM1
BAUM1a_MP4_all\s014\S014_010.mp4	cur	1	tur	tr	m	BAUM1
BAUM1a_MP4_all\s015\S015_004.mp4	fea	-1	tur	tr	m	BAUM1
BAUM1a_MP4_all\s015\S015_005.mp4	dis	-1	tur	tr	m	BAUM1
BAUM1a_MP4_all\s016\S016_002.mp4	sad	-1	tur	tr	m	BAUM1
BAUM1a_MP4_all\s016\S016_005.mp4	ang	-1	tur	tr	m	BAUM1
BAUM1a_MP4_all\s016\S016_006.mp4	ang	-1	tur	tr	m	BAUM1
BAUM1a_MP4_all\s016\S016_007.mp4	fea	-1	tur	tr	m	BAUM1
BAUM1a_MP4_all\s016\S016_009.mp4	cur	1	tur	tr	m	BAUM1
BAUM1a_MP4_all\s017\S017_001.mp4	hap	1	tur	tr	f	BAUM1
BAUM1a_MP4_all\s017\S017_002.mp4	sad	-1	tur	tr	f	BAUM1
BAUM1a_MP4_all\s017\S017_003.mp4	sad	-1	tur	tr	f	BAUM1
BAUM1a_MP4_all\s017\S017_004.mp4	fea	-1	tur	tr	f	BAUM1
BAUM1a_MP4_all\s017\S017_005.mp4	ang	-1	tur	tr	f	BAUM1
BAUM1a_MP4_all\s017\S017_006.mp4	dis	-1	tur	tr	f	BAUM1
BAUM1a_MP4_all\s017\S017_007.mp4	unc	-1	tur	tr	f	BAUM1
BAUM1a_MP4_all\s018\S018_002.mp4	hap	1	tur	tr	m	BAUM1
BAUM1a_MP4_all\s018\S018_003.mp4	sad	-1	tur	tr	m	BAUM1
BAUM1a_MP4_all\s018\S018_004.mp4	sad	-1	tur	tr	m	BAUM1
BAUM1a_MP4_all\s018\S018_005.mp4	fea	-1	tur	tr	m	BAUM1
BAUM1a_MP4_all\s018\S018_006.mp4	ang	-1	tur	tr	m	BAUM1
BAUM1a_MP4_all\s018\S018_007.mp4	dis	-1	tur	tr	m	BAUM1
BAUM1a_MP4_all\s018\S018_008.mp4	unc	-1	tur	tr	m	BAUM1
BAUM1a_MP4_all\s018\S018_010.mp4	cur	1	tur	tr	m	BAUM1
BAUM1a_MP4_all\s019\S019_005.mp4	hap	1	tur	tr	f	BAUM1
BAUM1a_MP4_all\s019\S019_007.mp4	sad	-1	tur	tr	f	BAUM1
BAUM1a_MP4_all\s019\S019_008.mp4	sad	-1	tur	tr	f	BAUM1
BAUM1a_MP4_all\s019\S019_009.mp4	sad	-1	tur	tr	f	BAUM1
BAUM1a_MP4_all\s019\S019_010.mp4	sad	-1	tur	tr	f	BAUM1
BAUM1a_MP4_all\s019\S019_011.mp4	fea	-1	tur	tr	f	BAUM1
BAUM1a_MP4_all\s019\S019_012.mp4	fea	-1	tur	tr	f	BAUM1
BAUM1a_MP4_all\s019\S019_013.mp4	ang	-1	tur	tr	f	BAUM1
BAUM1a_MP4_all\s019\S019_014.mp4	ang	-1	tur	tr	f	BAUM1
BAUM1a_MP4_all\s019\S019_015.mp4	ang	-1	tur	tr	f	BAUM1
BAUM1a_MP4_all\s019\S019_016.mp4	dis	-1	tur	tr	f	BAUM1
BAUM1a_MP4_all\s019\S019_017.mp4	unc	-1	tur	tr	f	BAUM1
BAUM1a_MP4_all\s019\S019_018.mp4	unc	-1	tur	tr	f	BAUM1
BAUM1a_MP4_all\s019\S019_019.mp4	unc	-1	tur	tr	f	BAUM1
BAUM1a_MP4_all\s019\S019_020.mp4	bor	-1	tur	tr	f	BAUM1
BAUM1a_MP4_all\s019\S019_021.mp4	bor	-1	tur	tr	f	BAUM1
BAUM1a_MP4_all\s019\S019_022.mp4	cur	1	tur	tr	f	BAUM1
BAUM1a_MP4_all\s019\S019_023.mp4	cur	1	tur	tr	f	BAUM1
BAUM1a_MP4_all\s020\S020_002.mp4	sur	-1	tur	tr	m	BAUM1
BAUM1a_MP4_all\s020\S020_004.mp4	sad	-1	tur	tr	m	BAUM1
BAUM1a_MP4_all\s020\S020_006.mp4	sad	-1	tur	tr	m	BAUM1
BAUM1a_MP4_all\s020\S020_007.mp4	fea	-1	tur	tr	m	BAUM1
BAUM1a_MP4_all\s020\S020_008.mp4	fea	-1	tur	tr	m	BAUM1
BAUM1a_MP4_all\s020\S020_009.mp4	ang	-1	tur	tr	m	BAUM1
BAUM1a_MP4_all\s020\S020_010.mp4	dis	-1	tur	tr	m	BAUM1
BAUM1a_MP4_all\s020\S020_011.mp4	dis	-1	tur	tr	m	BAUM1
BAUM1a_MP4_all\s020\S020_012.mp4	unc	-1	tur	tr	m	BAUM1
BAUM1a_MP4_all\s020\S020_013.mp4	bor	-1	tur	tr	m	BAUM1
BAUM1a_MP4_all\s020\S020_014.mp4	cur	1	tur	tr	m	BAUM1
BAUM1a_MP4_all\s021\S021_001.mp4	hap	1	tur	tr	f	BAUM1
BAUM1a_MP4_all\s021\S021_002.mp4	unc	-1	tur	tr	f	BAUM1
BAUM1a_MP4_all\s021\S021_003.mp4	sad	-1	tur	tr	f	BAUM1
BAUM1a_MP4_all\s021\S021_004.mp4	fea	-1	tur	tr	f	BAUM1
BAUM1a_MP4_all\s021\S021_005.mp4	ang	-1	tur	tr	f	BAUM1
BAUM1a_MP4_all\s021\S021_006.mp4	dis	-1	tur	tr	f	BAUM1
BAUM1a_MP4_all\s021\S021_007.mp4	unc	-1	tur	tr	f	BAUM1
BAUM1a_MP4_all\s021\S021_008.mp4	bor	-1	tur	tr	f	BAUM1
BAUM1a_MP4_all\s021\S021_009.mp4	cur	1	tur	tr	f	BAUM1
BAUM1a_MP4_all\s022\S022_001.mp4	hap	1	tur	tr	f	BAUM1
BAUM1a_MP4_all\s022\S022_003.mp4	sad	-1	tur	tr	f	BAUM1
BAUM1a_MP4_all\s022\S022_004.mp4	fea	-1	tur	tr	f	BAUM1
BAUM1a_MP4_all\s022\S022_005.mp4	fea	-1	tur	tr	f	BAUM1
BAUM1a_MP4_all\s022\S022_006.mp4	ang	-1	tur	tr	f	BAUM1
BAUM1a_MP4_all\s022\S022_007.mp4	dis	-1	tur	tr	f	BAUM1
BAUM1a_MP4_all\s022\S022_008.mp4	unc	-1	tur	tr	f	BAUM1
BAUM1a_MP4_all\s022\S022_009.mp4	bor	-1	tur	tr	f	BAUM1
BAUM1a_MP4_all\s022\S022_010.mp4	cur	1	tur	tr	f	BAUM1
BAUM1a_MP4_all\s023\S023_002.mp4	hap	1	tur	tr	m	BAUM1
BAUM1a_MP4_all\s023\S023_003.mp4	sad	-1	tur	tr	m	BAUM1
BAUM1a_MP4_all\s023\S023_004.mp4	sad	-1	tur	tr	m	BAUM1
BAUM1a_MP4_all\s023\S023_005.mp4	fea	-1	tur	tr	m	BAUM1
BAUM1a_MP4_all\s023\S023_006.mp4	fea	-1	tur	tr	m	BAUM1
BAUM1a_MP4_all\s023\S023_007.mp4	ang	-1	tur	tr	m	BAUM1
BAUM1a_MP4_all\s023\S023_008.mp4	ang	-1	tur	tr	m	BAUM1
BAUM1a_MP4_all\s023\S023_009.mp4	dis	-1	tur	tr	m	BAUM1
BAUM1a_MP4_all\s023\S023_010.mp4	dis	-1	tur	tr	m	BAUM1
BAUM1a_MP4_all\s023\S023_011.mp4	unc	-1	tur	tr	m	BAUM1
BAUM1a_MP4_all\s023\S023_012.mp4	unc	-1	tur	tr	m	BAUM1
BAUM1a_MP4_all\s023\S023_013.mp4	bor	-1	tur	tr	m	BAUM1
BAUM1a_MP4_all\s023\S023_014.mp4	cur	1	tur	tr	m	BAUM1
BAUM1a_MP4_all\s024\S024_001.mp4	hap	1	tur	tr	m	BAUM1
BAUM1a_MP4_all\s024\S024_002.mp4	bor	-1	tur	tr	m	BAUM1
BAUM1a_MP4_all\s024\S024_003.mp4	fea	-1	tur	tr	m	BAUM1
BAUM1a_MP4_all\s024\S024_004.mp4	ang	-1	tur	tr	m	BAUM1
BAUM1a_MP4_all\s024\S024_005.mp4	dis	-1	tur	tr	m	BAUM1
BAUM1a_MP4_all\s024\S024_006.mp4	unc	-1	tur	tr	m	BAUM1
BAUM1a_MP4_all\s024\S024_007.mp4	bor	-1	tur	tr	m	BAUM1
BAUM1a_MP4_all\s024\S024_008.mp4	cur	1	tur	tr	m	BAUM1
BAUM1a_MP4_all\s025\S025_001.mp4	hap	1	tur	tr	f	BAUM1
BAUM1a_MP4_all\s025\S025_002.mp4	unc	-1	tur	tr	f	BAUM1
BAUM1a_MP4_all\s025\S025_003.mp4	sad	-1	tur	tr	f	BAUM1
BAUM1a_MP4_all\s025\S025_004.mp4	fea	-1	tur	tr	f	BAUM1
BAUM1a_MP4_all\s025\S025_005.mp4	fea	-1	tur	tr	f	BAUM1
BAUM1a_MP4_all\s025\S025_006.mp4	ang	-1	tur	tr	f	BAUM1
BAUM1a_MP4_all\s025\S025_007.mp4	dis	-1	tur	tr	f	BAUM1
BAUM1a_MP4_all\s025\S025_008.mp4	unc	-1	tur	tr	f	BAUM1
BAUM1a_MP4_all\s025\S025_009.mp4	bor	-1	tur	tr	f	BAUM1
BAUM1a_MP4_all\s025\S025_010.mp4	cur	1	tur	tr	f	BAUM1
BAUM1a_MP4_all\s026\S026_006.mp4	hap	1	tur	tr	f	BAUM1
BAUM1a_MP4_all\s026\S026_010.mp4	sad	-1	tur	tr	f	BAUM1
BAUM1a_MP4_all\s026\S026_011.mp4	sad	-1	tur	tr	f	BAUM1
BAUM1a_MP4_all\s026\S026_012.mp4	sad	-1	tur	tr	f	BAUM1
BAUM1a_MP4_all\s026\S026_015.mp4	fea	-1	tur	tr	f	BAUM1
BAUM1a_MP4_all\s026\S026_016.mp4	fea	-1	tur	tr	f	BAUM1
BAUM1a_MP4_all\s026\S026_018.mp4	ang	-1	tur	tr	f	BAUM1
BAUM1a_MP4_all\s026\S026_019.mp4	ang	-1	tur	tr	f	BAUM1
BAUM1a_MP4_all\s026\S026_020.mp4	ang	-1	tur	tr	f	BAUM1
BAUM1a_MP4_all\s026\S026_022.mp4	dis	-1	tur	tr	f	BAUM1
BAUM1a_MP4_all\s026\S026_023.mp4	unc	-1	tur	tr	f	BAUM1
BAUM1a_MP4_all\s026\S026_024.mp4	unc	-1	tur	tr	f	BAUM1
BAUM1a_MP4_all\s026\S026_025.mp4	unc	-1	tur	tr	f	BAUM1
BAUM1a_MP4_all\s026\S026_026.mp4	unc	-1	tur	tr	f	BAUM1
BAUM1a_MP4_all\s026\S026_027.mp4	bor	-1	tur	tr	f	BAUM1
BAUM1a_MP4_all\s026\S026_028.mp4	bor	-1	tur	tr	f	BAUM1
BAUM1a_MP4_all\s026\S026_029.mp4	cur	1	tur	tr	f	BAUM1
BAUM1a_MP4_all\s027\S027_001.mp4	hap	1	tur	tr	f	BAUM1
BAUM1a_MP4_all\s027\S027_002.mp4	sad	-1	tur	tr	f	BAUM1
BAUM1a_MP4_all\s027\S027_003.mp4	fea	-1	tur	tr	f	BAUM1
BAUM1a_MP4_all\s027\S027_004.mp4	ang	-1	tur	tr	f	BAUM1
BAUM1a_MP4_all\s027\S027_005.mp4	dis	-1	tur	tr	f	BAUM1
BAUM1a_MP4_all\s027\S027_006.mp4	unc	-1	tur	tr	f	BAUM1
BAUM1a_MP4_all\s027\S027_007.mp4	bor	-1	tur	tr	f	BAUM1
BAUM1a_MP4_all\s028\S028_020.mp4	ang	-1	tur	tr	f	BAUM1
BAUM1a_MP4_all\s028\S028_021.mp4	ang	-1	tur	tr	f	BAUM1
BAUM1a_MP4_all\s028\S028_022.mp4	dis	-1	tur	tr	f	BAUM1
BAUM1a_MP4_all\s028\S028_023.mp4	unc	-1	tur	tr	f	BAUM1
BAUM1a_MP4_all\s028\S028_026.mp4	bor	-1	tur	tr	f	BAUM1
BAUM1a_MP4_all\s028\S028_028.mp4	cur	1	tur	tr	f	BAUM1
BAUM1a_MP4_all\s029\S029_001.mp4	hap	1	tur	tr	f	BAUM1
BAUM1a_MP4_all\s029\S029_002.mp4	unc	-1	tur	tr	f	BAUM1
BAUM1a_MP4_all\s029\S029_003.mp4	fea	-1	tur	tr	f	BAUM1
BAUM1a_MP4_all\s029\S029_004.mp4	ang	-1	tur	tr	f	BAUM1
BAUM1a_MP4_all\s029\S029_005.mp4	ang	-1	tur	tr	f	BAUM1
BAUM1a_MP4_all\s029\S029_006.mp4	dis	-1	tur	tr	f	BAUM1
BAUM1a_MP4_all\s029\S029_007.mp4	unc	-1	tur	tr	f	BAUM1
BAUM1a_MP4_all\s029\S029_008.mp4	bor	-1	tur	tr	f	BAUM1
BAUM1a_MP4_all\s029\S029_009.mp4	cur	1	tur	tr	f	BAUM1
BAUM1a_MP4_all\s030\S030_002.mp4	hap	1	tur	tr	f	BAUM1
BAUM1a_MP4_all\s030\S030_003.mp4	sad	-1	tur	tr	f	BAUM1
BAUM1a_MP4_all\s030\S030_004.mp4	sad	-1	tur	tr	f	BAUM1
BAUM1a_MP4_all\s030\S030_005.mp4	sad	-1	tur	tr	f	BAUM1
BAUM1a_MP4_all\s030\S030_006.mp4	fea	-1	tur	tr	f	BAUM1
BAUM1a_MP4_all\s030\S030_007.mp4	fea	-1	tur	tr	f	BAUM1
BAUM1a_MP4_all\s030\S030_008.mp4	ang	-1	tur	tr	f	BAUM1
BAUM1a_MP4_all\s030\S030_009.mp4	dis	-1	tur	tr	f	BAUM1
BAUM1a_MP4_all\s030\S030_010.mp4	unc	-1	tur	tr	f	BAUM1
BAUM1a_MP4_all\s030\S030_011.mp4	bor	-1	tur	tr	f	BAUM1
BAUM1a_MP4_all\s030\S030_012.mp4	cur	1	tur	tr	f	BAUM1
BAUM1a_MP4_all\s031\S031_002.mp4	hap	1	tur	tr	f	BAUM1
BAUM1a_MP4_all\s031\S031_003.mp4	sad	-1	tur	tr	f	BAUM1
BAUM1a_MP4_all\s031\S031_004.mp4	sad	-1	tur	tr	f	BAUM1
BAUM1a_MP4_all\s031\S031_005.mp4	ang	-1	tur	tr	f	BAUM1
BAUM1a_MP4_all\s031\S031_006.mp4	dis	-1	tur	tr	f	BAUM1
BAUM1a_MP4_all\s031\S031_007.mp4	dis	-1	tur	tr	f	BAUM1
BAUM1a_MP4_all\s031\S031_008.mp4	unc	-1	tur	tr	f	BAUM1
BAUM1a_MP4_all\s031\S031_009.mp4	bor	-1	tur	tr	f	BAUM1
BAUM1a_MP4_all\s031\S031_010.mp4	cur	1	tur	tr	f	BAUM1
BAUM1a_MP4_all\s002\S002_008.mp4	sur	-1	tur	tr	m	BAUM1
BAUM1a_MP4_all\s007\S007_005.mp4	sad	-1	tur	tr	m	BAUM1
BAUM1a_MP4_all\s015\S015_003.mp4	sad	-1	tur	tr	m	BAUM1
BAUM1a_MP4_all\s017\S017_008.mp4	bor	-1	tur	tr	f	BAUM1
BAUM1a_MP4_all\s017\S017_009.mp4	cur	1	tur	tr	f	BAUM1
BAUM1a_MP4_all\s018\S018_009.mp4	bor	-1	tur	tr	m	BAUM1
BAUM1a_MP4_all\s020\S020_005.mp4	sad	-1	tur	tr	m	BAUM1
BAUM1a_MP4_all\s022\S022_002.mp4	sad	-1	tur	tr	f	BAUM1
BAUM1s_MP4 - All\s001\S001_005.mp4	unc	-1	tur	tr	m	BAUM1
BAUM1s_MP4 - All\s001\S001_007.mp4	con	-1	tur	tr	m	BAUM1
BAUM1s_MP4 - All\s001\S001_008.mp4	con	-1	tur	tr	m	BAUM1
BAUM1s_MP4 - All\s001\S001_009.mp4	unc	-1	tur	tr	m	BAUM1
BAUM1s_MP4 - All\s001\S001_010.mp4	hap	1	tur	tr	m	BAUM1
BAUM1s_MP4 - All\s001\S001_011.mp4	hap	1	tur	tr	m	BAUM1
BAUM1s_MP4 - All\s001\S001_012.mp4	con	-1	tur	tr	m	BAUM1
BAUM1s_MP4 - All\s001\S001_013.mp4	con	-1	tur	tr	m	BAUM1
BAUM1s_MP4 - All\s001\S001_014.mp4	sad	-1	tur	tr	m	BAUM1
BAUM1s_MP4 - All\s001\S001_015.mp4	ang	-1	tur	tr	m	BAUM1
BAUM1s_MP4 - All\s002\S002_001.mp4	neu	0	tur	tr	m	BAUM1
BAUM1s_MP4 - All\s002\S002_010.mp4	unc	-1	tur	tr	m	BAUM1
BAUM1s_MP4 - All\s002\S002_011.mp4	unc	-1	tur	tr	m	BAUM1
BAUM1s_MP4 - All\s002\S002_012.mp4	con	-1	tur	tr	m	BAUM1
BAUM1s_MP4 - All\s002\S002_013.mp4	neu	0	tur	tr	m	BAUM1
BAUM1s_MP4 - All\s002\S002_014.mp4	con	-1	tur	tr	m	BAUM1
BAUM1s_MP4 - All\s002\S002_015.mp4	hap	1	tur	tr	m	BAUM1
BAUM1s_MP4 - All\s002\S002_016.mp4	unc	-1	tur	tr	m	BAUM1
BAUM1s_MP4 - All\s002\S002_017.mp4	hap	1	tur	tr	m	BAUM1
BAUM1s_MP4 - All\s002\S002_018.mp4	hap	1	tur	tr	m	BAUM1
BAUM1s_MP4 - All\s002\S002_019.mp4	neu	0	tur	tr	m	BAUM1
BAUM1s_MP4 - All\s002\S002_020.mp4	hap	1	tur	tr	m	BAUM1
BAUM1s_MP4 - All\s002\S002_021.mp4	unc	-1	tur	tr	m	BAUM1
BAUM1s_MP4 - All\s002\S002_022.mp4	hap	1	tur	tr	m	BAUM1
BAUM1s_MP4 - All\s002\S002_025.mp4	unc	-1	tur	tr	m	BAUM1
BAUM1s_MP4 - All\s002\S002_026.mp4	hap	1	tur	tr	m	BAUM1
BAUM1s_MP4 - All\s002\S002_027.mp4	ang	-1	tur	tr	m	BAUM1
BAUM1s_MP4 - All\s002\S002_028.mp4	ang	-1	tur	tr	m	BAUM1
BAUM1s_MP4 - All\s002\S002_029.mp4	hap	1	tur	tr	m	BAUM1
BAUM1s_MP4 - All\s002\S002_030.mp4	unc	-1	tur	tr	m	BAUM1
BAUM1s_MP4 - All\s002\S002_033.mp4	hap	1	tur	tr	m	BAUM1
BAUM1s_MP4 - All\s002\S002_035.mp4	neu	0	tur	tr	m	BAUM1
BAUM1s_MP4 - All\s002\S002_036.mp4	bor	-1	tur	tr	m	BAUM1
BAUM1s_MP4 - All\s002\S002_037.mp4	dis	-1	tur	tr	m	BAUM1
BAUM1s_MP4 - All\s002\S002_038.mp4	hap	1	tur	tr	m	BAUM1
BAUM1s_MP4 - All\s002\S002_039.mp4	hap	1	tur	tr	m	BAUM1
BAUM1s_MP4 - All\s002\S002_040.mp4	neu	0	tur	tr	m	BAUM1
BAUM1s_MP4 - All\s002\S002_041.mp4	neu	0	tur	tr	m	BAUM1
BAUM1s_MP4 - All\s002\S002_042.mp4	unc	-1	tur	tr	m	BAUM1
BAUM1s_MP4 - All\s002\S002_043.mp4	neu	0	tur	tr	m	BAUM1
BAUM1s_MP4 - All\s002\S002_045.mp4	hap	1	tur	tr	m	BAUM1
BAUM1s_MP4 - All\s002\S002_046.mp4	unc	-1	tur	tr	m	BAUM1
BAUM1s_MP4 - All\s002\S002_047.mp4	dis	-1	tur	tr	m	BAUM1
BAUM1s_MP4 - All\s002\S002_048.mp4	sad	-1	tur	tr	m	BAUM1
BAUM1s_MP4 - All\s002\S002_049.mp4	dis	-1	tur	tr	m	BAUM1
BAUM1s_MP4 - All\s003\S003_001.mp4	neu	0	tur	tr	m	BAUM1
BAUM1s_MP4 - All\s003\S003_011.mp4	unc	-1	tur	tr	m	BAUM1
BAUM1s_MP4 - All\s003\S003_012.mp4	unc	-1	tur	tr	m	BAUM1
BAUM1s_MP4 - All\s003\S003_013.mp4	neu	0	tur	tr	m	BAUM1
BAUM1s_MP4 - All\s003\S003_014.mp4	con	-1	tur	tr	m	BAUM1
BAUM1s_MP4 - All\s003\S003_015.mp4	hap	1	tur	tr	m	BAUM1
BAUM1s_MP4 - All\s003\S003_016.mp4	hap	1	tur	tr	m	BAUM1
BAUM1s_MP4 - All\s003\S003_017.mp4	hap	1	tur	tr	m	BAUM1
BAUM1s_MP4 - All\s003\S003_018.mp4	hap	1	tur	tr	m	BAUM1
BAUM1s_MP4 - All\s003\S003_019.mp4	neu	0	tur	tr	m	BAUM1
BAUM1s_MP4 - All\s003\S003_020.mp4	hap	1	tur	tr	m	BAUM1
BAUM1s_MP4 - All\s003\S003_021.mp4	neu	0	tur	tr	m	BAUM1
BAUM1s_MP4 - All\s003\S003_022.mp4	hap	1	tur	tr	m	BAUM1
BAUM1s_MP4 - All\s003\S003_025.mp4	sad	-1	tur	tr	m	BAUM1
BAUM1s_MP4 - All\s003\S003_027.mp4	sad	-1	tur	tr	m	BAUM1
BAUM1s_MP4 - All\s003\S003_028.mp4	ang	-1	tur	tr	m	BAUM1
BAUM1s_MP4 - All\s003\S003_029.mp4	hap	1	tur	tr	m	BAUM1
BAUM1s_MP4 - All\s003\S003_030.mp4	unc	-1	tur	tr	m	BAUM1
BAUM1s_MP4 - All\s003\S003_031.mp4	neu	0	tur	tr	m	BAUM1
BAUM1s_MP4 - All\s003\S003_032.mp4	hap	1	tur	tr	m	BAUM1
BAUM1s_MP4 - All\s003\S003_033.mp4	dis	-1	tur	tr	m	BAUM1
BAUM1s_MP4 - All\s003\S003_036.mp4	sad	-1	tur	tr	m	BAUM1
BAUM1s_MP4 - All\s003\S003_037.mp4	bot	-1	tur	tr	m	BAUM1
BAUM1s_MP4 - All\s003\S003_038.mp4	bot	-1	tur	tr	m	BAUM1
BAUM1s_MP4 - All\s003\S003_039.mp4	hap	1	tur	tr	m	BAUM1
BAUM1s_MP4 - All\s003\S003_040.mp4	neu	0	tur	tr	m	BAUM1
BAUM1s_MP4 - All\s003\S003_041.mp4	hap	1	tur	tr	m	BAUM1
BAUM1s_MP4 - All\s003\S003_042.mp4	hap	1	tur	tr	m	BAUM1
BAUM1s_MP4 - All\s003\S003_043.mp4	hap	1	tur	tr	m	BAUM1
BAUM1s_MP4 - All\s003\S003_046.mp4	ang	-1	tur	tr	m	BAUM1
BAUM1s_MP4 - All\s003\S003_047.mp4	dis	-1	tur	tr	m	BAUM1
BAUM1s_MP4 - All\s003\S003_048.mp4	fea	-1	tur	tr	m	BAUM1
BAUM1s_MP4 - All\s004\S004_001.mp4	neu	0	tur	tr	m	BAUM1
BAUM1s_MP4 - All\s004\S004_010.mp4	unc	-1	tur	tr	m	BAUM1
BAUM1s_MP4 - All\s004\S004_011.mp4	unc	-1	tur	tr	m	BAUM1
BAUM1s_MP4 - All\s004\S004_014.mp4	con	-1	tur	tr	m	BAUM1
BAUM1s_MP4 - All\s004\S004_016.mp4	con	-1	tur	tr	m	BAUM1
BAUM1s_MP4 - All\s004\S004_017.mp4	hap	1	tur	tr	m	BAUM1
BAUM1s_MP4 - All\s004\S004_018.mp4	hap	1	tur	tr	m	BAUM1
BAUM1s_MP4 - All\s004\S004_020.mp4	con	-1	tur	tr	m	BAUM1
BAUM1s_MP4 - All\s004\S004_022.mp4	hap	1	tur	tr	m	BAUM1
BAUM1s_MP4 - All\s004\S004_023.mp4	hap	1	tur	tr	m	BAUM1
BAUM1s_MP4 - All\s004\S004_025.mp4	neu	0	tur	tr	m	BAUM1
BAUM1s_MP4 - All\s004\S004_026.mp4	sad	-1	tur	tr	m	BAUM1
BAUM1s_MP4 - All\s004\S004_027.mp4	sad	-1	tur	tr	m	BAUM1
BAUM1s_MP4 - All\s004\S004_028.mp4	sad	-1	tur	tr	m	BAUM1
BAUM1s_MP4 - All\s004\S004_029.mp4	ang	-1	tur	tr	m	BAUM1
BAUM1s_MP4 - All\s004\S004_030.mp4	neu	0	tur	tr	m	BAUM1
BAUM1s_MP4 - All\s004\S004_031.mp4	ang	-1	tur	tr	m	BAUM1
BAUM1s_MP4 - All\s004\S004_032.mp4	dis	-1	tur	tr	m	BAUM1
BAUM1s_MP4 - All\s004\S004_033.mp4	fea	-1	tur	tr	m	BAUM1
BAUM1s_MP4 - All\s004\S004_034.mp4	dis	-1	tur	tr	m	BAUM1
BAUM1s_MP4 - All\s004\S004_036.mp4	fea	-1	tur	tr	m	BAUM1
BAUM1s_MP4 - All\s004\S004_037.mp4	fea	-1	tur	tr	m	BAUM1
BAUM1s_MP4 - All\s004\S004_038.mp4	dis	-1	tur	tr	m	BAUM1
BAUM1s_MP4 - All\s004\S004_039.mp4	dis	-1	tur	tr	m	BAUM1
BAUM1s_MP4 - All\s004\S004_040.mp4	fea	-1	tur	tr	m	BAUM1
BAUM1s_MP4 - All\s004\S004_041.mp4	sur	-1	tur	tr	m	BAUM1
BAUM1s_MP4 - All\s004\S004_042.mp4	ang	-1	tur	tr	m	BAUM1
BAUM1s_MP4 - All\s004\S004_043.mp4	fea	-1	tur	tr	m	BAUM1
BAUM1s_MP4 - All\s004\S004_046.mp4	dis	-1	tur	tr	m	BAUM1
BAUM1s_MP4 - All\s006\S006_001.mp4	neu	0	tur	tr	m	BAUM1
BAUM1s_MP4 - All\s006\S006_011.mp4	unc	-1	tur	tr	m	BAUM1
BAUM1s_MP4 - All\s006\S006_013.mp4	neu	0	tur	tr	m	BAUM1
BAUM1s_MP4 - All\s006\S006_014.mp4	con	-1	tur	tr	m	BAUM1
BAUM1s_MP4 - All\s006\S006_016.mp4	hap	1	tur	tr	m	BAUM1
BAUM1s_MP4 - All\s006\S006_018.mp4	hap	1	tur	tr	m	BAUM1
BAUM1s_MP4 - All\s006\S006_019.mp4	hap	1	tur	tr	m	BAUM1
BAUM1s_MP4 - All\s006\S006_020.mp4	con	-1	tur	tr	m	BAUM1
BAUM1s_MP4 - All\s006\S006_021.mp4	bor	-1	tur	tr	m	BAUM1
BAUM1s_MP4 - All\s006\S006_022.mp4	hap	1	tur	tr	m	BAUM1
BAUM1s_MP4 - All\s006\S006_024.mp4	bor	-1	tur	tr	m	BAUM1
BAUM1s_MP4 - All\s006\S006_026.mp4	hap	1	tur	tr	m	BAUM1
BAUM1s_MP4 - All\s006\S006_029.mp4	sad	-1	tur	tr	m	BAUM1
BAUM1s_MP4 - All\s006\S006_030.mp4	neu	0	tur	tr	m	BAUM1
BAUM1s_MP4 - All\s006\S006_031.mp4	con	-1	tur	tr	m	BAUM1
BAUM1s_MP4 - All\s006\S006_032.mp4	neu	0	tur	tr	m	BAUM1
BAUM1s_MP4 - All\s006\S006_035.mp4	bor	-1	tur	tr	m	BAUM1
BAUM1s_MP4 - All\s006\S006_036.mp4	neu	0	tur	tr	m	BAUM1
BAUM1s_MP4 - All\s006\S006_037.mp4	hap	1	tur	tr	m	BAUM1
BAUM1s_MP4 - All\s006\S006_040.mp4	neu	0	tur	tr	m	BAUM1
BAUM1s_MP4 - All\s006\S006_042.mp4	neu	0	tur	tr	m	BAUM1
BAUM1s_MP4 - All\s006\S006_045.mp4	neu	0	tur	tr	m	BAUM1
BAUM1s_MP4 - All\s006\S006_046.mp4	dis	-1	tur	tr	m	BAUM1
BAUM1s_MP4 - All\s006\S006_047.mp4	neu	0	tur	tr	m	BAUM1
BAUM1s_MP4 - All\s006\S006_048.mp4	bot	-1	tur	tr	m	BAUM1
BAUM1s_MP4 - All\s006\S006_049.mp4	fea	-1	tur	tr	m	BAUM1
BAUM1s_MP4 - All\s006\S006_050.mp4	dis	-1	tur	tr	m	BAUM1
BAUM1s_MP4 - All\s006\S006_051.mp4	con	-1	tur	tr	m	BAUM1
BAUM1s_MP4 - All\s006\S006_053.mp4	con	-1	tur	tr	m	BAUM1
BAUM1s_MP4 - All\s006\S006_054.mp4	con	-1	tur	tr	m	BAUM1
BAUM1s_MP4 - All\s006\S006_055.mp4	neu	0	tur	tr	m	BAUM1
BAUM1s_MP4 - All\s007\S007_001.mp4	neu	0	tur	tr	m	BAUM1
BAUM1s_MP4 - All\s007\S007_011.mp4	unc	-1	tur	tr	m	BAUM1
BAUM1s_MP4 - All\s007\S007_014.mp4	con	-1	tur	tr	m	BAUM1
BAUM1s_MP4 - All\s007\S007_015.mp4	con	-1	tur	tr	m	BAUM1
BAUM1s_MP4 - All\s007\S007_016.mp4	unc	-1	tur	tr	m	BAUM1
BAUM1s_MP4 - All\s007\S007_017.mp4	unc	-1	tur	tr	m	BAUM1
BAUM1s_MP4 - All\s007\S007_018.mp4	hap	1	tur	tr	m	BAUM1
BAUM1s_MP4 - All\s007\S007_020.mp4	hap	1	tur	tr	m	BAUM1
BAUM1s_MP4 - All\s007\S007_025.mp4	neu	0	tur	tr	m	BAUM1
BAUM1s_MP4 - All\s007\S007_027.mp4	bot	-1	tur	tr	m	BAUM1
BAUM1s_MP4 - All\s007\S007_028.mp4	sad	-1	tur	tr	m	BAUM1
BAUM1s_MP4 - All\s007\S007_029.mp4	ang	-1	tur	tr	m	BAUM1
BAUM1s_MP4 - All\s007\S007_032.mp4	bot	-1	tur	tr	m	BAUM1
BAUM1s_MP4 - All\s007\S007_034.mp4	dis	-1	tur	tr	m	BAUM1
BAUM1s_MP4 - All\s007\S007_035.mp4	dis	-1	tur	tr	m	BAUM1
BAUM1s_MP4 - All\s007\S007_036.mp4	dis	-1	tur	tr	m	BAUM1
BAUM1s_MP4 - All\s007\S007_037.mp4	dis	-1	tur	tr	m	BAUM1
BAUM1s_MP4 - All\s007\S007_038.mp4	dis	-1	tur	tr	m	BAUM1
BAUM1s_MP4 - All\s007\S007_039.mp4	unc	-1	tur	tr	m	BAUM1
BAUM1s_MP4 - All\s007\S007_042.mp4	dis	-1	tur	tr	m	BAUM1
BAUM1s_MP4 - All\s007\S007_043.mp4	fea	-1	tur	tr	m	BAUM1
BAUM1s_MP4 - All\s007\S007_044.mp4	fea	-1	tur	tr	m	BAUM1
BAUM1s_MP4 - All\s007\S007_045.mp4	fea	-1	tur	tr	m	BAUM1
BAUM1s_MP4 - All\s007\S007_046.mp4	dis	-1	tur	tr	m	BAUM1
BAUM1s_MP4 - All\s007\S007_047.mp4	fea	-1	tur	tr	m	BAUM1
BAUM1s_MP4 - All\s007\S007_048.mp4	fea	-1	tur	tr	m	BAUM1
BAUM1s_MP4 - All\s007\S007_049.mp4	fea	-1	tur	tr	m	BAUM1
BAUM1s_MP4 - All\s007\S007_050.mp4	fea	-1	tur	tr	m	BAUM1
BAUM1s_MP4 - All\s008\S008_001.mp4	neu	0	tur	tr	m	BAUM1
BAUM1s_MP4 - All\s008\S008_019.mp4	con	-1	tur	tr	m	BAUM1
BAUM1s_MP4 - All\s008\S008_020.mp4	unc	-1	tur	tr	m	BAUM1
BAUM1s_MP4 - All\s008\S008_021.mp4	con	-1	tur	tr	m	BAUM1
BAUM1s_MP4 - All\s008\S008_022.mp4	hap	1	tur	tr	m	BAUM1
BAUM1s_MP4 - All\s008\S008_023.mp4	hap	1	tur	tr	m	BAUM1
BAUM1s_MP4 - All\s008\S008_024.mp4	hap	1	tur	tr	m	BAUM1
BAUM1s_MP4 - All\s008\S008_025.mp4	hap	1	tur	tr	m	BAUM1
BAUM1s_MP4 - All\s008\S008_027.mp4	con	-1	tur	tr	m	BAUM1
BAUM1s_MP4 - All\s008\S008_029.mp4	ang	-1	tur	tr	m	BAUM1
BAUM1s_MP4 - All\s008\S008_030.mp4	ang	-1	tur	tr	m	BAUM1
BAUM1s_MP4 - All\s008\S008_031.mp4	neu	0	tur	tr	m	BAUM1
BAUM1s_MP4 - All\s008\S008_032.mp4	sad	-1	tur	tr	m	BAUM1
BAUM1s_MP4 - All\s008\S008_033.mp4	ang	-1	tur	tr	m	BAUM1
BAUM1s_MP4 - All\s008\S008_034.mp4	hap	1	tur	tr	m	BAUM1
BAUM1s_MP4 - All\s008\S008_036.mp4	fea	-1	tur	tr	m	BAUM1
BAUM1s_MP4 - All\s008\S008_038.mp4	bot	-1	tur	tr	m	BAUM1
BAUM1s_MP4 - All\s008\S008_041.mp4	bot	-1	tur	tr	m	BAUM1
BAUM1s_MP4 - All\s008\S008_043.mp4	sur	-1	tur	tr	m	BAUM1
BAUM1s_MP4 - All\s008\S008_044.mp4	sur	-1	tur	tr	m	BAUM1
BAUM1s_MP4 - All\s008\S008_045.mp4	dis	-1	tur	tr	m	BAUM1
BAUM1s_MP4 - All\s008\S008_046.mp4	hap	1	tur	tr	m	BAUM1
BAUM1s_MP4 - All\s008\S008_048.mp4	con	-1	tur	tr	m	BAUM1
BAUM1s_MP4 - All\s008\S008_049.mp4	hap	1	tur	tr	m	BAUM1
BAUM1s_MP4 - All\s008\S008_050.mp4	hap	1	tur	tr	m	BAUM1
BAUM1s_MP4 - All\s008\S008_051.mp4	sad	-1	tur	tr	m	BAUM1
BAUM1s_MP4 - All\s009\S009_001.mp4	neu	0	tur	tr	m	BAUM1
BAUM1s_MP4 - All\s009\S009_011.mp4	unc	-1	tur	tr	m	BAUM1
BAUM1s_MP4 - All\s009\S009_012.mp4	con	-1	tur	tr	m	BAUM1
BAUM1s_MP4 - All\s009\S009_013.mp4	unc	-1	tur	tr	m	BAUM1
BAUM1s_MP4 - All\s009\S009_014.mp4	neu	0	tur	tr	m	BAUM1
BAUM1s_MP4 - All\s009\S009_015.mp4	hap	1	tur	tr	m	BAUM1
BAUM1s_MP4 - All\s009\S009_016.mp4	neu	0	tur	tr	m	BAUM1
BAUM1s_MP4 - All\s009\S009_019.mp4	sur	-1	tur	tr	m	BAUM1
BAUM1s_MP4 - All\s009\S009_020.mp4	unc	-1	tur	tr	m	BAUM1
BAUM1s_MP4 - All\s009\S009_022.mp4	con	-1	tur	tr	m	BAUM1
BAUM1s_MP4 - All\s009\S009_023.mp4	unc	-1	tur	tr	m	BAUM1
BAUM1s_MP4 - All\s009\S009_025.mp4	neu	0	tur	tr	m	BAUM1
BAUM1s_MP4 - All\s009\S009_026.mp4	ang	-1	tur	tr	m	BAUM1
BAUM1s_MP4 - All\s009\S009_027.mp4	bot	-1	tur	tr	m	BAUM1
BAUM1s_MP4 - All\s009\S009_028.mp4	sad	-1	tur	tr	m	BAUM1
BAUM1s_MP4 - All\s009\S009_029.mp4	sad	-1	tur	tr	m	BAUM1
BAUM1s_MP4 - All\s009\S009_030.mp4	bot	-1	tur	tr	m	BAUM1
BAUM1s_MP4 - All\s009\S009_031.mp4	sad	-1	tur	tr	m	BAUM1
BAUM1s_MP4 - All\s009\S009_032.mp4	ang	-1	tur	tr	m	BAUM1
BAUM1s_MP4 - All\s009\S009_033.mp4	ang	-1	tur	tr	m	BAUM1
BAUM1s_MP4 - All\s009\S009_034.mp4	sad	-1	tur	tr	m	BAUM1
BAUM1s_MP4 - All\s009\S009_035.mp4	sad	-1	tur	tr	m	BAUM1
BAUM1s_MP4 - All\s009\S009_036.mp4	sad	-1	tur	tr	m	BAUM1
BAUM1s_MP4 - All\s009\S009_037.mp4	unc	-1	tur	tr	m	BAUM1
BAUM1s_MP4 - All\s009\S009_038.mp4	neu	0	tur	tr	m	BAUM1
BAUM1s_MP4 - All\s009\S009_039.mp4	ang	-1	tur	tr	m	BAUM1
BAUM1s_MP4 - All\s009\S009_040.mp4	bot	-1	tur	tr	m	BAUM1
BAUM1s_MP4 - All\s009\S009_041.mp4	dis	-1	tur	tr	m	BAUM1
BAUM1s_MP4 - All\s009\S009_042.mp4	dis	-1	tur	tr	m	BAUM1
BAUM1s_MP4 - All\s009\S009_044.mp4	ang	-1	tur	tr	m	BAUM1
BAUM1s_MP4 - All\s009\S009_045.mp4	ang	-1	tur	tr	m	BAUM1
BAUM1s_MP4 - All\s009\S009_046.mp4	sad	-1	tur	tr	m	BAUM1
BAUM1s_MP4 - All\s009\S009_047.mp4	sad	-1	tur	tr	m	BAUM1
BAUM1s_MP4 - All\s009\S009_048.mp4	fea	-1	tur	tr	m	BAUM1
BAUM1s_MP4 - All\s009\S009_049.mp4	fea	-1	tur	tr	m	BAUM1
BAUM1s_MP4 - All\s009\S009_050.mp4	sad	-1	tur	tr	m	BAUM1
BAUM1s_MP4 - All\s009\S009_051.mp4	fea	-1	tur	tr	m	BAUM1
BAUM1s_MP4 - All\s010\S010_001.mp4	hap	1	tur	tr	f	BAUM1
BAUM1s_MP4 - All\s010\S010_002.mp4	neu	0	tur	tr	f	BAUM1
BAUM1s_MP4 - All\s010\S010_010.mp4	con	-1	tur	tr	f	BAUM1
BAUM1s_MP4 - All\s010\S010_011.mp4	con	-1	tur	tr	f	BAUM1
BAUM1s_MP4 - All\s010\S010_012.mp4	sur	-1	tur	tr	f	BAUM1
BAUM1s_MP4 - All\s010\S010_013.mp4	unc	-1	tur	tr	f	BAUM1
BAUM1s_MP4 - All\s010\S010_015.mp4	dis	-1	tur	tr	f	BAUM1
BAUM1s_MP4 - All\s010\S010_016.mp4	hap	1	tur	tr	f	BAUM1
BAUM1s_MP4 - All\s010\S010_017.mp4	unc	-1	tur	tr	f	BAUM1
BAUM1s_MP4 - All\s010\S010_018.mp4	unc	-1	tur	tr	f	BAUM1
BAUM1s_MP4 - All\s010\S010_019.mp4	bot	-1	tur	tr	f	BAUM1
BAUM1s_MP4 - All\s010\S010_021.mp4	con	-1	tur	tr	f	BAUM1
BAUM1s_MP4 - All\s010\S010_023.mp4	con	-1	tur	tr	f	BAUM1
BAUM1s_MP4 - All\s010\S010_024.mp4	hap	1	tur	tr	f	BAUM1
BAUM1s_MP4 - All\s010\S010_025.mp4	hap	1	tur	tr	f	BAUM1
BAUM1s_MP4 - All\s010\S010_026.mp4	hap	1	tur	tr	f	BAUM1
BAUM1s_MP4 - All\s010\S010_030.mp4	unc	-1	tur	tr	f	BAUM1
BAUM1s_MP4 - All\s010\S010_031.mp4	bot	-1	tur	tr	f	BAUM1
BAUM1s_MP4 - All\s010\S010_032.mp4	neu	0	tur	tr	f	BAUM1
BAUM1s_MP4 - All\s010\S010_033.mp4	unc	-1	tur	tr	f	BAUM1
BAUM1s_MP4 - All\s010\S010_034.mp4	unc	-1	tur	tr	f	BAUM1
BAUM1s_MP4 - All\s010\S010_036.mp4	bor	-1	tur	tr	f	BAUM1
BAUM1s_MP4 - All\s010\S010_037.mp4	sad	-1	tur	tr	f	BAUM1
BAUM1s_MP4 - All\s010\S010_038.mp4	sad	-1	tur	tr	f	BAUM1
BAUM1s_MP4 - All\s010\S010_039.mp4	dis	-1	tur	tr	f	BAUM1
BAUM1s_MP4 - All\s010\S010_040.mp4	dis	-1	tur	tr	f	BAUM1
BAUM1s_MP4 - All\s010\S010_041.mp4	dis	-1	tur	tr	f	BAUM1
BAUM1s_MP4 - All\s010\S010_042.mp4	sad	-1	tur	tr	f	BAUM1
BAUM1s_MP4 - All\s010\S010_043.mp4	ang	-1	tur	tr	f	BAUM1
BAUM1s_MP4 - All\s010\S010_044.mp4	bot	-1	tur	tr	f	BAUM1
BAUM1s_MP4 - All\s010\S010_045.mp4	bot	-1	tur	tr	f	BAUM1
BAUM1s_MP4 - All\s010\S010_046.mp4	bot	-1	tur	tr	f	BAUM1
BAUM1s_MP4 - All\s010\S010_047.mp4	bot	-1	tur	tr	f	BAUM1
BAUM1s_MP4 - All\s010\S010_048.mp4	sad	-1	tur	tr	f	BAUM1
BAUM1s_MP4 - All\s010\S010_049.mp4	sad	-1	tur	tr	f	BAUM1
BAUM1s_MP4 - All\s010\S010_050.mp4	neu	0	tur	tr	f	BAUM1
BAUM1s_MP4 - All\s010\S010_051.mp4	hap	1	tur	tr	f	BAUM1
BAUM1s_MP4 - All\s010\S010_053.mp4	neu	0	tur	tr	f	BAUM1
BAUM1s_MP4 - All\s010\S010_055.mp4	unc	-1	tur	tr	f	BAUM1
BAUM1s_MP4 - All\s010\S010_056.mp4	dis	-1	tur	tr	f	BAUM1
BAUM1s_MP4 - All\s010\S010_057.mp4	dis	-1	tur	tr	f	BAUM1
BAUM1s_MP4 - All\s010\S010_058.mp4	dis	-1	tur	tr	f	BAUM1
BAUM1s_MP4 - All\s010\S010_059.mp4	hap	1	tur	tr	f	BAUM1
BAUM1s_MP4 - All\s010\S010_060.mp4	sad	-1	tur	tr	f	BAUM1
BAUM1s_MP4 - All\s010\S010_061.mp4	sad	-1	tur	tr	f	BAUM1
BAUM1s_MP4 - All\s010\S010_062.mp4	sad	-1	tur	tr	f	BAUM1
BAUM1s_MP4 - All\s010\S010_063.mp4	dis	-1	tur	tr	f	BAUM1
BAUM1s_MP4 - All\s010\S010_064.mp4	dis	-1	tur	tr	f	BAUM1
BAUM1s_MP4 - All\s010\S010_065.mp4	dis	-1	tur	tr	f	BAUM1
BAUM1s_MP4 - All\s010\S010_066.mp4	dis	-1	tur	tr	f	BAUM1
BAUM1s_MP4 - All\s010\S010_067.mp4	bot	-1	tur	tr	f	BAUM1
BAUM1s_MP4 - All\s010\S010_068.mp4	sur	-1	tur	tr	f	BAUM1
BAUM1s_MP4 - All\s010\S010_069.mp4	sur	-1	tur	tr	f	BAUM1
BAUM1s_MP4 - All\s010\S010_070.mp4	fea	-1	tur	tr	f	BAUM1
BAUM1s_MP4 - All\s010\S010_071.mp4	dis	-1	tur	tr	f	BAUM1
BAUM1s_MP4 - All\s010\S010_072.mp4	hap	1	tur	tr	f	BAUM1
BAUM1s_MP4 - All\s011\S011_001.mp4	hap	1	tur	tr	m	BAUM1
BAUM1s_MP4 - All\s011\S011_002.mp4	neu	0	tur	tr	m	BAUM1
BAUM1s_MP4 - All\s011\S011_012.mp4	con	-1	tur	tr	m	BAUM1
BAUM1s_MP4 - All\s011\S011_013.mp4	con	-1	tur	tr	m	BAUM1
BAUM1s_MP4 - All\s011\S011_014.mp4	con	-1	tur	tr	m	BAUM1
BAUM1s_MP4 - All\s011\S011_015.mp4	con	-1	tur	tr	m	BAUM1
BAUM1s_MP4 - All\s011\S011_016.mp4	con	-1	tur	tr	m	BAUM1
BAUM1s_MP4 - All\s011\S011_017.mp4	con	-1	tur	tr	m	BAUM1
BAUM1s_MP4 - All\s011\S011_018.mp4	con	-1	tur	tr	m	BAUM1
BAUM1s_MP4 - All\s011\S011_019.mp4	con	-1	tur	tr	m	BAUM1
BAUM1s_MP4 - All\s011\S011_020.mp4	hap	1	tur	tr	m	BAUM1
BAUM1s_MP4 - All\s011\S011_021.mp4	hap	1	tur	tr	m	BAUM1
BAUM1s_MP4 - All\s011\S011_022.mp4	hap	1	tur	tr	m	BAUM1
BAUM1s_MP4 - All\s011\S011_023.mp4	con	-1	tur	tr	m	BAUM1
BAUM1s_MP4 - All\s011\S011_024.mp4	hap	1	tur	tr	m	BAUM1
BAUM1s_MP4 - All\s011\S011_028.mp4	unc	-1	tur	tr	m	BAUM1
BAUM1s_MP4 - All\s011\S011_033.mp4	neu	0	tur	tr	m	BAUM1
BAUM1s_MP4 - All\s011\S011_036.mp4	dis	-1	tur	tr	m	BAUM1
BAUM1s_MP4 - All\s011\S011_037.mp4	unc	-1	tur	tr	m	BAUM1
BAUM1s_MP4 - All\s012\S012_001.mp4	hap	1	tur	tr	f	BAUM1
BAUM1s_MP4 - All\s012\S012_002.mp4	hap	1	tur	tr	f	BAUM1
BAUM1s_MP4 - All\s012\S012_010.mp4	con	-1	tur	tr	f	BAUM1
BAUM1s_MP4 - All\s012\S012_012.mp4	hap	1	tur	tr	f	BAUM1
BAUM1s_MP4 - All\s012\S012_013.mp4	hap	1	tur	tr	f	BAUM1
BAUM1s_MP4 - All\s012\S012_014.mp4	hap	1	tur	tr	f	BAUM1
BAUM1s_MP4 - All\s012\S012_015.mp4	hap	1	tur	tr	f	BAUM1
BAUM1s_MP4 - All\s012\S012_016.mp4	con	-1	tur	tr	f	BAUM1
BAUM1s_MP4 - All\s012\S012_017.mp4	hap	1	tur	tr	f	BAUM1
BAUM1s_MP4 - All\s012\S012_019.mp4	sad	-1	tur	tr	f	BAUM1
BAUM1s_MP4 - All\s012\S012_021.mp4	sad	-1	tur	tr	f	BAUM1
BAUM1s_MP4 - All\s012\S012_022.mp4	dis	-1	tur	tr	f	BAUM1
BAUM1s_MP4 - All\s012\S012_023.mp4	dis	-1	tur	tr	f	BAUM1
BAUM1s_MP4 - All\s012\S012_024.mp4	bot	-1	tur	tr	f	BAUM1
BAUM1s_MP4 - All\s012\S012_025.mp4	bot	-1	tur	tr	f	BAUM1
BAUM1s_MP4 - All\s012\S012_026.mp4	sur	-1	tur	tr	f	BAUM1
BAUM1s_MP4 - All\s012\S012_027.mp4	sur	-1	tur	tr	f	BAUM1
BAUM1s_MP4 - All\s012\S012_028.mp4	dis	-1	tur	tr	f	BAUM1
BAUM1s_MP4 - All\s012\S012_029.mp4	sad	-1	tur	tr	f	BAUM1
BAUM1s_MP4 - All\s012\S012_030.mp4	ang	-1	tur	tr	f	BAUM1
BAUM1s_MP4 - All\s012\S012_032.mp4	sad	-1	tur	tr	f	BAUM1
BAUM1s_MP4 - All\s012\S012_033.mp4	neu	0	tur	tr	f	BAUM1
BAUM1s_MP4 - All\s012\S012_034.mp4	sad	-1	tur	tr	f	BAUM1
BAUM1s_MP4 - All\s012\S012_035.mp4	neu	0	tur	tr	f	BAUM1
BAUM1s_MP4 - All\s012\S012_036.mp4	unc	-1	tur	tr	f	BAUM1
BAUM1s_MP4 - All\s012\S012_037.mp4	neu	0	tur	tr	f	BAUM1
BAUM1s_MP4 - All\s012\S012_038.mp4	bot	-1	tur	tr	f	BAUM1
BAUM1s_MP4 - All\s012\S012_039.mp4	bot	-1	tur	tr	f	BAUM1
BAUM1s_MP4 - All\s012\S012_040.mp4	sad	-1	tur	tr	f	BAUM1
BAUM1s_MP4 - All\s012\S012_041.mp4	bot	-1	tur	tr	f	BAUM1
BAUM1s_MP4 - All\s012\S012_042.mp4	sur	-1	tur	tr	f	BAUM1
BAUM1s_MP4 - All\s012\S012_043.mp4	sur	-1	tur	tr	f	BAUM1
BAUM1s_MP4 - All\s013\S013_001.mp4	neu	0	tur	tr	m	BAUM1
BAUM1s_MP4 - All\s013\S013_013.mp4	unc	-1	tur	tr	m	BAUM1
BAUM1s_MP4 - All\s013\S013_014.mp4	con	-1	tur	tr	m	BAUM1
BAUM1s_MP4 - All\s013\S013_015.mp4	unc	-1	tur	tr	m	BAUM1
BAUM1s_MP4 - All\s013\S013_016.mp4	con	-1	tur	tr	m	BAUM1
BAUM1s_MP4 - All\s013\S013_017.mp4	hap	1	tur	tr	m	BAUM1
BAUM1s_MP4 - All\s013\S013_018.mp4	hap	1	tur	tr	m	BAUM1
BAUM1s_MP4 - All\s013\S013_019.mp4	neu	0	tur	tr	m	BAUM1
BAUM1s_MP4 - All\s013\S013_020.mp4	hap	1	tur	tr	m	BAUM1
BAUM1s_MP4 - All\s013\S013_021.mp4	hap	1	tur	tr	m	BAUM1
BAUM1s_MP4 - All\s013\S013_022.mp4	dis	-1	tur	tr	m	BAUM1
BAUM1s_MP4 - All\s013\S013_023.mp4	neu	0	tur	tr	m	BAUM1
BAUM1s_MP4 - All\s013\S013_024.mp4	sad	-1	tur	tr	m	BAUM1
BAUM1s_MP4 - All\s013\S013_025.mp4	dis	-1	tur	tr	m	BAUM1
BAUM1s_MP4 - All\s013\S013_027.mp4	sad	-1	tur	tr	m	BAUM1
BAUM1s_MP4 - All\s013\S013_028.mp4	sad	-1	tur	tr	m	BAUM1
BAUM1s_MP4 - All\s013\S013_029.mp4	sur	-1	tur	tr	m	BAUM1
BAUM1s_MP4 - All\s013\S013_032.mp4	ang	-1	tur	tr	m	BAUM1
BAUM1s_MP4 - All\s013\S013_034.mp4	sad	-1	tur	tr	m	BAUM1
BAUM1s_MP4 - All\s013\S013_035.mp4	con	-1	tur	tr	m	BAUM1
BAUM1s_MP4 - All\s013\S013_038.mp4	sad	-1	tur	tr	m	BAUM1
BAUM1s_MP4 - All\s013\S013_039.mp4	bot	-1	tur	tr	m	BAUM1
BAUM1s_MP4 - All\s013\S013_040.mp4	dis	-1	tur	tr	m	BAUM1
BAUM1s_MP4 - All\s013\S013_041.mp4	bot	-1	tur	tr	m	BAUM1
BAUM1s_MP4 - All\s013\S013_042.mp4	ang	-1	tur	tr	m	BAUM1
BAUM1s_MP4 - All\s013\S013_043.mp4	bot	-1	tur	tr	m	BAUM1
BAUM1s_MP4 - All\s013\S013_044.mp4	dis	-1	tur	tr	m	BAUM1
BAUM1s_MP4 - All\s014\S014_001.mp4	neu	0	tur	tr	m	BAUM1
BAUM1s_MP4 - All\s014\S014_011.mp4	unc	-1	tur	tr	m	BAUM1
BAUM1s_MP4 - All\s014\S014_012.mp4	unc	-1	tur	tr	m	BAUM1
BAUM1s_MP4 - All\s014\S014_013.mp4	unc	-1	tur	tr	m	BAUM1
BAUM1s_MP4 - All\s014\S014_014.mp4	unc	-1	tur	tr	m	BAUM1
BAUM1s_MP4 - All\s014\S014_015.mp4	hap	1	tur	tr	m	BAUM1
BAUM1s_MP4 - All\s014\S014_016.mp4	hap	1	tur	tr	m	BAUM1
BAUM1s_MP4 - All\s014\S014_017.mp4	hap	1	tur	tr	m	BAUM1
BAUM1s_MP4 - All\s014\S014_018.mp4	hap	1	tur	tr	m	BAUM1
BAUM1s_MP4 - All\s014\S014_019.mp4	sur	-1	tur	tr	m	BAUM1
BAUM1s_MP4 - All\s014\S014_022.mp4	neu	0	tur	tr	m	BAUM1
BAUM1s_MP4 - All\s014\S014_023.mp4	neu	0	tur	tr	m	BAUM1
BAUM1s_MP4 - All\s014\S014_024.mp4	neu	0	tur	tr	m	BAUM1
BAUM1s_MP4 - All\s014\S014_026.mp4	con	-1	tur	tr	m	BAUM1
BAUM1s_MP4 - All\s014\S014_027.mp4	neu	0	tur	tr	m	BAUM1
BAUM1s_MP4 - All\s014\S014_028.mp4	neu	0	tur	tr	m	BAUM1
BAUM1s_MP4 - All\s014\S014_029.mp4	neu	0	tur	tr	m	BAUM1
BAUM1s_MP4 - All\s014\S014_030.mp4	hap	1	tur	tr	m	BAUM1
BAUM1s_MP4 - All\s014\S014_031.mp4	bot	-1	tur	tr	m	BAUM1
BAUM1s_MP4 - All\s014\S014_032.mp4	bot	-1	tur	tr	m	BAUM1
BAUM1s_MP4 - All\s014\S014_033.mp4	dis	-1	tur	tr	m	BAUM1
BAUM1s_MP4 - All\s014\S014_034.mp4	dis	-1	tur	tr	m	BAUM1
BAUM1s_MP4 - All\s014\S014_035.mp4	dis	-1	tur	tr	m	BAUM1
BAUM1s_MP4 - All\s014\S014_036.mp4	neu	0	tur	tr	m	BAUM1
BAUM1s_MP4 - All\s014\S014_037.mp4	unc	-1	tur	tr	m	BAUM1
BAUM1s_MP4 - All\s014\S014_040.mp4	bot	-1	tur	tr	m	BAUM1
BAUM1s_MP4 - All\s015\S015_001.mp4	hap	1	tur	tr	m	BAUM1
BAUM1s_MP4 - All\s015\S015_002.mp4	unc	-1	tur	tr	m	BAUM1
BAUM1s_MP4 - All\s015\S015_007.mp4	hap	1	tur	tr	m	BAUM1
BAUM1s_MP4 - All\s015\S015_008.mp4	neu	0	tur	tr	m	BAUM1
BAUM1s_MP4 - All\s015\S015_009.mp4	con	-1	tur	tr	m	BAUM1
BAUM1s_MP4 - All\s015\S015_010.mp4	unc	-1	tur	tr	m	BAUM1
BAUM1s_MP4 - All\s015\S015_011.mp4	con	-1	tur	tr	m	BAUM1
BAUM1s_MP4 - All\s015\S015_012.mp4	con	-1	tur	tr	m	BAUM1
BAUM1s_MP4 - All\s015\S015_013.mp4	neu	0	tur	tr	m	BAUM1
BAUM1s_MP4 - All\s015\S015_016.mp4	hap	1	tur	tr	m	BAUM1
BAUM1s_MP4 - All\s015\S015_017.mp4	hap	1	tur	tr	m	BAUM1
BAUM1s_MP4 - All\s015\S015_019.mp4	hap	1	tur	tr	m	BAUM1
BAUM1s_MP4 - All\s015\S015_024.mp4	bot	-1	tur	tr	m	BAUM1
BAUM1s_MP4 - All\s015\S015_025.mp4	bor	-1	tur	tr	m	BAUM1
BAUM1s_MP4 - All\s015\S015_026.mp4	neu	0	tur	tr	m	BAUM1
BAUM1s_MP4 - All\s015\S015_028.mp4	hap	1	tur	tr	m	BAUM1
BAUM1s_MP4 - All\s015\S015_033.mp4	sad	-1	tur	tr	m	BAUM1
BAUM1s_MP4 - All\s015\S015_036.mp4	neu	0	tur	tr	m	BAUM1
BAUM1s_MP4 - All\s015\S015_037.mp4	unc	-1	tur	tr	m	BAUM1
BAUM1s_MP4 - All\s015\S015_038.mp4	bot	-1	tur	tr	m	BAUM1
BAUM1s_MP4 - All\s015\S015_040.mp4	ang	-1	tur	tr	m	BAUM1
BAUM1s_MP4 - All\s015\S015_041.mp4	ang	-1	tur	tr	m	BAUM1
BAUM1s_MP4 - All\s015\S015_043.mp4	ang	-1	tur	tr	m	BAUM1
BAUM1s_MP4 - All\s015\S015_044.mp4	ang	-1	tur	tr	m	BAUM1
BAUM1s_MP4 - All\s015\S015_045.mp4	hap	1	tur	tr	m	BAUM1
BAUM1s_MP4 - All\s015\S015_046.mp4	unc	-1	tur	tr	m	BAUM1
BAUM1s_MP4 - All\s015\S015_047.mp4	unc	-1	tur	tr	m	BAUM1
BAUM1s_MP4 - All\s015\S015_048.mp4	neu	0	tur	tr	m	BAUM1
BAUM1s_MP4 - All\s015\S015_050.mp4	neu	0	tur	tr	m	BAUM1
BAUM1s_MP4 - All\s015\S015_052.mp4	dis	-1	tur	tr	m	BAUM1
BAUM1s_MP4 - All\s015\S015_053.mp4	dis	-1	tur	tr	m	BAUM1
BAUM1s_MP4 - All\s015\S015_054.mp4	bot	-1	tur	tr	m	BAUM1
BAUM1s_MP4 - All\s015\S015_055.mp4	bot	-1	tur	tr	m	BAUM1
BAUM1s_MP4 - All\s015\S015_056.mp4	hap	1	tur	tr	m	BAUM1
BAUM1s_MP4 - All\s015\S015_057.mp4	dis	-1	tur	tr	m	BAUM1
BAUM1s_MP4 - All\s015\S015_058.mp4	bot	-1	tur	tr	m	BAUM1
BAUM1s_MP4 - All\s015\S015_059.mp4	dis	-1	tur	tr	m	BAUM1
BAUM1s_MP4 - All\s016\S016_001.mp4	neu	0	tur	tr	m	BAUM1
BAUM1s_MP4 - All\s016\S016_004.mp4	hap	1	tur	tr	m	BAUM1
BAUM1s_MP4 - All\s016\S016_008.mp4	hap	1	tur	tr	m	BAUM1
BAUM1s_MP4 - All\s016\S016_011.mp4	con	-1	tur	tr	m	BAUM1
BAUM1s_MP4 - All\s016\S016_012.mp4	hap	1	tur	tr	m	BAUM1
BAUM1s_MP4 - All\s016\S016_014.mp4	neu	0	tur	tr	m	BAUM1
BAUM1s_MP4 - All\s016\S016_015.mp4	bor	-1	tur	tr	m	BAUM1
BAUM1s_MP4 - All\s016\S016_016.mp4	dis	-1	tur	tr	m	BAUM1
BAUM1s_MP4 - All\s016\S016_017.mp4	unc	-1	tur	tr	m	BAUM1
BAUM1s_MP4 - All\s016\S016_018.mp4	dis	-1	tur	tr	m	BAUM1
BAUM1s_MP4 - All\s016\S016_019.mp4	sur	-1	tur	tr	m	BAUM1
BAUM1s_MP4 - All\s017\S017_010.mp4	unc	-1	tur	tr	f	BAUM1
BAUM1s_MP4 - All\s017\S017_011.mp4	unc	-1	tur	tr	f	BAUM1
BAUM1s_MP4 - All\s017\S017_013.mp4	con	-1	tur	tr	f	BAUM1
BAUM1s_MP4 - All\s017\S017_014.mp4	unc	-1	tur	tr	f	BAUM1
BAUM1s_MP4 - All\s017\S017_016.mp4	con	-1	tur	tr	f	BAUM1
BAUM1s_MP4 - All\s017\S017_017.mp4	unc	-1	tur	tr	f	BAUM1
BAUM1s_MP4 - All\s017\S017_019.mp4	unc	-1	tur	tr	f	BAUM1
BAUM1s_MP4 - All\s017\S017_020.mp4	unc	-1	tur	tr	f	BAUM1
BAUM1s_MP4 - All\s017\S017_021.mp4	hap	1	tur	tr	f	BAUM1
BAUM1s_MP4 - All\s017\S017_023.mp4	neu	0	tur	tr	f	BAUM1
BAUM1s_MP4 - All\s017\S017_024.mp4	hap	1	tur	tr	f	BAUM1
BAUM1s_MP4 - All\s017\S017_025.mp4	hap	1	tur	tr	f	BAUM1
BAUM1s_MP4 - All\s017\S017_026.mp4	hap	1	tur	tr	f	BAUM1
BAUM1s_MP4 - All\s017\S017_028.mp4	neu	0	tur	tr	f	BAUM1
BAUM1s_MP4 - All\s017\S017_032.mp4	hap	1	tur	tr	f	BAUM1
BAUM1s_MP4 - All\s017\S017_033.mp4	sur	-1	tur	tr	f	BAUM1
BAUM1s_MP4 - All\s017\S017_034.mp4	hap	1	tur	tr	f	BAUM1
BAUM1s_MP4 - All\s017\S017_035.mp4	bot	-1	tur	tr	f	BAUM1
BAUM1s_MP4 - All\s017\S017_036.mp4	neu	0	tur	tr	f	BAUM1
BAUM1s_MP4 - All\s017\S017_037.mp4	sad	-1	tur	tr	f	BAUM1
BAUM1s_MP4 - All\s017\S017_038.mp4	sad	-1	tur	tr	f	BAUM1
BAUM1s_MP4 - All\s017\S017_039.mp4	sad	-1	tur	tr	f	BAUM1
BAUM1s_MP4 - All\s017\S017_040.mp4	sad	-1	tur	tr	f	BAUM1
BAUM1s_MP4 - All\s017\S017_041.mp4	sad	-1	tur	tr	f	BAUM1
BAUM1s_MP4 - All\s017\S017_042.mp4	sad	-1	tur	tr	f	BAUM1
BAUM1s_MP4 - All\s017\S017_043.mp4	sad	-1	tur	tr	f	BAUM1
BAUM1s_MP4 - All\s017\S017_044.mp4	ang	-1	tur	tr	f	BAUM1
BAUM1s_MP4 - All\s017\S017_045.mp4	sad	-1	tur	tr	f	BAUM1
BAUM1s_MP4 - All\s017\S017_046.mp4	sad	-1	tur	tr	f	BAUM1
BAUM1s_MP4 - All\s017\S017_047.mp4	ang	-1	tur	tr	f	BAUM1
BAUM1s_MP4 - All\s017\S017_048.mp4	sad	-1	tur	tr	f	BAUM1
BAUM1s_MP4 - All\s017\S017_049.mp4	dis	-1	tur	tr	f	BAUM1
BAUM1s_MP4 - All\s017\S017_050.mp4	sad	-1	tur	tr	f	BAUM1
BAUM1s_MP4 - All\s017\S017_052.mp4	dis	-1	tur	tr	f	BAUM1
BAUM1s_MP4 - All\s017\S017_053.mp4	bot	-1	tur	tr	f	BAUM1
BAUM1s_MP4 - All\s017\S017_054.mp4	hap	1	tur	tr	f	BAUM1
BAUM1s_MP4 - All\s017\S017_055.mp4	hap	1	tur	tr	f	BAUM1
BAUM1s_MP4 - All\s018\S018_001.mp4	neu	0	tur	tr	m	BAUM1
BAUM1s_MP4 - All\s018\S018_012.mp4	neu	0	tur	tr	m	BAUM1
BAUM1s_MP4 - All\s018\S018_013.mp4	con	-1	tur	tr	m	BAUM1
BAUM1s_MP4 - All\s018\S018_014.mp4	unc	-1	tur	tr	m	BAUM1
BAUM1s_MP4 - All\s018\S018_015.mp4	neu	0	tur	tr	m	BAUM1
BAUM1s_MP4 - All\s018\S018_016.mp4	neu	0	tur	tr	m	BAUM1
BAUM1s_MP4 - All\s018\S018_017.mp4	unc	-1	tur	tr	m	BAUM1
BAUM1s_MP4 - All\s018\S018_018.mp4	hap	1	tur	tr	m	BAUM1
BAUM1s_MP4 - All\s018\S018_020.mp4	bor	-1	tur	tr	m	BAUM1
BAUM1s_MP4 - All\s018\S018_021.mp4	hap	1	tur	tr	m	BAUM1
BAUM1s_MP4 - All\s018\S018_022.mp4	hap	1	tur	tr	m	BAUM1
BAUM1s_MP4 - All\s018\S018_023.mp4	hap	1	tur	tr	m	BAUM1
BAUM1s_MP4 - All\s018\S018_024.mp4	sur	-1	tur	tr	m	BAUM1
BAUM1s_MP4 - All\s018\S018_026.mp4	unc	-1	tur	tr	m	BAUM1
BAUM1s_MP4 - All\s018\S018_027.mp4	unc	-1	tur	tr	m	BAUM1
BAUM1s_MP4 - All\s018\S018_028.mp4	sad	-1	tur	tr	m	BAUM1
BAUM1s_MP4 - All\s018\S018_029.mp4	unc	-1	tur	tr	m	BAUM1
BAUM1s_MP4 - All\s018\S018_030.mp4	sad	-1	tur	tr	m	BAUM1
BAUM1s_MP4 - All\s018\S018_031.mp4	sad	-1	tur	tr	m	BAUM1
BAUM1s_MP4 - All\s018\S018_032.mp4	hap	1	tur	tr	m	BAUM1
BAUM1s_MP4 - All\s018\S018_033.mp4	ang	-1	tur	tr	m	BAUM1
BAUM1s_MP4 - All\s018\S018_036.mp4	sad	-1	tur	tr	m	BAUM1
BAUM1s_MP4 - All\s018\S018_039.mp4	unc	-1	tur	tr	m	BAUM1
BAUM1s_MP4 - All\s018\S018_040.mp4	bot	-1	tur	tr	m	BAUM1
BAUM1s_MP4 - All\s018\S018_041.mp4	bot	-1	tur	tr	m	BAUM1
BAUM1s_MP4 - All\s018\S018_044.mp4	bor	-1	tur	tr	m	BAUM1
BAUM1s_MP4 - All\s019\S019_001.mp4	neu	0	tur	tr	f	BAUM1
BAUM1s_MP4 - All\s019\S019_024.mp4	con	-1	tur	tr	f	BAUM1
BAUM1s_MP4 - All\s019\S019_025.mp4	con	-1	tur	tr	f	BAUM1
BAUM1s_MP4 - All\s019\S019_026.mp4	con	-1	tur	tr	f	BAUM1
BAUM1s_MP4 - All\s019\S019_027.mp4	unc	-1	tur	tr	f	BAUM1
BAUM1s_MP4 - All\s019\S019_029.mp4	con	-1	tur	tr	f	BAUM1
BAUM1s_MP4 - All\s019\S019_030.mp4	neu	0	tur	tr	f	BAUM1
BAUM1s_MP4 - All\s019\S019_031.mp4	neu	0	tur	tr	f	BAUM1
BAUM1s_MP4 - All\s019\S019_032.mp4	unc	-1	tur	tr	f	BAUM1
BAUM1s_MP4 - All\s019\S019_033.mp4	unc	-1	tur	tr	f	BAUM1
BAUM1s_MP4 - All\s019\S019_034.mp4	hap	1	tur	tr	f	BAUM1
BAUM1s_MP4 - All\s019\S019_035.mp4	hap	1	tur	tr	f	BAUM1
BAUM1s_MP4 - All\s019\S019_036.mp4	hap	1	tur	tr	f	BAUM1
BAUM1s_MP4 - All\s019\S019_037.mp4	hap	1	tur	tr	f	BAUM1
BAUM1s_MP4 - All\s019\S019_038.mp4	hap	1	tur	tr	f	BAUM1
BAUM1s_MP4 - All\s019\S019_039.mp4	neu	0	tur	tr	f	BAUM1
BAUM1s_MP4 - All\s019\S019_040.mp4	neu	0	tur	tr	f	BAUM1
BAUM1s_MP4 - All\s019\S019_041.mp4	hap	1	tur	tr	f	BAUM1
BAUM1s_MP4 - All\s019\S019_042.mp4	hap	1	tur	tr	f	BAUM1
BAUM1s_MP4 - All\s019\S019_043.mp4	neu	0	tur	tr	f	BAUM1
BAUM1s_MP4 - All\s019\S019_044.mp4	neu	0	tur	tr	f	BAUM1
BAUM1s_MP4 - All\s019\S019_046.mp4	sad	-1	tur	tr	f	BAUM1
BAUM1s_MP4 - All\s019\S019_047.mp4	sad	-1	tur	tr	f	BAUM1
BAUM1s_MP4 - All\s019\S019_048.mp4	sad	-1	tur	tr	f	BAUM1
BAUM1s_MP4 - All\s019\S019_049.mp4	sad	-1	tur	tr	f	BAUM1
BAUM1s_MP4 - All\s019\S019_050.mp4	sad	-1	tur	tr	f	BAUM1
BAUM1s_MP4 - All\s019\S019_051.mp4	sad	-1	tur	tr	f	BAUM1
BAUM1s_MP4 - All\s019\S019_052.mp4	sad	-1	tur	tr	f	BAUM1
BAUM1s_MP4 - All\s019\S019_053.mp4	sad	-1	tur	tr	f	BAUM1
BAUM1s_MP4 - All\s019\S019_054.mp4	ang	-1	tur	tr	f	BAUM1
BAUM1s_MP4 - All\s019\S019_055.mp4	ang	-1	tur	tr	f	BAUM1
BAUM1s_MP4 - All\s019\S019_056.mp4	ang	-1	tur	tr	f	BAUM1
BAUM1s_MP4 - All\s019\S019_057.mp4	ang	-1	tur	tr	f	BAUM1
BAUM1s_MP4 - All\s019\S019_058.mp4	ang	-1	tur	tr	f	BAUM1
BAUM1s_MP4 - All\s019\S019_059.mp4	neu	0	tur	tr	f	BAUM1
BAUM1s_MP4 - All\s019\S019_062.mp4	fea	-1	tur	tr	f	BAUM1
BAUM1s_MP4 - All\s019\S019_063.mp4	dis	-1	tur	tr	f	BAUM1
BAUM1s_MP4 - All\s019\S019_064.mp4	dis	-1	tur	tr	f	BAUM1
BAUM1s_MP4 - All\s019\S019_065.mp4	dis	-1	tur	tr	f	BAUM1
BAUM1s_MP4 - All\s019\S019_066.mp4	neu	0	tur	tr	f	BAUM1
BAUM1s_MP4 - All\s019\S019_067.mp4	sad	-1	tur	tr	f	BAUM1
BAUM1s_MP4 - All\s019\S019_068.mp4	sad	-1	tur	tr	f	BAUM1
BAUM1s_MP4 - All\s019\S019_069.mp4	sad	-1	tur	tr	f	BAUM1
BAUM1s_MP4 - All\s019\S019_070.mp4	dis	-1	tur	tr	f	BAUM1
BAUM1s_MP4 - All\s019\S019_071.mp4	neu	0	tur	tr	f	BAUM1
BAUM1s_MP4 - All\s019\S019_072.mp4	sur	-1	tur	tr	f	BAUM1
BAUM1s_MP4 - All\s019\S019_074.mp4	sur	-1	tur	tr	f	BAUM1
BAUM1s_MP4 - All\s020\S020_001.mp4	neu	0	tur	tr	m	BAUM1
BAUM1s_MP4 - All\s020\S020_015.mp4	con	-1	tur	tr	m	BAUM1
BAUM1s_MP4 - All\s020\S020_016.mp4	con	-1	tur	tr	m	BAUM1
BAUM1s_MP4 - All\s020\S020_018.mp4	unc	-1	tur	tr	m	BAUM1
BAUM1s_MP4 - All\s020\S020_019.mp4	con	-1	tur	tr	m	BAUM1
BAUM1s_MP4 - All\s020\S020_020.mp4	con	-1	tur	tr	m	BAUM1
BAUM1s_MP4 - All\s020\S020_021.mp4	hap	1	tur	tr	m	BAUM1
BAUM1s_MP4 - All\s020\S020_022.mp4	neu	0	tur	tr	m	BAUM1
BAUM1s_MP4 - All\s020\S020_023.mp4	hap	1	tur	tr	m	BAUM1
BAUM1s_MP4 - All\s020\S020_024.mp4	bor	-1	tur	tr	m	BAUM1
BAUM1s_MP4 - All\s020\S020_025.mp4	neu	0	tur	tr	m	BAUM1
BAUM1s_MP4 - All\s020\S020_026.mp4	hap	1	tur	tr	m	BAUM1
BAUM1s_MP4 - All\s020\S020_027.mp4	neu	0	tur	tr	m	BAUM1
BAUM1s_MP4 - All\s020\S020_029.mp4	sur	-1	tur	tr	m	BAUM1
BAUM1s_MP4 - All\s020\S020_031.mp4	sur	-1	tur	tr	m	BAUM1
BAUM1s_MP4 - All\s020\S020_032.mp4	sur	-1	tur	tr	m	BAUM1
BAUM1s_MP4 - All\s020\S020_033.mp4	sad	-1	tur	tr	m	BAUM1
BAUM1s_MP4 - All\s020\S020_034.mp4	sad	-1	tur	tr	m	BAUM1
BAUM1s_MP4 - All\s020\S020_035.mp4	sad	-1	tur	tr	m	BAUM1
BAUM1s_MP4 - All\s020\S020_036.mp4	neu	0	tur	tr	m	BAUM1
BAUM1s_MP4 - All\s020\S020_037.mp4	sad	-1	tur	tr	m	BAUM1
BAUM1s_MP4 - All\s020\S020_038.mp4	sad	-1	tur	tr	m	BAUM1
BAUM1s_MP4 - All\s020\S020_039.mp4	sad	-1	tur	tr	m	BAUM1
BAUM1s_MP4 - All\s020\S020_040.mp4	sad	-1	tur	tr	m	BAUM1
BAUM1s_MP4 - All\s020\S020_041.mp4	sad	-1	tur	tr	m	BAUM1
BAUM1s_MP4 - All\s020\S020_042.mp4	sad	-1	tur	tr	m	BAUM1
BAUM1s_MP4 - All\s020\S020_043.mp4	sad	-1	tur	tr	m	BAUM1
BAUM1s_MP4 - All\s020\S020_044.mp4	ang	-1	tur	tr	m	BAUM1
BAUM1s_MP4 - All\s020\S020_045.mp4	ang	-1	tur	tr	m	BAUM1
BAUM1s_MP4 - All\s020\S020_046.mp4	ang	-1	tur	tr	m	BAUM1
BAUM1s_MP4 - All\s020\S020_047.mp4	ang	-1	tur	tr	m	BAUM1
BAUM1s_MP4 - All\s020\S020_048.mp4	neu	0	tur	tr	m	BAUM1
BAUM1s_MP4 - All\s020\S020_050.mp4	unc	-1	tur	tr	m	BAUM1
BAUM1s_MP4 - All\s020\S020_051.mp4	neu	0	tur	tr	m	BAUM1
BAUM1s_MP4 - All\s020\S020_052.mp4	neu	0	tur	tr	m	BAUM1
BAUM1s_MP4 - All\s020\S020_053.mp4	sur	-1	tur	tr	m	BAUM1
BAUM1s_MP4 - All\s020\S020_054.mp4	bot	-1	tur	tr	m	BAUM1
BAUM1s_MP4 - All\s020\S020_055.mp4	dis	-1	tur	tr	m	BAUM1
BAUM1s_MP4 - All\s020\S020_056.mp4	dis	-1	tur	tr	m	BAUM1
BAUM1s_MP4 - All\s020\S020_057.mp4	dis	-1	tur	tr	m	BAUM1
BAUM1s_MP4 - All\s020\S020_058.mp4	ang	-1	tur	tr	m	BAUM1
BAUM1s_MP4 - All\s020\S020_059.mp4	ang	-1	tur	tr	m	BAUM1
BAUM1s_MP4 - All\s020\S020_060.mp4	unc	-1	tur	tr	m	BAUM1
BAUM1s_MP4 - All\s020\S020_062.mp4	bot	-1	tur	tr	m	BAUM1
BAUM1s_MP4 - All\s020\S020_063.mp4	sad	-1	tur	tr	m	BAUM1
BAUM1s_MP4 - All\s021\S021_010.mp4	hap	1	tur	tr	f	BAUM1
BAUM1s_MP4 - All\s021\S021_011.mp4	unc	-1	tur	tr	f	BAUM1
BAUM1s_MP4 - All\s021\S021_012.mp4	unc	-1	tur	tr	f	BAUM1
BAUM1s_MP4 - All\s021\S021_013.mp4	unc	-1	tur	tr	f	BAUM1
BAUM1s_MP4 - All\s021\S021_014.mp4	neu	0	tur	tr	f	BAUM1
BAUM1s_MP4 - All\s021\S021_015.mp4	con	-1	tur	tr	f	BAUM1
BAUM1s_MP4 - All\s021\S021_017.mp4	con	-1	tur	tr	f	BAUM1
BAUM1s_MP4 - All\s021\S021_020.mp4	unc	-1	tur	tr	f	BAUM1
BAUM1s_MP4 - All\s021\S021_021.mp4	neu	0	tur	tr	f	BAUM1
BAUM1s_MP4 - All\s021\S021_022.mp4	bot	-1	tur	tr	f	BAUM1
BAUM1s_MP4 - All\s021\S021_024.mp4	unc	-1	tur	tr	f	BAUM1
BAUM1s_MP4 - All\s021\S021_026.mp4	unc	-1	tur	tr	f	BAUM1
BAUM1s_MP4 - All\s021\S021_027.mp4	hap	1	tur	tr	f	BAUM1
BAUM1s_MP4 - All\s021\S021_028.mp4	hap	1	tur	tr	f	BAUM1
BAUM1s_MP4 - All\s021\S021_031.mp4	hap	1	tur	tr	f	BAUM1
BAUM1s_MP4 - All\s021\S021_032.mp4	unc	-1	tur	tr	f	BAUM1
BAUM1s_MP4 - All\s021\S021_033.mp4	unc	-1	tur	tr	f	BAUM1
BAUM1s_MP4 - All\s021\S021_035.mp4	bot	-1	tur	tr	f	BAUM1
BAUM1s_MP4 - All\s021\S021_036.mp4	con	-1	tur	tr	f	BAUM1
BAUM1s_MP4 - All\s021\S021_037.mp4	bor	-1	tur	tr	f	BAUM1
BAUM1s_MP4 - All\s021\S021_038.mp4	hap	1	tur	tr	f	BAUM1
BAUM1s_MP4 - All\s021\S021_039.mp4	hap	1	tur	tr	f	BAUM1
BAUM1s_MP4 - All\s021\S021_040.mp4	sur	-1	tur	tr	f	BAUM1
BAUM1s_MP4 - All\s021\S021_041.mp4	sur	-1	tur	tr	f	BAUM1
BAUM1s_MP4 - All\s021\S021_042.mp4	sur	-1	tur	tr	f	BAUM1
BAUM1s_MP4 - All\s021\S021_043.mp4	bot	-1	tur	tr	f	BAUM1
BAUM1s_MP4 - All\s021\S021_045.mp4	bot	-1	tur	tr	f	BAUM1
BAUM1s_MP4 - All\s021\S021_046.mp4	bot	-1	tur	tr	f	BAUM1
BAUM1s_MP4 - All\s021\S021_047.mp4	sad	-1	tur	tr	f	BAUM1
BAUM1s_MP4 - All\s021\S021_048.mp4	neu	0	tur	tr	f	BAUM1
BAUM1s_MP4 - All\s021\S021_049.mp4	ang	-1	tur	tr	f	BAUM1
BAUM1s_MP4 - All\s021\S021_050.mp4	ang	-1	tur	tr	f	BAUM1
BAUM1s_MP4 - All\s021\S021_051.mp4	sad	-1	tur	tr	f	BAUM1
BAUM1s_MP4 - All\s021\S021_052.mp4	sad	-1	tur	tr	f	BAUM1
BAUM1s_MP4 - All\s021\S021_053.mp4	sad	-1	tur	tr	f	BAUM1
BAUM1s_MP4 - All\s021\S021_054.mp4	sad	-1	tur	tr	f	BAUM1
BAUM1s_MP4 - All\s021\S021_055.mp4	sad	-1	tur	tr	f	BAUM1
BAUM1s_MP4 - All\s021\S021_056.mp4	bot	-1	tur	tr	f	BAUM1
BAUM1s_MP4 - All\s021\S021_057.mp4	bor	-1	tur	tr	f	BAUM1
BAUM1s_MP4 - All\s021\S021_058.mp4	sad	-1	tur	tr	f	BAUM1
BAUM1s_MP4 - All\s021\S021_059.mp4	bor	-1	tur	tr	f	BAUM1
BAUM1s_MP4 - All\s021\S021_060.mp4	neu	0	tur	tr	f	BAUM1
BAUM1s_MP4 - All\s021\S021_062.mp4	sur	-1	tur	tr	f	BAUM1
BAUM1s_MP4 - All\s021\S021_063.mp4	fea	-1	tur	tr	f	BAUM1
BAUM1s_MP4 - All\s021\S021_064.mp4	ang	-1	tur	tr	f	BAUM1
BAUM1s_MP4 - All\s021\S021_065.mp4	sad	-1	tur	tr	f	BAUM1
BAUM1s_MP4 - All\s021\S021_066.mp4	sad	-1	tur	tr	f	BAUM1
BAUM1s_MP4 - All\s021\S021_067.mp4	ang	-1	tur	tr	f	BAUM1
BAUM1s_MP4 - All\s021\S021_068.mp4	ang	-1	tur	tr	f	BAUM1
BAUM1s_MP4 - All\s021\S021_069.mp4	ang	-1	tur	tr	f	BAUM1
BAUM1s_MP4 - All\s021\S021_070.mp4	hap	1	tur	tr	f	BAUM1
BAUM1s_MP4 - All\s021\S021_072.mp4	bot	-1	tur	tr	f	BAUM1
BAUM1s_MP4 - All\s021\S021_073.mp4	neu	0	tur	tr	f	BAUM1
BAUM1s_MP4 - All\s021\S021_074.mp4	ang	-1	tur	tr	f	BAUM1
BAUM1s_MP4 - All\s021\S021_076.mp4	bot	-1	tur	tr	f	BAUM1
BAUM1s_MP4 - All\s021\S021_077.mp4	dis	-1	tur	tr	f	BAUM1
BAUM1s_MP4 - All\s021\S021_078.mp4	dis	-1	tur	tr	f	BAUM1
BAUM1s_MP4 - All\s021\S021_079.mp4	dis	-1	tur	tr	f	BAUM1
BAUM1s_MP4 - All\s021\S021_080.mp4	bor	-1	tur	tr	f	BAUM1
BAUM1s_MP4 - All\s021\S021_081.mp4	unc	-1	tur	tr	f	BAUM1
BAUM1s_MP4 - All\s021\S021_082.mp4	bot	-1	tur	tr	f	BAUM1
BAUM1s_MP4 - All\s021\S021_083.mp4	sad	-1	tur	tr	f	BAUM1
BAUM1s_MP4 - All\s021\S021_084.mp4	sad	-1	tur	tr	f	BAUM1
BAUM1s_MP4 - All\s021\S021_085.mp4	dis	-1	tur	tr	f	BAUM1
BAUM1s_MP4 - All\s021\S021_086.mp4	sad	-1	tur	tr	f	BAUM1
BAUM1s_MP4 - All\s021\S021_087.mp4	sad	-1	tur	tr	f	BAUM1
BAUM1s_MP4 - All\s021\S021_088.mp4	fea	-1	tur	tr	f	BAUM1
BAUM1s_MP4 - All\s021\S021_089.mp4	bot	-1	tur	tr	f	BAUM1
BAUM1s_MP4 - All\s021\S021_090.mp4	bot	-1	tur	tr	f	BAUM1
BAUM1s_MP4 - All\s021\S021_091.mp4	dis	-1	tur	tr	f	BAUM1
BAUM1s_MP4 - All\s021\S021_092.mp4	fea	-1	tur	tr	f	BAUM1
BAUM1s_MP4 - All\s021\S021_093.mp4	fea	-1	tur	tr	f	BAUM1
BAUM1s_MP4 - All\s021\S021_094.mp4	sur	-1	tur	tr	f	BAUM1
BAUM1s_MP4 - All\s021\S021_095.mp4	sur	-1	tur	tr	f	BAUM1
BAUM1s_MP4 - All\s021\S021_096.mp4	unc	-1	tur	tr	f	BAUM1
BAUM1s_MP4 - All\s021\S021_097.mp4	unc	-1	tur	tr	f	BAUM1
BAUM1s_MP4 - All\s021\S021_098.mp4	bot	-1	tur	tr	f	BAUM1
BAUM1s_MP4 - All\s021\S021_099.mp4	sur	-1	tur	tr	f	BAUM1
BAUM1s_MP4 - All\s021\S021_100.mp4	hap	1	tur	tr	f	BAUM1
BAUM1s_MP4 - All\s022\S022_011.mp4	unc	-1	tur	tr	f	BAUM1
BAUM1s_MP4 - All\s022\S022_012.mp4	unc	-1	tur	tr	f	BAUM1
BAUM1s_MP4 - All\s022\S022_013.mp4	con	-1	tur	tr	f	BAUM1
BAUM1s_MP4 - All\s022\S022_014.mp4	unc	-1	tur	tr	f	BAUM1
BAUM1s_MP4 - All\s022\S022_015.mp4	unc	-1	tur	tr	f	BAUM1
BAUM1s_MP4 - All\s022\S022_016.mp4	unc	-1	tur	tr	f	BAUM1
BAUM1s_MP4 - All\s022\S022_017.mp4	neu	0	tur	tr	f	BAUM1
BAUM1s_MP4 - All\s022\S022_018.mp4	con	-1	tur	tr	f	BAUM1
BAUM1s_MP4 - All\s022\S022_019.mp4	sur	-1	tur	tr	f	BAUM1
BAUM1s_MP4 - All\s022\S022_020.mp4	unc	-1	tur	tr	f	BAUM1
BAUM1s_MP4 - All\s022\S022_022.mp4	hap	1	tur	tr	f	BAUM1
BAUM1s_MP4 - All\s022\S022_023.mp4	neu	0	tur	tr	f	BAUM1
BAUM1s_MP4 - All\s022\S022_025.mp4	hap	1	tur	tr	f	BAUM1
BAUM1s_MP4 - All\s022\S022_026.mp4	neu	0	tur	tr	f	BAUM1
BAUM1s_MP4 - All\s022\S022_028.mp4	hap	1	tur	tr	f	BAUM1
BAUM1s_MP4 - All\s022\S022_030.mp4	con	-1	tur	tr	f	BAUM1
BAUM1s_MP4 - All\s022\S022_032.mp4	ang	-1	tur	tr	f	BAUM1
BAUM1s_MP4 - All\s022\S022_033.mp4	neu	0	tur	tr	f	BAUM1
BAUM1s_MP4 - All\s022\S022_034.mp4	bot	-1	tur	tr	f	BAUM1
BAUM1s_MP4 - All\s022\S022_035.mp4	bot	-1	tur	tr	f	BAUM1
BAUM1s_MP4 - All\s022\S022_036.mp4	bot	-1	tur	tr	f	BAUM1
BAUM1s_MP4 - All\s022\S022_037.mp4	bot	-1	tur	tr	f	BAUM1
BAUM1s_MP4 - All\s022\S022_038.mp4	bot	-1	tur	tr	f	BAUM1
BAUM1s_MP4 - All\s022\S022_039.mp4	ang	-1	tur	tr	f	BAUM1
BAUM1s_MP4 - All\s022\S022_040.mp4	neu	0	tur	tr	f	BAUM1
BAUM1s_MP4 - All\s022\S022_041.mp4	hap	1	tur	tr	f	BAUM1
BAUM1s_MP4 - All\s022\S022_043.mp4	unc	-1	tur	tr	f	BAUM1
BAUM1s_MP4 - All\s022\S022_044.mp4	unc	-1	tur	tr	f	BAUM1
BAUM1s_MP4 - All\s022\S022_045.mp4	unc	-1	tur	tr	f	BAUM1
BAUM1s_MP4 - All\s022\S022_047.mp4	sur	-1	tur	tr	f	BAUM1
BAUM1s_MP4 - All\s022\S022_048.mp4	sad	-1	tur	tr	f	BAUM1
BAUM1s_MP4 - All\s022\S022_050.mp4	sad	-1	tur	tr	f	BAUM1
BAUM1s_MP4 - All\s022\S022_051.mp4	bot	-1	tur	tr	f	BAUM1
BAUM1s_MP4 - All\s022\S022_052.mp4	sad	-1	tur	tr	f	BAUM1
BAUM1s_MP4 - All\s022\S022_053.mp4	ang	-1	tur	tr	f	BAUM1
BAUM1s_MP4 - All\s022\S022_054.mp4	neu	0	tur	tr	f	BAUM1
BAUM1s_MP4 - All\s022\S022_055.mp4	sad	-1	tur	tr	f	BAUM1
BAUM1s_MP4 - All\s022\S022_056.mp4	con	-1	tur	tr	f	BAUM1
BAUM1s_MP4 - All\s022\S022_057.mp4	con	-1	tur	tr	f	BAUM1
BAUM1s_MP4 - All\s022\S022_058.mp4	sad	-1	tur	tr	f	BAUM1
BAUM1s_MP4 - All\s022\S022_059.mp4	fea	-1	tur	tr	f	BAUM1
BAUM1s_MP4 - All\s022\S022_060.mp4	dis	-1	tur	tr	f	BAUM1
BAUM1s_MP4 - All\s022\S022_061.mp4	hap	1	tur	tr	f	BAUM1
BAUM1s_MP4 - All\s022\S022_062.mp4	neu	0	tur	tr	f	BAUM1
BAUM1s_MP4 - All\s022\S022_063.mp4	dis	-1	tur	tr	f	BAUM1
BAUM1s_MP4 - All\s022\S022_064.mp4	bot	-1	tur	tr	f	BAUM1
BAUM1s_MP4 - All\s022\S022_065.mp4	dis	-1	tur	tr	f	BAUM1
BAUM1s_MP4 - All\s022\S022_066.mp4	dis	-1	tur	tr	f	BAUM1
BAUM1s_MP4 - All\s022\S022_067.mp4	bor	-1	tur	tr	f	BAUM1
BAUM1s_MP4 - All\s022\S022_068.mp4	neu	0	tur	tr	f	BAUM1
BAUM1s_MP4 - All\s023\S023_015.mp4	unc	-1	tur	tr	m	BAUM1
BAUM1s_MP4 - All\s023\S023_017.mp4	hap	1	tur	tr	m	BAUM1
BAUM1s_MP4 - All\s023\S023_018.mp4	hap	1	tur	tr	m	BAUM1
BAUM1s_MP4 - All\s023\S023_019.mp4	unc	-1	tur	tr	m	BAUM1
BAUM1s_MP4 - All\s023\S023_020.mp4	neu	0	tur	tr	m	BAUM1
BAUM1s_MP4 - All\s023\S023_021.mp4	neu	0	tur	tr	m	BAUM1
BAUM1s_MP4 - All\s023\S023_022.mp4	neu	0	tur	tr	m	BAUM1
BAUM1s_MP4 - All\s023\S023_023.mp4	neu	0	tur	tr	m	BAUM1
BAUM1s_MP4 - All\s023\S023_024.mp4	neu	0	tur	tr	m	BAUM1
BAUM1s_MP4 - All\s023\S023_025.mp4	neu	0	tur	tr	m	BAUM1
BAUM1s_MP4 - All\s023\S023_026.mp4	neu	0	tur	tr	m	BAUM1
BAUM1s_MP4 - All\s023\S023_027.mp4	hap	1	tur	tr	m	BAUM1
BAUM1s_MP4 - All\s023\S023_028.mp4	hap	1	tur	tr	m	BAUM1
BAUM1s_MP4 - All\s023\S023_029.mp4	hap	1	tur	tr	m	BAUM1
BAUM1s_MP4 - All\s023\S023_030.mp4	unc	-1	tur	tr	m	BAUM1
BAUM1s_MP4 - All\s023\S023_031.mp4	hap	1	tur	tr	m	BAUM1
BAUM1s_MP4 - All\s023\S023_032.mp4	hap	1	tur	tr	m	BAUM1
BAUM1s_MP4 - All\s023\S023_033.mp4	hap	1	tur	tr	m	BAUM1
BAUM1s_MP4 - All\s023\S023_034.mp4	bot	-1	tur	tr	m	BAUM1
BAUM1s_MP4 - All\s023\S023_035.mp4	unc	-1	tur	tr	m	BAUM1
BAUM1s_MP4 - All\s023\S023_036.mp4	bot	-1	tur	tr	m	BAUM1
BAUM1s_MP4 - All\s023\S023_037.mp4	sad	-1	tur	tr	m	BAUM1
BAUM1s_MP4 - All\s023\S023_038.mp4	sad	-1	tur	tr	m	BAUM1
BAUM1s_MP4 - All\s023\S023_039.mp4	unc	-1	tur	tr	m	BAUM1
BAUM1s_MP4 - All\s023\S023_040.mp4	neu	0	tur	tr	m	BAUM1
BAUM1s_MP4 - All\s023\S023_041.mp4	bot	-1	tur	tr	m	BAUM1
BAUM1s_MP4 - All\s023\S023_042.mp4	sad	-1	tur	tr	m	BAUM1
BAUM1s_MP4 - All\s023\S023_043.mp4	dis	-1	tur	tr	m	BAUM1
BAUM1s_MP4 - All\s023\S023_044.mp4	unc	-1	tur	tr	m	BAUM1
BAUM1s_MP4 - All\s023\S023_045.mp4	unc	-1	tur	tr	m	BAUM1
BAUM1s_MP4 - All\s023\S023_046.mp4	bot	-1	tur	tr	m	BAUM1
BAUM1s_MP4 - All\s023\S023_047.mp4	fea	-1	tur	tr	m	BAUM1
BAUM1s_MP4 - All\s023\S023_048.mp4	dis	-1	tur	tr	m	BAUM1
BAUM1s_MP4 - All\s023\S023_049.mp4	neu	0	tur	tr	m	BAUM1
BAUM1s_MP4 - All\s023\S023_050.mp4	neu	0	tur	tr	m	BAUM1
BAUM1s_MP4 - All\s023\S023_051.mp4	bot	-1	tur	tr	m	BAUM1
BAUM1s_MP4 - All\s023\S023_053.mp4	dis	-1	tur	tr	m	BAUM1
BAUM1s_MP4 - All\s023\S023_054.mp4	bot	-1	tur	tr	m	BAUM1
BAUM1s_MP4 - All\s024\S024_009.mp4	unc	-1	tur	tr	m	BAUM1
BAUM1s_MP4 - All\s024\S024_010.mp4	unc	-1	tur	tr	m	BAUM1
BAUM1s_MP4 - All\s024\S024_011.mp4	con	-1	tur	tr	m	BAUM1
BAUM1s_MP4 - All\s024\S024_012.mp4	neu	0	tur	tr	m	BAUM1
BAUM1s_MP4 - All\s024\S024_013.mp4	unc	-1	tur	tr	m	BAUM1
BAUM1s_MP4 - All\s024\S024_014.mp4	neu	0	tur	tr	m	BAUM1
BAUM1s_MP4 - All\s024\S024_015.mp4	ang	-1	tur	tr	m	BAUM1
BAUM1s_MP4 - All\s024\S024_017.mp4	neu	0	tur	tr	m	BAUM1
BAUM1s_MP4 - All\s024\S024_019.mp4	unc	-1	tur	tr	m	BAUM1
BAUM1s_MP4 - All\s024\S024_020.mp4	neu	0	tur	tr	m	BAUM1
BAUM1s_MP4 - All\s024\S024_021.mp4	unc	-1	tur	tr	m	BAUM1
BAUM1s_MP4 - All\s024\S024_022.mp4	con	-1	tur	tr	m	BAUM1
BAUM1s_MP4 - All\s024\S024_023.mp4	unc	-1	tur	tr	m	BAUM1
BAUM1s_MP4 - All\s024\S024_024.mp4	unc	-1	tur	tr	m	BAUM1
BAUM1s_MP4 - All\s024\S024_025.mp4	unc	-1	tur	tr	m	BAUM1
BAUM1s_MP4 - All\s024\S024_027.mp4	unc	-1	tur	tr	m	BAUM1
BAUM1s_MP4 - All\s024\S024_028.mp4	unc	-1	tur	tr	m	BAUM1
BAUM1s_MP4 - All\s024\S024_029.mp4	hap	1	tur	tr	m	BAUM1
BAUM1s_MP4 - All\s024\S024_030.mp4	con	-1	tur	tr	m	BAUM1
BAUM1s_MP4 - All\s024\S024_031.mp4	unc	-1	tur	tr	m	BAUM1
BAUM1s_MP4 - All\s024\S024_033.mp4	unc	-1	tur	tr	m	BAUM1
BAUM1s_MP4 - All\s024\S024_034.mp4	unc	-1	tur	tr	m	BAUM1
BAUM1s_MP4 - All\s024\S024_035.mp4	neu	0	tur	tr	m	BAUM1
BAUM1s_MP4 - All\s024\S024_036.mp4	neu	0	tur	tr	m	BAUM1
BAUM1s_MP4 - All\s024\S024_037.mp4	sur	-1	tur	tr	m	BAUM1
BAUM1s_MP4 - All\s024\S024_038.mp4	sur	-1	tur	tr	m	BAUM1
BAUM1s_MP4 - All\s024\S024_039.mp4	bot	-1	tur	tr	m	BAUM1
BAUM1s_MP4 - All\s024\S024_040.mp4	sur	-1	tur	tr	m	BAUM1
BAUM1s_MP4 - All\s024\S024_041.mp4	neu	0	tur	tr	m	BAUM1
BAUM1s_MP4 - All\s024\S024_042.mp4	unc	-1	tur	tr	m	BAUM1
BAUM1s_MP4 - All\s025\S025_011.mp4	unc	-1	tur	tr	f	BAUM1
BAUM1s_MP4 - All\s025\S025_012.mp4	bot	-1	tur	tr	f	BAUM1
BAUM1s_MP4 - All\s025\S025_013.mp4	neu	0	tur	tr	f	BAUM1
BAUM1s_MP4 - All\s025\S025_014.mp4	neu	0	tur	tr	f	BAUM1
BAUM1s_MP4 - All\s025\S025_016.mp4	hap	1	tur	tr	f	BAUM1
BAUM1s_MP4 - All\s025\S025_017.mp4	sur	-1	tur	tr	f	BAUM1
BAUM1s_MP4 - All\s025\S025_018.mp4	neu	0	tur	tr	f	BAUM1
BAUM1s_MP4 - All\s025\S025_019.mp4	neu	0	tur	tr	f	BAUM1
BAUM1s_MP4 - All\s025\S025_020.mp4	neu	0	tur	tr	f	BAUM1
BAUM1s_MP4 - All\s025\S025_021.mp4	neu	0	tur	tr	f	BAUM1
BAUM1s_MP4 - All\s025\S025_023.mp4	neu	0	tur	tr	f	BAUM1
BAUM1s_MP4 - All\s025\S025_024.mp4	sad	-1	tur	tr	f	BAUM1
BAUM1s_MP4 - All\s025\S025_025.mp4	sad	-1	tur	tr	f	BAUM1
BAUM1s_MP4 - All\s025\S025_026.mp4	bot	-1	tur	tr	f	BAUM1
BAUM1s_MP4 - All\s025\S025_027.mp4	sad	-1	tur	tr	f	BAUM1
BAUM1s_MP4 - All\s025\S025_028.mp4	neu	0	tur	tr	f	BAUM1
BAUM1s_MP4 - All\s025\S025_029.mp4	neu	0	tur	tr	f	BAUM1
BAUM1s_MP4 - All\s025\S025_030.mp4	neu	0	tur	tr	f	BAUM1
BAUM1s_MP4 - All\s025\S025_031.mp4	fea	-1	tur	tr	f	BAUM1
BAUM1s_MP4 - All\s025\S025_032.mp4	dis	-1	tur	tr	f	BAUM1
BAUM1s_MP4 - All\s025\S025_033.mp4	bot	-1	tur	tr	f	BAUM1
BAUM1s_MP4 - All\s025\S025_034.mp4	hap	1	tur	tr	f	BAUM1
BAUM1s_MP4 - All\s025\S025_035.mp4	hap	1	tur	tr	f	BAUM1
BAUM1s_MP4 - All\s025\S025_036.mp4	bot	-1	tur	tr	f	BAUM1
BAUM1s_MP4 - All\s025\S025_037.mp4	bot	-1	tur	tr	f	BAUM1
BAUM1s_MP4 - All\s025\S025_038.mp4	sad	-1	tur	tr	f	BAUM1
BAUM1s_MP4 - All\s025\S025_039.mp4	unc	-1	tur	tr	f	BAUM1
BAUM1s_MP4 - All\s025\S025_040.mp4	unc	-1	tur	tr	f	BAUM1
BAUM1s_MP4 - All\s025\S025_042.mp4	ang	-1	tur	tr	f	BAUM1
BAUM1s_MP4 - All\s025\S025_043.mp4	dis	-1	tur	tr	f	BAUM1
BAUM1s_MP4 - All\s025\S025_044.mp4	bot	-1	tur	tr	f	BAUM1
BAUM1s_MP4 - All\s025\S025_045.mp4	fea	-1	tur	tr	f	BAUM1
BAUM1s_MP4 - All\s025\S025_046.mp4	sur	-1	tur	tr	f	BAUM1
BAUM1s_MP4 - All\s025\S025_047.mp4	bot	-1	tur	tr	f	BAUM1
BAUM1s_MP4 - All\s025\S025_048.mp4	neu	0	tur	tr	f	BAUM1
BAUM1s_MP4 - All\s025\S025_049.mp4	bot	-1	tur	tr	f	BAUM1
BAUM1s_MP4 - All\s025\S025_050.mp4	neu	0	tur	tr	f	BAUM1
BAUM1s_MP4 - All\s026\S026_001.mp4	neu	0	tur	tr	f	BAUM1
BAUM1s_MP4 - All\s026\S026_003.mp4	bor	-1	tur	tr	f	BAUM1
BAUM1s_MP4 - All\s026\S026_004.mp4	bot	-1	tur	tr	f	BAUM1
BAUM1s_MP4 - All\s026\S026_005.mp4	bor	-1	tur	tr	f	BAUM1
BAUM1s_MP4 - All\s026\S026_009.mp4	bot	-1	tur	tr	f	BAUM1
BAUM1s_MP4 - All\s026\S026_013.mp4	sad	-1	tur	tr	f	BAUM1
BAUM1s_MP4 - All\s026\S026_014.mp4	fea	-1	tur	tr	f	BAUM1
BAUM1s_MP4 - All\s026\S026_017.mp4	sur	-1	tur	tr	f	BAUM1
BAUM1s_MP4 - All\s026\S026_021.mp4	dis	-1	tur	tr	f	BAUM1
BAUM1s_MP4 - All\s026\S026_031.mp4	hap	1	tur	tr	f	BAUM1
BAUM1s_MP4 - All\s026\S026_032.mp4	hap	1	tur	tr	f	BAUM1
BAUM1s_MP4 - All\s026\S026_033.mp4	hap	1	tur	tr	f	BAUM1
BAUM1s_MP4 - All\s026\S026_034.mp4	neu	0	tur	tr	f	BAUM1
BAUM1s_MP4 - All\s026\S026_035.mp4	hap	1	tur	tr	f	BAUM1
BAUM1s_MP4 - All\s026\S026_036.mp4	bor	-1	tur	tr	f	BAUM1
BAUM1s_MP4 - All\s026\S026_037.mp4	fea	-1	tur	tr	f	BAUM1
BAUM1s_MP4 - All\s026\S026_038.mp4	bor	-1	tur	tr	f	BAUM1
BAUM1s_MP4 - All\s026\S026_040.mp4	fea	-1	tur	tr	f	BAUM1
BAUM1s_MP4 - All\s026\S026_041.mp4	bot	-1	tur	tr	f	BAUM1
BAUM1s_MP4 - All\s026\S026_042.mp4	con	-1	tur	tr	f	BAUM1
BAUM1s_MP4 - All\s026\S026_043.mp4	neu	0	tur	tr	f	BAUM1
BAUM1s_MP4 - All\s026\S026_044.mp4	bor	-1	tur	tr	f	BAUM1
BAUM1s_MP4 - All\s026\S026_045.mp4	unc	-1	tur	tr	f	BAUM1
BAUM1s_MP4 - All\s026\S026_047.mp4	con	-1	tur	tr	f	BAUM1
BAUM1s_MP4 - All\s026\S026_048.mp4	hap	1	tur	tr	f	BAUM1
BAUM1s_MP4 - All\s026\S026_049.mp4	hap	1	tur	tr	f	BAUM1
BAUM1s_MP4 - All\s026\S026_050.mp4	bot	-1	tur	tr	f	BAUM1
BAUM1s_MP4 - All\s026\S026_052.mp4	hap	1	tur	tr	f	BAUM1
BAUM1s_MP4 - All\s026\S026_053.mp4	neu	0	tur	tr	f	BAUM1
BAUM1s_MP4 - All\s026\S026_055.mp4	neu	0	tur	tr	f	BAUM1
BAUM1s_MP4 - All\s026\S026_056.mp4	sad	-1	tur	tr	f	BAUM1
BAUM1s_MP4 - All\s026\S026_057.mp4	sad	-1	tur	tr	f	BAUM1
BAUM1s_MP4 - All\s026\S026_058.mp4	sad	-1	tur	tr	f	BAUM1
BAUM1s_MP4 - All\s026\S026_059.mp4	sad	-1	tur	tr	f	BAUM1
BAUM1s_MP4 - All\s026\S026_060.mp4	sad	-1	tur	tr	f	BAUM1
BAUM1s_MP4 - All\s026\S026_061.mp4	sad	-1	tur	tr	f	BAUM1
BAUM1s_MP4 - All\s026\S026_062.mp4	sad	-1	tur	tr	f	BAUM1
BAUM1s_MP4 - All\s026\S026_063.mp4	fea	-1	tur	tr	f	BAUM1
BAUM1s_MP4 - All\s026\S026_064.mp4	ang	-1	tur	tr	f	BAUM1
BAUM1s_MP4 - All\s026\S026_065.mp4	ang	-1	tur	tr	f	BAUM1
BAUM1s_MP4 - All\s026\S026_066.mp4	bot	-1	tur	tr	f	BAUM1
BAUM1s_MP4 - All\s026\S026_067.mp4	sad	-1	tur	tr	f	BAUM1
BAUM1s_MP4 - All\s026\S026_068.mp4	ang	-1	tur	tr	f	BAUM1
BAUM1s_MP4 - All\s026\S026_069.mp4	sad	-1	tur	tr	f	BAUM1
BAUM1s_MP4 - All\s026\S026_070.mp4	bot	-1	tur	tr	f	BAUM1
BAUM1s_MP4 - All\s026\S026_072.mp4	unc	-1	tur	tr	f	BAUM1
BAUM1s_MP4 - All\s026\S026_073.mp4	bot	-1	tur	tr	f	BAUM1
BAUM1s_MP4 - All\s026\S026_075.mp4	bor	-1	tur	tr	f	BAUM1
BAUM1s_MP4 - All\s026\S026_076.mp4	sad	-1	tur	tr	f	BAUM1
BAUM1s_MP4 - All\s026\S026_077.mp4	sad	-1	tur	tr	f	BAUM1
BAUM1s_MP4 - All\s026\S026_078.mp4	fea	-1	tur	tr	f	BAUM1
BAUM1s_MP4 - All\s026\S026_079.mp4	hap	1	tur	tr	f	BAUM1
BAUM1s_MP4 - All\s026\S026_080.mp4	hap	1	tur	tr	f	BAUM1
BAUM1s_MP4 - All\s026\S026_081.mp4	neu	0	tur	tr	f	BAUM1
BAUM1s_MP4 - All\s026\S026_082.mp4	bot	-1	tur	tr	f	BAUM1
BAUM1s_MP4 - All\s027\S027_008.mp4	unc	-1	tur	tr	f	BAUM1
BAUM1s_MP4 - All\s027\S027_009.mp4	unc	-1	tur	tr	f	BAUM1
BAUM1s_MP4 - All\s027\S027_010.mp4	unc	-1	tur	tr	f	BAUM1
BAUM1s_MP4 - All\s027\S027_013.mp4	con	-1	tur	tr	f	BAUM1
BAUM1s_MP4 - All\s027\S027_014.mp4	con	-1	tur	tr	f	BAUM1
BAUM1s_MP4 - All\s027\S027_015.mp4	hap	1	tur	tr	f	BAUM1
BAUM1s_MP4 - All\s027\S027_016.mp4	bot	-1	tur	tr	f	BAUM1
BAUM1s_MP4 - All\s027\S027_017.mp4	bot	-1	tur	tr	f	BAUM1
BAUM1s_MP4 - All\s027\S027_018.mp4	neu	0	tur	tr	f	BAUM1
BAUM1s_MP4 - All\s027\S027_019.mp4	unc	-1	tur	tr	f	BAUM1
BAUM1s_MP4 - All\s027\S027_020.mp4	bor	-1	tur	tr	f	BAUM1
BAUM1s_MP4 - All\s027\S027_025.mp4	fea	-1	tur	tr	f	BAUM1
BAUM1s_MP4 - All\s027\S027_026.mp4	neu	0	tur	tr	f	BAUM1
BAUM1s_MP4 - All\s027\S027_029.mp4	unc	-1	tur	tr	f	BAUM1
BAUM1s_MP4 - All\s027\S027_031.mp4	sad	-1	tur	tr	f	BAUM1
BAUM1s_MP4 - All\s027\S027_032.mp4	unc	-1	tur	tr	f	BAUM1
BAUM1s_MP4 - All\s027\S027_033.mp4	neu	0	tur	tr	f	BAUM1
BAUM1s_MP4 - All\s027\S027_034.mp4	sad	-1	tur	tr	f	BAUM1
BAUM1s_MP4 - All\s027\S027_035.mp4	sad	-1	tur	tr	f	BAUM1
BAUM1s_MP4 - All\s027\S027_036.mp4	sad	-1	tur	tr	f	BAUM1
BAUM1s_MP4 - All\s027\S027_038.mp4	dis	-1	tur	tr	f	BAUM1
BAUM1s_MP4 - All\s027\S027_040.mp4	neu	0	tur	tr	f	BAUM1
BAUM1s_MP4 - All\s028\S028_004.mp4	hap	1	tur	tr	f	BAUM1
BAUM1s_MP4 - All\s028\S028_005.mp4	neu	0	tur	tr	f	BAUM1
BAUM1s_MP4 - All\s028\S028_006.mp4	hap	1	tur	tr	f	BAUM1
BAUM1s_MP4 - All\s028\S028_007.mp4	hap	1	tur	tr	f	BAUM1
BAUM1s_MP4 - All\s028\S028_010.mp4	neu	0	tur	tr	f	BAUM1
BAUM1s_MP4 - All\s028\S028_011.mp4	unc	-1	tur	tr	f	BAUM1
BAUM1s_MP4 - All\s028\S028_013.mp4	hap	1	tur	tr	f	BAUM1
BAUM1s_MP4 - All\s028\S028_014.mp4	neu	0	tur	tr	f	BAUM1
BAUM1s_MP4 - All\s028\S028_015.mp4	hap	1	tur	tr	f	BAUM1
BAUM1s_MP4 - All\s028\S028_016.mp4	neu	0	tur	tr	f	BAUM1
BAUM1s_MP4 - All\s028\S028_017.mp4	neu	0	tur	tr	f	BAUM1
BAUM1s_MP4 - All\s028\S028_024.mp4	hap	1	tur	tr	f	BAUM1
BAUM1s_MP4 - All\s028\S028_025.mp4	neu	0	tur	tr	f	BAUM1
BAUM1s_MP4 - All\s028\S028_029.mp4	hap	1	tur	tr	f	BAUM1
BAUM1s_MP4 - All\s028\S028_034.mp4	hap	1	tur	tr	f	BAUM1
BAUM1s_MP4 - All\s028\S028_035.mp4	hap	1	tur	tr	f	BAUM1
BAUM1s_MP4 - All\s028\S028_036.mp4	hap	1	tur	tr	f	BAUM1
BAUM1s_MP4 - All\s028\S028_037.mp4	hap	1	tur	tr	f	BAUM1
BAUM1s_MP4 - All\s028\S028_039.mp4	dis	-1	tur	tr	f	BAUM1
BAUM1s_MP4 - All\s028\S028_041.mp4	dis	-1	tur	tr	f	BAUM1
BAUM1s_MP4 - All\s028\S028_042.mp4	dis	-1	tur	tr	f	BAUM1
BAUM1s_MP4 - All\s028\S028_043.mp4	unc	-1	tur	tr	f	BAUM1
BAUM1s_MP4 - All\s029\S029_010.mp4	neu	0	tur	tr	f	BAUM1
BAUM1s_MP4 - All\s029\S029_011.mp4	neu	0	tur	tr	f	BAUM1
BAUM1s_MP4 - All\s029\S029_012.mp4	neu	0	tur	tr	f	BAUM1
BAUM1s_MP4 - All\s029\S029_013.mp4	neu	0	tur	tr	f	BAUM1
BAUM1s_MP4 - All\s029\S029_014.mp4	neu	0	tur	tr	f	BAUM1
BAUM1s_MP4 - All\s029\S029_015.mp4	neu	0	tur	tr	f	BAUM1
BAUM1s_MP4 - All\s029\S029_017.mp4	neu	0	tur	tr	f	BAUM1
BAUM1s_MP4 - All\s029\S029_018.mp4	neu	0	tur	tr	f	BAUM1
BAUM1s_MP4 - All\s029\S029_020.mp4	neu	0	tur	tr	f	BAUM1
BAUM1s_MP4 - All\s029\S029_023.mp4	fea	-1	tur	tr	f	BAUM1
BAUM1s_MP4 - All\s029\S029_024.mp4	hap	1	tur	tr	f	BAUM1
BAUM1s_MP4 - All\s029\S029_025.mp4	hap	1	tur	tr	f	BAUM1
BAUM1s_MP4 - All\s029\S029_026.mp4	neu	0	tur	tr	f	BAUM1
BAUM1s_MP4 - All\s029\S029_027.mp4	neu	0	tur	tr	f	BAUM1
BAUM1s_MP4 - All\s029\S029_028.mp4	neu	0	tur	tr	f	BAUM1
BAUM1s_MP4 - All\s029\S029_029.mp4	neu	0	tur	tr	f	BAUM1
BAUM1s_MP4 - All\s029\S029_030.mp4	sad	-1	tur	tr	f	BAUM1
BAUM1s_MP4 - All\s029\S029_031.mp4	unc	-1	tur	tr	f	BAUM1
BAUM1s_MP4 - All\s029\S029_032.mp4	neu	0	tur	tr	f	BAUM1
BAUM1s_MP4 - All\s029\S029_033.mp4	neu	0	tur	tr	f	BAUM1
BAUM1s_MP4 - All\s029\S029_034.mp4	neu	0	tur	tr	f	BAUM1
BAUM1s_MP4 - All\s029\S029_035.mp4	sad	-1	tur	tr	f	BAUM1
BAUM1s_MP4 - All\s029\S029_036.mp4	sad	-1	tur	tr	f	BAUM1
BAUM1s_MP4 - All\s029\S029_037.mp4	unc	-1	tur	tr	f	BAUM1
BAUM1s_MP4 - All\s029\S029_038.mp4	bot	-1	tur	tr	f	BAUM1
BAUM1s_MP4 - All\s029\S029_039.mp4	neu	0	tur	tr	f	BAUM1
BAUM1s_MP4 - All\s029\S029_040.mp4	unc	-1	tur	tr	f	BAUM1
BAUM1s_MP4 - All\s029\S029_042.mp4	neu	0	tur	tr	f	BAUM1
BAUM1s_MP4 - All\s029\S029_043.mp4	neu	0	tur	tr	f	BAUM1
BAUM1s_MP4 - All\s029\S029_044.mp4	neu	0	tur	tr	f	BAUM1
BAUM1s_MP4 - All\s029\S029_045.mp4	hap	1	tur	tr	f	BAUM1
BAUM1s_MP4 - All\s029\S029_046.mp4	hap	1	tur	tr	f	BAUM1
BAUM1s_MP4 - All\s030\S030_001.mp4	hap	1	tur	tr	f	BAUM1
BAUM1s_MP4 - All\s030\S030_013.mp4	unc	-1	tur	tr	f	BAUM1
BAUM1s_MP4 - All\s030\S030_014.mp4	hap	1	tur	tr	f	BAUM1
BAUM1s_MP4 - All\s030\S030_015.mp4	unc	-1	tur	tr	f	BAUM1
BAUM1s_MP4 - All\s030\S030_016.mp4	neu	0	tur	tr	f	BAUM1
BAUM1s_MP4 - All\s030\S030_017.mp4	hap	1	tur	tr	f	BAUM1
BAUM1s_MP4 - All\s030\S030_019.mp4	unc	-1	tur	tr	f	BAUM1
BAUM1s_MP4 - All\s030\S030_020.mp4	neu	0	tur	tr	f	BAUM1
BAUM1s_MP4 - All\s030\S030_022.mp4	hap	1	tur	tr	f	BAUM1
BAUM1s_MP4 - All\s030\S030_023.mp4	hap	1	tur	tr	f	BAUM1
BAUM1s_MP4 - All\s030\S030_028.mp4	neu	0	tur	tr	f	BAUM1
BAUM1s_MP4 - All\s030\S030_029.mp4	unc	-1	tur	tr	f	BAUM1
BAUM1s_MP4 - All\s030\S030_030.mp4	hap	1	tur	tr	f	BAUM1
BAUM1s_MP4 - All\s030\S030_031.mp4	hap	1	tur	tr	f	BAUM1
BAUM1s_MP4 - All\s030\S030_032.mp4	neu	0	tur	tr	f	BAUM1
BAUM1s_MP4 - All\s030\S030_033.mp4	neu	0	tur	tr	f	BAUM1
BAUM1s_MP4 - All\s030\S030_034.mp4	bot	-1	tur	tr	f	BAUM1
BAUM1s_MP4 - All\s030\S030_035.mp4	con	-1	tur	tr	f	BAUM1
BAUM1s_MP4 - All\s030\S030_036.mp4	con	-1	tur	tr	f	BAUM1
BAUM1s_MP4 - All\s030\S030_037.mp4	hap	1	tur	tr	f	BAUM1
BAUM1s_MP4 - All\s030\S030_038.mp4	bot	-1	tur	tr	f	BAUM1
BAUM1s_MP4 - All\s030\S030_040.mp4	sad	-1	tur	tr	f	BAUM1
BAUM1s_MP4 - All\s030\S030_041.mp4	sad	-1	tur	tr	f	BAUM1
BAUM1s_MP4 - All\s030\S030_042.mp4	unc	-1	tur	tr	f	BAUM1
BAUM1s_MP4 - All\s030\S030_043.mp4	bot	-1	tur	tr	f	BAUM1
BAUM1s_MP4 - All\s030\S030_044.mp4	ang	-1	tur	tr	f	BAUM1
BAUM1s_MP4 - All\s030\S030_045.mp4	neu	0	tur	tr	f	BAUM1
BAUM1s_MP4 - All\s030\S030_046.mp4	neu	0	tur	tr	f	BAUM1
BAUM1s_MP4 - All\s030\S030_047.mp4	bot	-1	tur	tr	f	BAUM1
BAUM1s_MP4 - All\s030\S030_049.mp4	hap	1	tur	tr	f	BAUM1
BAUM1s_MP4 - All\s030\S030_050.mp4	neu	0	tur	tr	f	BAUM1
BAUM1s_MP4 - All\s030\S030_051.mp4	sad	-1	tur	tr	f	BAUM1
BAUM1s_MP4 - All\s030\S030_053.mp4	neu	0	tur	tr	f	BAUM1
BAUM1s_MP4 - All\s030\S030_054.mp4	sur	-1	tur	tr	f	BAUM1
BAUM1s_MP4 - All\s030\S030_055.mp4	bot	-1	tur	tr	f	BAUM1
BAUM1s_MP4 - All\s031\S031_001.mp4	neu	0	tur	tr	f	BAUM1
BAUM1s_MP4 - All\s031\S031_011.mp4	unc	-1	tur	tr	f	BAUM1
BAUM1s_MP4 - All\s031\S031_013.mp4	neu	0	tur	tr	f	BAUM1
BAUM1s_MP4 - All\s031\S031_014.mp4	unc	-1	tur	tr	f	BAUM1
BAUM1s_MP4 - All\s031\S031_016.mp4	unc	-1	tur	tr	f	BAUM1
BAUM1s_MP4 - All\s031\S031_019.mp4	hap	1	tur	tr	f	BAUM1
BAUM1s_MP4 - All\s031\S031_020.mp4	hap	1	tur	tr	f	BAUM1
BAUM1s_MP4 - All\s031\S031_021.mp4	hap	1	tur	tr	f	BAUM1
BAUM1s_MP4 - All\s031\S031_022.mp4	neu	0	tur	tr	f	BAUM1
BAUM1s_MP4 - All\s031\S031_023.mp4	hap	1	tur	tr	f	BAUM1
BAUM1s_MP4 - All\s031\S031_024.mp4	con	-1	tur	tr	f	BAUM1
BAUM1s_MP4 - All\s031\S031_025.mp4	neu	0	tur	tr	f	BAUM1
BAUM1s_MP4 - All\s031\S031_026.mp4	hap	1	tur	tr	f	BAUM1
BAUM1s_MP4 - All\s031\S031_027.mp4	neu	0	tur	tr	f	BAUM1
BAUM1s_MP4 - All\s031\S031_029.mp4	neu	0	tur	tr	f	BAUM1
BAUM1s_MP4 - All\s031\S031_031.mp4	neu	0	tur	tr	f	BAUM1
BAUM1s_MP4 - All\s031\S031_032.mp4	sad	-1	tur	tr	f	BAUM1
BAUM1s_MP4 - All\s031\S031_033.mp4	sad	-1	tur	tr	f	BAUM1
BAUM1s_MP4 - All\s031\S031_034.mp4	sad	-1	tur	tr	f	BAUM1
BAUM1s_MP4 - All\s031\S031_035.mp4	sad	-1	tur	tr	f	BAUM1
BAUM1s_MP4 - All\s031\S031_036.mp4	bot	-1	tur	tr	f	BAUM1
BAUM1s_MP4 - All\s031\S031_037.mp4	sad	-1	tur	tr	f	BAUM1
BAUM1s_MP4 - All\s031\S031_038.mp4	sur	-1	tur	tr	f	BAUM1
BAUM1s_MP4 - All\s031\S031_040.mp4	sad	-1	tur	tr	f	BAUM1
BAUM1s_MP4 - All\s031\S031_042.mp4	sad	-1	tur	tr	f	BAUM1
BAUM1s_MP4 - All\s031\S031_043.mp4	sad	-1	tur	tr	f	BAUM1
BAUM1s_MP4 - All\s031\S031_044.mp4	neu	0	tur	tr	f	BAUM1
BAUM1s_MP4 - All\s031\S031_045.mp4	sad	-1	tur	tr	f	BAUM1
BAUM1s_MP4 - All\s031\S031_046.mp4	neu	0	tur	tr	f	BAUM1
BAUM1s_MP4 - All\s031\S031_047.mp4	neu	0	tur	tr	f	BAUM1
BAUM1s_MP4 - All\s031\S031_048.mp4	bot	-1	tur	tr	f	BAUM1
BAUM1s_MP4 - All\s031\S031_050.mp4	dis	-1	tur	tr	f	BAUM1
BAUM1s_MP4 - All\s031\S031_051.mp4	fea	-1	tur	tr	f	BAUM1
BAUM1s_MP4 - All\s031\S031_052.mp4	sur	-1	tur	tr	f	BAUM1
BAUM1s_MP4 - All\s031\S031_053.mp4	sur	-1	tur	tr	f	BAUM1
BAUM1s_MP4 - All\s031\S031_054.mp4	fea	-1	tur	tr	f	BAUM1
BAUM1s_MP4 - All\s017\S017_022.mp4	hap	1	tur	tr	f	BAUM1
BAUM1s_MP4 - All\s022\S022_049.mp4	sad	-1	tur	tr	f	BAUM1
BAUM1s_MP4 - All\s031\S031_041.mp4	sad	-1	tur	tr	f	BAUM1
