anad/1sec_segmented_part2/V4-2 (1).wav	ang	-1	ara	anad
anad/1sec_segmented_part2/V4-4 (1).wav	ang	-1	ara	anad
anad/1sec_segmented_part2/V4-4 (2).wav	ang	-1	ara	anad
anad/1sec_segmented_part2/V4-4 (3).wav	ang	-1	ara	anad
anad/1sec_segmented_part2/V4-6 (1).wav	ang	-1	ara	anad
anad/1sec_segmented_part2/V4-6 (2).wav	ang	-1	ara	anad
anad/1sec_segmented_part2/V4-6 (3).wav	ang	-1	ara	anad
anad/1sec_segmented_part2/V4-6 (4).wav	ang	-1	ara	anad
anad/1sec_segmented_part2/V4-6 (5).wav	ang	-1	ara	anad
anad/1sec_segmented_part2/V4-6 (6).wav	ang	-1	ara	anad
anad/1sec_segmented_part2/V4-6 (7).wav	ang	-1	ara	anad
anad/1sec_segmented_part2/V4-6 (8).wav	ang	-1	ara	anad
anad/1sec_segmented_part2/V4-6 (9).wav	ang	-1	ara	anad
anad/1sec_segmented_part2/V4-6 (10).wav	ang	-1	ara	anad
anad/1sec_segmented_part2/V4-6 (11).wav	ang	-1	ara	anad
anad/1sec_segmented_part2/V4-6 (12).wav	ang	-1	ara	anad
anad/1sec_segmented_part2/V4-6 (13).wav	ang	-1	ara	anad
anad/1sec_segmented_part2/V4-6 (14).wav	ang	-1	ara	anad
anad/1sec_segmented_part2/V4-6 (15).wav	ang	-1	ara	anad
anad/1sec_segmented_part2/V4-6 (16).wav	ang	-1	ara	anad
anad/1sec_segmented_part2/V4-7 (1).wav	ang	-1	ara	anad
anad/1sec_segmented_part2/V4-8 (1).wav	ang	-1	ara	anad
anad/1sec_segmented_part2/V4-8 (2).wav	ang	-1	ara	anad
anad/1sec_segmented_part2/V4-8 (3).wav	ang	-1	ara	anad
anad/1sec_segmented_part2/V4-8 (4).wav	ang	-1	ara	anad
anad/1sec_segmented_part2/V4-8 (5).wav	ang	-1	ara	anad
anad/1sec_segmented_part2/V4-8 (6).wav	ang	-1	ara	anad
anad/1sec_segmented_part2/V4-8 (7).wav	ang	-1	ara	anad
anad/1sec_segmented_part2/V4-8 (8).wav	ang	-1	ara	anad
anad/1sec_segmented_part2/V4-8 (9).wav	ang	-1	ara	anad
anad/1sec_segmented_part2/V4-8 (10).wav	ang	-1	ara	anad
anad/1sec_segmented_part2/V4-8 (11).wav	ang	-1	ara	anad
anad/1sec_segmented_part2/V4-8 (12).wav	ang	-1	ara	anad
anad/1sec_segmented_part2/V4-8 (13).wav	ang	-1	ara	anad
anad/1sec_segmented_part2/V4-8 (14).wav	ang	-1	ara	anad
anad/1sec_segmented_part2/V4-8 (15).wav	ang	-1	ara	anad
anad/1sec_segmented_part2/V4-8 (16).wav	ang	-1	ara	anad
anad/1sec_segmented_part2/V4-8 (17).wav	ang	-1	ara	anad
anad/1sec_segmented_part2/V4-8 (18).wav	ang	-1	ara	anad
anad/1sec_segmented_part2/V4-8 (19).wav	ang	-1	ara	anad
anad/1sec_segmented_part2/V4-8 (20).wav	ang	-1	ara	anad
anad/1sec_segmented_part2/V4-8 (21).wav	ang	-1	ara	anad
anad/1sec_segmented_part2/V4-8 (22).wav	ang	-1	ara	anad
anad/1sec_segmented_part2/V4-8 (23).wav	ang	-1	ara	anad
anad/1sec_segmented_part2/V4-8 (24).wav	ang	-1	ara	anad
anad/1sec_segmented_part2/V4-8 (25).wav	ang	-1	ara	anad
anad/1sec_segmented_part2/V4-8 (26).wav	ang	-1	ara	anad
anad/1sec_segmented_part2/V4-8 (27).wav	ang	-1	ara	anad
anad/1sec_segmented_part2/V4-8 (28).wav	ang	-1	ara	anad
anad/1sec_segmented_part2/V4-8 (29).wav	ang	-1	ara	anad
anad/1sec_segmented_part2/V4-8 (30).wav	ang	-1	ara	anad
anad/1sec_segmented_part2/V4-8 (31).wav	ang	-1	ara	anad
anad/1sec_segmented_part2/V4-8 (32).wav	ang	-1	ara	anad
anad/1sec_segmented_part2/V4-8 (33).wav	ang	-1	ara	anad
anad/1sec_segmented_part2/V4-8 (34).wav	ang	-1	ara	anad
anad/1sec_segmented_part2/V4-8 (35).wav	ang	-1	ara	anad
anad/1sec_segmented_part2/V4-8 (36).wav	ang	-1	ara	anad
anad/1sec_segmented_part2/V4-8 (37).wav	ang	-1	ara	anad
anad/1sec_segmented_part2/V4-8 (38).wav	ang	-1	ara	anad
anad/1sec_segmented_part2/V4-8 (39).wav	ang	-1	ara	anad
anad/1sec_segmented_part2/V4-8 (40).wav	ang	-1	ara	anad
anad/1sec_segmented_part2/V4-8 (41).wav	ang	-1	ara	anad
anad/1sec_segmented_part2/V4-8 (42).wav	ang	-1	ara	anad
anad/1sec_segmented_part2/V4-8 (43).wav	ang	-1	ara	anad
anad/1sec_segmented_part2/V4-8 (44).wav	ang	-1	ara	anad
anad/1sec_segmented_part2/V4-8 (45).wav	ang	-1	ara	anad
anad/1sec_segmented_part2/V4-8 (46).wav	ang	-1	ara	anad
anad/1sec_segmented_part2/V4-8 (47).wav	ang	-1	ara	anad
anad/1sec_segmented_part2/V4-8 (48).wav	ang	-1	ara	anad
anad/1sec_segmented_part2/V4-8 (49).wav	ang	-1	ara	anad
anad/1sec_segmented_part2/V4-8 (50).wav	ang	-1	ara	anad
anad/1sec_segmented_part2/V4-8 (51).wav	ang	-1	ara	anad
anad/1sec_segmented_part2/V4-8 (52).wav	ang	-1	ara	anad
anad/1sec_segmented_part2/V4-8 (53).wav	ang	-1	ara	anad
anad/1sec_segmented_part2/V4-8 (54).wav	ang	-1	ara	anad
anad/1sec_segmented_part2/V4-8 (55).wav	ang	-1	ara	anad
anad/1sec_segmented_part2/V4-8 (56).wav	ang	-1	ara	anad
anad/1sec_segmented_part2/V4-8 (57).wav	ang	-1	ara	anad
anad/1sec_segmented_part2/V4-8 (58).wav	ang	-1	ara	anad
anad/1sec_segmented_part2/V4-8 (59).wav	ang	-1	ara	anad
anad/1sec_segmented_part2/V4-8 (60).wav	ang	-1	ara	anad
anad/1sec_segmented_part2/V4-8 (61).wav	ang	-1	ara	anad
anad/1sec_segmented_part2/V4-8 (62).wav	ang	-1	ara	anad
anad/1sec_segmented_part2/V4-8 (63).wav	ang	-1	ara	anad
anad/1sec_segmented_part2/V4-8 (64).wav	ang	-1	ara	anad
anad/1sec_segmented_part2/V4-8 (65).wav	ang	-1	ara	anad
anad/1sec_segmented_part2/V4-8 (66).wav	ang	-1	ara	anad
anad/1sec_segmented_part2/V4-8 (67).wav	ang	-1	ara	anad
anad/1sec_segmented_part2/V4-8 (68).wav	ang	-1	ara	anad
anad/1sec_segmented_part2/V4-8 (69).wav	ang	-1	ara	anad
anad/1sec_segmented_part2/V4-8 (70).wav	ang	-1	ara	anad
anad/1sec_segmented_part2/V4-8 (71).wav	ang	-1	ara	anad
anad/1sec_segmented_part2/V4-8 (72).wav	ang	-1	ara	anad
anad/1sec_segmented_part2/V4-8 (73).wav	ang	-1	ara	anad
anad/1sec_segmented_part2/V4-8 (74).wav	ang	-1	ara	anad
anad/1sec_segmented_part2/V4-8 (75).wav	ang	-1	ara	anad
anad/1sec_segmented_part2/V4-8 (76).wav	ang	-1	ara	anad
anad/1sec_segmented_part2/V4-8 (77).wav	ang	-1	ara	anad
anad/1sec_segmented_part2/V4-8 (78).wav	ang	-1	ara	anad
anad/1sec_segmented_part2/V4-8 (79).wav	ang	-1	ara	anad
anad/1sec_segmented_part2/V4-8 (80).wav	ang	-1	ara	anad
anad/1sec_segmented_part2/V4-8 (81).wav	ang	-1	ara	anad
anad/1sec_segmented_part2/V4-8 (82).wav	ang	-1	ara	anad
anad/1sec_segmented_part2/V4-8 (83).wav	ang	-1	ara	anad
anad/1sec_segmented_part2/V4-8 (84).wav	ang	-1	ara	anad
anad/1sec_segmented_part2/V4-8 (85).wav	ang	-1	ara	anad
anad/1sec_segmented_part2/V4-8 (86).wav	ang	-1	ara	anad
anad/1sec_segmented_part2/V4-8 (87).wav	ang	-1	ara	anad
anad/1sec_segmented_part2/V4-8 (88).wav	ang	-1	ara	anad
anad/1sec_segmented_part2/V4-8 (89).wav	ang	-1	ara	anad
anad/1sec_segmented_part2/V4-8 (90).wav	ang	-1	ara	anad
anad/1sec_segmented_part2/V4-8 (91).wav	ang	-1	ara	anad
anad/1sec_segmented_part2/V4-8 (92).wav	ang	-1	ara	anad
anad/1sec_segmented_part2/V4-8 (93).wav	ang	-1	ara	anad
anad/1sec_segmented_part2/V4-8 (94).wav	ang	-1	ara	anad
anad/1sec_segmented_part2/V4-8 (96).wav	ang	-1	ara	anad
anad/1sec_segmented_part2/V4-8 (97).wav	ang	-1	ara	anad
anad/1sec_segmented_part2/V4-8 (98).wav	ang	-1	ara	anad
anad/1sec_segmented_part2/V4-8 (99).wav	ang	-1	ara	anad
anad/1sec_segmented_part2/V4-8 (100).wav	ang	-1	ara	anad
anad/1sec_segmented_part2/V4-8 (101).wav	ang	-1	ara	anad
anad/1sec_segmented_part2/V4-8 (102).wav	ang	-1	ara	anad
anad/1sec_segmented_part2/V4-8 (103).wav	ang	-1	ara	anad
anad/1sec_segmented_part2/V4-8 (104).wav	ang	-1	ara	anad
anad/1sec_segmented_part2/V4-8 (105).wav	ang	-1	ara	anad
anad/1sec_segmented_part2/V4-10 (1).wav	ang	-1	ara	anad
anad/1sec_segmented_part2/V4-10 (2).wav	ang	-1	ara	anad
anad/1sec_segmented_part2/V4-10 (3).wav	ang	-1	ara	anad
anad/1sec_segmented_part2/V4-10 (4).wav	ang	-1	ara	anad
anad/1sec_segmented_part2/V4-10 (5).wav	ang	-1	ara	anad
anad/1sec_segmented_part2/V4-10 (6).wav	ang	-1	ara	anad
anad/1sec_segmented_part2/V4-10 (7).wav	ang	-1	ara	anad
anad/1sec_segmented_part2/V4-10 (8).wav	ang	-1	ara	anad
anad/1sec_segmented_part2/V4-10 (9).wav	ang	-1	ara	anad
anad/1sec_segmented_part2/V4-10 (10).wav	ang	-1	ara	anad
anad/1sec_segmented_part2/V4-10 (11).wav	ang	-1	ara	anad
anad/1sec_segmented_part2/V4-10 (12).wav	ang	-1	ara	anad
anad/1sec_segmented_part2/V4-10 (13).wav	ang	-1	ara	anad
anad/1sec_segmented_part2/V4-10 (14).wav	ang	-1	ara	anad
anad/1sec_segmented_part2/V4-10 (15).wav	ang	-1	ara	anad
anad/1sec_segmented_part2/V4-10 (16).wav	ang	-1	ara	anad
anad/1sec_segmented_part2/V4-12 (1).wav	ang	-1	ara	anad
anad/1sec_segmented_part2/V4-12 (2).wav	ang	-1	ara	anad
anad/1sec_segmented_part2/V4-12 (3).wav	ang	-1	ara	anad
anad/1sec_segmented_part2/V4-14 (1).wav	ang	-1	ara	anad
anad/1sec_segmented_part2/V4-14 (2).wav	ang	-1	ara	anad
anad/1sec_segmented_part2/V4-14 (3).wav	ang	-1	ara	anad
anad/1sec_segmented_part2/V4-14 (4).wav	ang	-1	ara	anad
anad/1sec_segmented_part2/V4-14 (5).wav	ang	-1	ara	anad
anad/1sec_segmented_part2/V4-14 (6).wav	ang	-1	ara	anad
anad/1sec_segmented_part1/V1_1 (1).wav	hap	1	ara	anad
anad/1sec_segmented_part1/V1_1 (2).wav	hap	1	ara	anad
anad/1sec_segmented_part1/V1_2 (1).wav	hap	1	ara	anad
anad/1sec_segmented_part1/V1_2 (2).wav	hap	1	ara	anad
anad/1sec_segmented_part1/V1_2 (3).wav	hap	1	ara	anad
anad/1sec_segmented_part1/V1_2 (4).wav	hap	1	ara	anad
anad/1sec_segmented_part1/V1_2 (5).wav	hap	1	ara	anad
anad/1sec_segmented_part1/V1_2 (6).wav	hap	1	ara	anad
anad/1sec_segmented_part1/V1_2 (7).wav	hap	1	ara	anad
anad/1sec_segmented_part1/V1_2 (8).wav	hap	1	ara	anad
anad/1sec_segmented_part1/V1_2 (9).wav	hap	1	ara	anad
anad/1sec_segmented_part1/V1_2 (10).wav	hap	1	ara	anad
anad/1sec_segmented_part1/V1_3 (1).wav	hap	1	ara	anad
anad/1sec_segmented_part1/V1_3 (2).wav	hap	1	ara	anad
anad/1sec_segmented_part1/V1_4 (1).wav	hap	1	ara	anad
anad/1sec_segmented_part1/V1_5 (1).wav	hap	1	ara	anad
anad/1sec_segmented_part1/V1_5 (2).wav	hap	1	ara	anad
anad/1sec_segmented_part1/V1_5 (3).wav	hap	1	ara	anad
anad/1sec_segmented_part1/V1_5 (4).wav	hap	1	ara	anad
anad/1sec_segmented_part1/V1_5 (5).wav	hap	1	ara	anad
anad/1sec_segmented_part1/V1_5 (6).wav	hap	1	ara	anad
anad/1sec_segmented_part1/V1_5 (7).wav	hap	1	ara	anad
anad/1sec_segmented_part1/V1_5 (8).wav	hap	1	ara	anad
anad/1sec_segmented_part1/V1_5 (9).wav	hap	1	ara	anad
anad/1sec_segmented_part1/V1_5 (10).wav	hap	1	ara	anad
anad/1sec_segmented_part1/V1_5 (11).wav	hap	1	ara	anad
anad/1sec_segmented_part1/V1_5 (12).wav	hap	1	ara	anad
anad/1sec_segmented_part1/V1_5 (13).wav	hap	1	ara	anad
anad/1sec_segmented_part1/V1_5 (14).wav	hap	1	ara	anad
anad/1sec_segmented_part1/V1_5 (15).wav	hap	1	ara	anad
anad/1sec_segmented_part1/V1_5 (16).wav	hap	1	ara	anad
anad/1sec_segmented_part1/V1_5 (17).wav	hap	1	ara	anad
anad/1sec_segmented_part1/V1_5 (18).wav	hap	1	ara	anad
anad/1sec_segmented_part1/V1_5 (19).wav	hap	1	ara	anad
anad/1sec_segmented_part1/V1_5 (20).wav	hap	1	ara	anad
anad/1sec_segmented_part1/V1_5 (21).wav	hap	1	ara	anad
anad/1sec_segmented_part1/V1_6 (1).wav	hap	1	ara	anad
anad/1sec_segmented_part1/V1_6 (2).wav	hap	1	ara	anad
anad/1sec_segmented_part1/V1_7 (1).wav	hap	1	ara	anad
anad/1sec_segmented_part1/V1_7 (2).wav	hap	1	ara	anad
anad/1sec_segmented_part1/V1_7 (3).wav	hap	1	ara	anad
anad/1sec_segmented_part1/V1_7 (4).wav	hap	1	ara	anad
anad/1sec_segmented_part1/V1_7 (5).wav	hap	1	ara	anad
anad/1sec_segmented_part1/V1_7 (6).wav	hap	1	ara	anad
anad/1sec_segmented_part1/V1_7 (7).wav	hap	1	ara	anad
anad/1sec_segmented_part1/V1_7 (8).wav	hap	1	ara	anad
anad/1sec_segmented_part1/V1_7 (9).wav	hap	1	ara	anad
anad/1sec_segmented_part1/V1_7 (10).wav	hap	1	ara	anad
anad/1sec_segmented_part1/V1_7 (11).wav	hap	1	ara	anad
anad/1sec_segmented_part1/V1_7 (12).wav	hap	1	ara	anad
anad/1sec_segmented_part1/V1_7 (13).wav	hap	1	ara	anad
anad/1sec_segmented_part1/V1_7 (14).wav	hap	1	ara	anad
anad/1sec_segmented_part1/V1_7 (15).wav	hap	1	ara	anad
anad/1sec_segmented_part1/V1_7 (16).wav	hap	1	ara	anad
anad/1sec_segmented_part1/V1_7 (17).wav	hap	1	ara	anad
anad/1sec_segmented_part1/V1_7 (18).wav	hap	1	ara	anad
anad/1sec_segmented_part1/V1_7 (19).wav	hap	1	ara	anad
anad/1sec_segmented_part1/V1_7 (20).wav	hap	1	ara	anad
anad/1sec_segmented_part1/V1_7 (21).wav	hap	1	ara	anad
anad/1sec_segmented_part1/V1_7 (22).wav	hap	1	ara	anad
anad/1sec_segmented_part1/V1_7 (23).wav	hap	1	ara	anad
anad/1sec_segmented_part1/V1_7 (24).wav	hap	1	ara	anad
anad/1sec_segmented_part1/V1_7 (25).wav	hap	1	ara	anad
anad/1sec_segmented_part1/V1_7 (26).wav	hap	1	ara	anad
anad/1sec_segmented_part1/V1_8 (1).wav	hap	1	ara	anad
anad/1sec_segmented_part1/V1_8 (2).wav	hap	1	ara	anad
anad/1sec_segmented_part1/V1_9 (2).wav	hap	1	ara	anad
anad/1sec_segmented_part1/V1_9 (1).wav	hap	1	ara	anad
anad/1sec_segmented_part1/V1_9 (3).wav	hap	1	ara	anad
anad/1sec_segmented_part1/V3_1 (1).wav	hap	1	ara	anad
anad/1sec_segmented_part1/V3_1 (2).wav	hap	1	ara	anad
anad/1sec_segmented_part1/V3_1 (3).wav	hap	1	ara	anad
anad/1sec_segmented_part1/V3_1 (4).wav	hap	1	ara	anad
anad/1sec_segmented_part1/V3_1 (5).wav	hap	1	ara	anad
anad/1sec_segmented_part1/V3_1 (6).wav	hap	1	ara	anad
anad/1sec_segmented_part1/V3_1 (7).wav	hap	1	ara	anad
anad/1sec_segmented_part1/V3_1 (8).wav	hap	1	ara	anad
anad/1sec_segmented_part1/V3_1 (9).wav	hap	1	ara	anad
anad/1sec_segmented_part1/V3_1 (10).wav	hap	1	ara	anad
anad/1sec_segmented_part1/V3_1 (11).wav	hap	1	ara	anad
anad/1sec_segmented_part1/V3_1 (12).wav	hap	1	ara	anad
anad/1sec_segmented_part1/V3_1 (13).wav	hap	1	ara	anad
anad/1sec_segmented_part1/V3_1 (14).wav	hap	1	ara	anad
anad/1sec_segmented_part1/V3_1 (15).wav	hap	1	ara	anad
anad/1sec_segmented_part1/V3_1 (16).wav	hap	1	ara	anad
anad/1sec_segmented_part1/V3_1 (17).wav	hap	1	ara	anad
anad/1sec_segmented_part1/V3_3 (1).wav	hap	1	ara	anad
anad/1sec_segmented_part1/V3_3 (2).wav	hap	1	ara	anad
anad/1sec_segmented_part1/V3_3 (3).wav	hap	1	ara	anad
anad/1sec_segmented_part1/V3_4 (1).wav	hap	1	ara	anad
anad/1sec_segmented_part1/V3_4 (2).wav	hap	1	ara	anad
anad/1sec_segmented_part1/V3_4 (3).wav	hap	1	ara	anad
anad/1sec_segmented_part1/V3_4 (4).wav	hap	1	ara	anad
anad/1sec_segmented_part1/V3_4 (5).wav	hap	1	ara	anad
anad/1sec_segmented_part1/V3_4 (6).wav	hap	1	ara	anad
anad/1sec_segmented_part1/V3_4 (7).wav	hap	1	ara	anad
anad/1sec_segmented_part1/V3_4 (8).wav	hap	1	ara	anad
anad/1sec_segmented_part1/V3_4 (9).wav	hap	1	ara	anad
anad/1sec_segmented_part1/V3_4 (10).wav	hap	1	ara	anad
anad/1sec_segmented_part1/V3_4 (11).wav	hap	1	ara	anad
anad/1sec_segmented_part1/V3_4 (12).wav	hap	1	ara	anad
anad/1sec_segmented_part1/V3_4 (13).wav	hap	1	ara	anad
anad/1sec_segmented_part1/V3_4 (14).wav	hap	1	ara	anad
anad/1sec_segmented_part1/V3_4 (15).wav	hap	1	ara	anad
anad/1sec_segmented_part1/V3_4 (16).wav	hap	1	ara	anad
anad/1sec_segmented_part1/V3_5 (1).wav	hap	1	ara	anad
anad/1sec_segmented_part1/V3_5 (2).wav	hap	1	ara	anad
anad/1sec_segmented_part1/V3_5 (3).wav	hap	1	ara	anad
anad/1sec_segmented_part1/V3_5 (4).wav	hap	1	ara	anad
anad/1sec_segmented_part1/V3_5 (5).wav	hap	1	ara	anad
anad/1sec_segmented_part1/V3_5 (6).wav	hap	1	ara	anad
anad/1sec_segmented_part1/V3_6 (1).wav	hap	1	ara	anad
anad/1sec_segmented_part1/V3_6 (2).wav	hap	1	ara	anad
anad/1sec_segmented_part1/V3_6 (3).wav	hap	1	ara	anad
anad/1sec_segmented_part1/V3_6 (4).wav	hap	1	ara	anad
anad/1sec_segmented_part1/V3_6 (5).wav	hap	1	ara	anad
anad/1sec_segmented_part1/V3_6 (6).wav	hap	1	ara	anad
anad/1sec_segmented_part1/V3_6 (7).wav	hap	1	ara	anad
anad/1sec_segmented_part1/V3_6 (8).wav	hap	1	ara	anad
anad/1sec_segmented_part1/V3_6 (9).wav	hap	1	ara	anad
anad/1sec_segmented_part1/V3_6 (10).wav	hap	1	ara	anad
anad/1sec_segmented_part1/V3_6 (11).wav	hap	1	ara	anad
anad/1sec_segmented_part1/V3_6 (12).wav	hap	1	ara	anad
anad/1sec_segmented_part1/V3_6 (13).wav	hap	1	ara	anad
anad/1sec_segmented_part1/V3_6 (14).wav	hap	1	ara	anad
anad/1sec_segmented_part1/V3_6 (15).wav	hap	1	ara	anad
anad/1sec_segmented_part1/V3_6 (16).wav	hap	1	ara	anad
anad/1sec_segmented_part1/V3_6 (17).wav	hap	1	ara	anad
anad/1sec_segmented_part1/V3_6 (18).wav	hap	1	ara	anad
anad/1sec_segmented_part1/V3_6 (19).wav	hap	1	ara	anad
anad/1sec_segmented_part1/V3_6 (20).wav	hap	1	ara	anad
anad/1sec_segmented_part1/V3_6 (21).wav	hap	1	ara	anad
anad/1sec_segmented_part1/V3_6 (22).wav	hap	1	ara	anad
anad/1sec_segmented_part1/V3_6 (23).wav	hap	1	ara	anad
anad/1sec_segmented_part1/V3_6 (24).wav	hap	1	ara	anad
anad/1sec_segmented_part1/V3_6 (25).wav	hap	1	ara	anad
anad/1sec_segmented_part1/V3_6 (26).wav	hap	1	ara	anad
anad/1sec_segmented_part1/V3_6 (27).wav	hap	1	ara	anad
anad/1sec_segmented_part1/V3_6 (28).wav	hap	1	ara	anad
anad/1sec_segmented_part1/V3_6 (29).wav	hap	1	ara	anad
anad/1sec_segmented_part1/V3_6 (30).wav	hap	1	ara	anad
anad/1sec_segmented_part1/V3_6 (31).wav	hap	1	ara	anad
anad/1sec_segmented_part1/V3_6 (32).wav	hap	1	ara	anad
anad/1sec_segmented_part1/V3_6 (33).wav	hap	1	ara	anad
anad/1sec_segmented_part1/V3_6 (34).wav	hap	1	ara	anad
anad/1sec_segmented_part1/V3_6 (35).wav	hap	1	ara	anad
anad/1sec_segmented_part1/V3_6 (36).wav	hap	1	ara	anad
anad/1sec_segmented_part1/V3_6 (37).wav	hap	1	ara	anad
anad/1sec_segmented_part1/V3_6 (38).wav	hap	1	ara	anad
anad/1sec_segmented_part1/V3_6 (39).wav	hap	1	ara	anad
anad/1sec_segmented_part1/V3_6 (40).wav	hap	1	ara	anad
anad/1sec_segmented_part1/V3_6 (41).wav	hap	1	ara	anad
anad/1sec_segmented_part2/V5_1 (1).wav	ang	-1	ara	anad
anad/1sec_segmented_part2/V5_1 (2).wav	ang	-1	ara	anad
anad/1sec_segmented_part2/V5_1 (3).wav	ang	-1	ara	anad
anad/1sec_segmented_part2/V5_1 (4).wav	ang	-1	ara	anad
anad/1sec_segmented_part2/V5_1 (5).wav	ang	-1	ara	anad
anad/1sec_segmented_part2/V5_1 (6).wav	ang	-1	ara	anad
anad/1sec_segmented_part2/V5_1 (7).wav	ang	-1	ara	anad
anad/1sec_segmented_part2/V5_1 (8).wav	ang	-1	ara	anad
anad/1sec_segmented_part2/V5_1 (9).wav	ang	-1	ara	anad
anad/1sec_segmented_part2/V5_1 (10).wav	ang	-1	ara	anad
anad/1sec_segmented_part2/V5_2 (1).wav	ang	-1	ara	anad
anad/1sec_segmented_part2/V5_2 (2).wav	ang	-1	ara	anad
anad/1sec_segmented_part2/V5_2 (3).wav	ang	-1	ara	anad
anad/1sec_segmented_part2/V5_2 (4).wav	ang	-1	ara	anad
anad/1sec_segmented_part2/V5_3 (1).wav	ang	-1	ara	anad
anad/1sec_segmented_part2/V5_3 (2).wav	ang	-1	ara	anad
anad/1sec_segmented_part2/V5_3 (3).wav	ang	-1	ara	anad
anad/1sec_segmented_part2/V5_4 (1).wav	ang	-1	ara	anad
anad/1sec_segmented_part2/V5_4 (2).wav	ang	-1	ara	anad
anad/1sec_segmented_part2/V5_4 (3).wav	ang	-1	ara	anad
anad/1sec_segmented_part2/V5_4 (4).wav	ang	-1	ara	anad
anad/1sec_segmented_part2/V5_4 (5).wav	ang	-1	ara	anad
anad/1sec_segmented_part2/V5_4 (6).wav	ang	-1	ara	anad
anad/1sec_segmented_part2/V5_4 (7).wav	ang	-1	ara	anad
anad/1sec_segmented_part2/V5_5 (1).wav	ang	-1	ara	anad
anad/1sec_segmented_part2/V5_5 (2).wav	ang	-1	ara	anad
anad/1sec_segmented_part2/V5_6 (1).wav	ang	-1	ara	anad
anad/1sec_segmented_part2/V5_6 (2).wav	ang	-1	ara	anad
anad/1sec_segmented_part2/V5_6 (3).wav	ang	-1	ara	anad
anad/1sec_segmented_part2/V5_6 (4).wav	ang	-1	ara	anad
anad/1sec_segmented_part2/V5_6 (5).wav	ang	-1	ara	anad
anad/1sec_segmented_part2/V5_6 (6).wav	ang	-1	ara	anad
anad/1sec_segmented_part2/V5_8 (1).wav	ang	-1	ara	anad
anad/1sec_segmented_part2/V5_8 (2).wav	ang	-1	ara	anad
anad/1sec_segmented_part2/V5_9 (1).wav	ang	-1	ara	anad
anad/1sec_segmented_part2/V5_9 (2).wav	ang	-1	ara	anad
anad/1sec_segmented_part2/V5_9 (3).wav	ang	-1	ara	anad
anad/1sec_segmented_part2/V5_9 (4).wav	ang	-1	ara	anad
anad/1sec_segmented_part2/V5_9 (5).wav	ang	-1	ara	anad
anad/1sec_segmented_part2/V5_9 (6).wav	ang	-1	ara	anad
anad/1sec_segmented_part2/V5_9 (7).wav	ang	-1	ara	anad
anad/1sec_segmented_part2/V5_9 (8).wav	ang	-1	ara	anad
anad/1sec_segmented_part2/V5_9 (9).wav	ang	-1	ara	anad
anad/1sec_segmented_part2/V5_9 (10).wav	ang	-1	ara	anad
anad/1sec_segmented_part2/V5_9 (11).wav	ang	-1	ara	anad
anad/1sec_segmented_part2/V5_9 (12).wav	ang	-1	ara	anad
anad/1sec_segmented_part2/V5_9 (13).wav	ang	-1	ara	anad
anad/1sec_segmented_part2/V5_9 (14).wav	ang	-1	ara	anad
anad/1sec_segmented_part2/V5_9 (15).wav	ang	-1	ara	anad
anad/1sec_segmented_part2/V5_9 (16).wav	ang	-1	ara	anad
anad/1sec_segmented_part2/V5_9 (17).wav	ang	-1	ara	anad
anad/1sec_segmented_part2/V5_9 (18).wav	ang	-1	ara	anad
anad/1sec_segmented_part2/V5_9 (19).wav	ang	-1	ara	anad
anad/1sec_segmented_part2/V5_9 (20).wav	ang	-1	ara	anad
anad/1sec_segmented_part2/V5_9 (21).wav	ang	-1	ara	anad
anad/1sec_segmented_part2/V5_9 (22).wav	ang	-1	ara	anad
anad/1sec_segmented_part2/V5_9 (23).wav	ang	-1	ara	anad
anad/1sec_segmented_part2/V5_9 (24).wav	ang	-1	ara	anad
anad/1sec_segmented_part2/V5_9 (25).wav	ang	-1	ara	anad
anad/1sec_segmented_part2/V5_9 (26).wav	ang	-1	ara	anad
anad/1sec_segmented_part2/V5_9 (27).wav	ang	-1	ara	anad
anad/1sec_segmented_part2/V5_9 (28).wav	ang	-1	ara	anad
anad/1sec_segmented_part2/V5_9 (29).wav	ang	-1	ara	anad
anad/1sec_segmented_part2/V5_9 (30).wav	ang	-1	ara	anad
anad/1sec_segmented_part2/V5_9 (31).wav	ang	-1	ara	anad
anad/1sec_segmented_part2/V5_9 (32).wav	ang	-1	ara	anad
anad/1sec_segmented_part2/V5_9 (33).wav	ang	-1	ara	anad
anad/1sec_segmented_part2/V5_9 (34).wav	ang	-1	ara	anad
anad/1sec_segmented_part2/V5_9 (35).wav	ang	-1	ara	anad
anad/1sec_segmented_part2/V5_9 (36).wav	ang	-1	ara	anad
anad/1sec_segmented_part2/V5_9 (37).wav	ang	-1	ara	anad
anad/1sec_segmented_part2/V5_9 (38).wav	ang	-1	ara	anad
anad/1sec_segmented_part2/V5_9 (39).wav	ang	-1	ara	anad
anad/1sec_segmented_part2/V5_9 (40).wav	ang	-1	ara	anad
anad/1sec_segmented_part2/V5_9 (41).wav	ang	-1	ara	anad
anad/1sec_segmented_part2/V5_12 (1).wav	ang	-1	ara	anad
anad/1sec_segmented_part2/V5_12 (2).wav	ang	-1	ara	anad
anad/1sec_segmented_part2/V5_12 (3).wav	ang	-1	ara	anad
anad/1sec_segmented_part2/V5_12 (4).wav	ang	-1	ara	anad
anad/1sec_segmented_part2/V5_12 (5).wav	ang	-1	ara	anad
anad/1sec_segmented_part2/V5_12 (6).wav	ang	-1	ara	anad
anad/1sec_segmented_part2/V5_12 (7).wav	ang	-1	ara	anad
anad/1sec_segmented_part2/V5_12 (8).wav	ang	-1	ara	anad
anad/1sec_segmented_part2/V5_12 (9).wav	ang	-1	ara	anad
anad/1sec_segmented_part2/V5_12 (10).wav	ang	-1	ara	anad
anad/1sec_segmented_part2/V5_12 (11).wav	ang	-1	ara	anad
anad/1sec_segmented_part2/V5_12 (12).wav	ang	-1	ara	anad
anad/1sec_segmented_part2/V5_12 (13).wav	ang	-1	ara	anad
anad/1sec_segmented_part2/V5_12 (14).wav	ang	-1	ara	anad
anad/1sec_segmented_part2/V5_12 (15).wav	ang	-1	ara	anad
anad/1sec_segmented_part2/V5_12 (16).wav	ang	-1	ara	anad
anad/1sec_segmented_part2/V5_12 (17).wav	ang	-1	ara	anad
anad/1sec_segmented_part2/V5_12 (18).wav	ang	-1	ara	anad
anad/1sec_segmented_part2/V5_12 (19).wav	ang	-1	ara	anad
anad/1sec_segmented_part2/V5_12 (20).wav	ang	-1	ara	anad
anad/1sec_segmented_part2/V5_12 (21).wav	ang	-1	ara	anad
anad/1sec_segmented_part2/V5_12 (22).wav	ang	-1	ara	anad
anad/1sec_segmented_part2/V5_12 (23).wav	ang	-1	ara	anad
anad/1sec_segmented_part2/V5_12 (24).wav	ang	-1	ara	anad
anad/1sec_segmented_part2/V5_12 (25).wav	ang	-1	ara	anad
anad/1sec_segmented_part2/V5_12 (26).wav	ang	-1	ara	anad
anad/1sec_segmented_part2/V5_12 (27).wav	ang	-1	ara	anad
anad/1sec_segmented_part2/V5_12 (28).wav	ang	-1	ara	anad
anad/1sec_segmented_part2/V5_12 (29).wav	ang	-1	ara	anad
anad/1sec_segmented_part2/V5_12 (30).wav	ang	-1	ara	anad
anad/1sec_segmented_part2/V5_12 (31).wav	ang	-1	ara	anad
anad/1sec_segmented_part2/V5_12 (32).wav	ang	-1	ara	anad
anad/1sec_segmented_part2/V5_12 (33).wav	ang	-1	ara	anad
anad/1sec_segmented_part2/V5_12 (34).wav	ang	-1	ara	anad
anad/1sec_segmented_part2/V5_12 (35).wav	ang	-1	ara	anad
anad/1sec_segmented_part2/V5_12 (36).wav	ang	-1	ara	anad
anad/1sec_segmented_part2/V5_12 (37).wav	ang	-1	ara	anad
anad/1sec_segmented_part2/V5_14 (1).wav	ang	-1	ara	anad
anad/1sec_segmented_part2/V5_14 (2).wav	ang	-1	ara	anad
anad/1sec_segmented_part2/V5_14 (3).wav	ang	-1	ara	anad
anad/1sec_segmented_part2/V5_17 (1).wav	ang	-1	ara	anad
anad/1sec_segmented_part2/V5_17 (2).wav	ang	-1	ara	anad
anad/1sec_segmented_part2/V5_17 (3).wav	ang	-1	ara	anad
anad/1sec_segmented_part2/V5_17 (4).wav	ang	-1	ara	anad
anad/1sec_segmented_part2/V5_17 (5).wav	ang	-1	ara	anad
anad/1sec_segmented_part2/V5_17 (6).wav	ang	-1	ara	anad
anad/1sec_segmented_part2/V5_17 (7).wav	ang	-1	ara	anad
anad/1sec_segmented_part2/V5_19 (1).wav	ang	-1	ara	anad
anad/1sec_segmented_part2/V5_19 (2).wav	ang	-1	ara	anad
anad/1sec_segmented_part2/V5_19 (3).wav	ang	-1	ara	anad
anad/1sec_segmented_part2/V5_20 (1).wav	ang	-1	ara	anad
anad/1sec_segmented_part2/V5_20 (2).wav	ang	-1	ara	anad
anad/1sec_segmented_part2/V5_22 (1).wav	ang	-1	ara	anad
anad/1sec_segmented_part2/V5_22 (2).wav	ang	-1	ara	anad
anad/1sec_segmented_part2/V5_24 (1).wav	ang	-1	ara	anad
anad/1sec_segmented_part2/V5_24 (2).wav	ang	-1	ara	anad
anad/1sec_segmented_part2/V5_25 (1).wav	ang	-1	ara	anad
anad/1sec_segmented_part2/V5_25 (2).wav	ang	-1	ara	anad
anad/1sec_segmented_part2/V5_25 (3).wav	ang	-1	ara	anad
anad/1sec_segmented_part2/V5_25 (4).wav	ang	-1	ara	anad
anad/1sec_segmented_part2/V5_26 (1).wav	ang	-1	ara	anad
anad/1sec_segmented_part2/V5_26 (2).wav	ang	-1	ara	anad
anad/1sec_segmented_part2/V5_26 (3).wav	ang	-1	ara	anad
anad/1sec_segmented_part2/V5_26 (4).wav	ang	-1	ara	anad
anad/1sec_segmented_part2/V5_26 (5).wav	ang	-1	ara	anad
anad/1sec_segmented_part2/V5_27 (1).wav	ang	-1	ara	anad
anad/1sec_segmented_part2/V5_27 (2).wav	ang	-1	ara	anad
anad/1sec_segmented_part2/V5_27 (3).wav	ang	-1	ara	anad
anad/1sec_segmented_part2/V5_28 (1).wav	ang	-1	ara	anad
anad/1sec_segmented_part2/V5_28 (2).wav	ang	-1	ara	anad
anad/1sec_segmented_part2/V5_28 (3).wav	ang	-1	ara	anad
anad/1sec_segmented_part2/V5_28 (4).wav	ang	-1	ara	anad
anad/1sec_segmented_part2/V5_28 (5).wav	ang	-1	ara	anad
anad/1sec_segmented_part2/V5_28 (6).wav	ang	-1	ara	anad
anad/1sec_segmented_part2/V5_28 (7).wav	ang	-1	ara	anad
anad/1sec_segmented_part2/V5_29 (1).wav	ang	-1	ara	anad
anad/1sec_segmented_part2/V5_29 (2).wav	ang	-1	ara	anad
anad/1sec_segmented_part2/V5_32 (1).wav	ang	-1	ara	anad
anad/1sec_segmented_part2/V5_32 (2).wav	ang	-1	ara	anad
anad/1sec_segmented_part2/V5_32 (3).wav	ang	-1	ara	anad
anad/1sec_segmented_part2/V5_32 (4).wav	ang	-1	ara	anad
anad/1sec_segmented_part2/V5_32 (5).wav	ang	-1	ara	anad
anad/1sec_segmented_part2/V5_32 (6).wav	ang	-1	ara	anad
anad/1sec_segmented_part2/V5_32 (7).wav	ang	-1	ara	anad
anad/1sec_segmented_part2/V5_32 (8).wav	ang	-1	ara	anad
anad/1sec_segmented_part2/V5_34 (1).wav	ang	-1	ara	anad
anad/1sec_segmented_part2/V5_34 (2).wav	ang	-1	ara	anad
anad/1sec_segmented_part2/V5_34 (3).wav	ang	-1	ara	anad
anad/1sec_segmented_part2/V5_34 (4).wav	ang	-1	ara	anad
anad/1sec_segmented_part3/V7_1 (1).wav	ang	-1	ara	anad
anad/1sec_segmented_part3/V7_1 (2).wav	ang	-1	ara	anad
anad/1sec_segmented_part3/V7_1 (3).wav	ang	-1	ara	anad
anad/1sec_segmented_part3/V7_1 (4).wav	ang	-1	ara	anad
anad/1sec_segmented_part3/V7_1 (5).wav	ang	-1	ara	anad
anad/1sec_segmented_part3/V7_1 (6).wav	ang	-1	ara	anad
anad/1sec_segmented_part3/V7_1 (7).wav	ang	-1	ara	anad
anad/1sec_segmented_part3/V7_1 (8).wav	ang	-1	ara	anad
anad/1sec_segmented_part3/V7_1 (9).wav	ang	-1	ara	anad
anad/1sec_segmented_part3/V7_1 (10).wav	ang	-1	ara	anad
anad/1sec_segmented_part3/V7_1 (11).wav	ang	-1	ara	anad
anad/1sec_segmented_part3/V7_1 (12).wav	ang	-1	ara	anad
anad/1sec_segmented_part3/V7_1 (13).wav	ang	-1	ara	anad
anad/1sec_segmented_part3/V7_1 (14).wav	ang	-1	ara	anad
anad/1sec_segmented_part3/V7_1 (15).wav	ang	-1	ara	anad
anad/1sec_segmented_part3/V7_1 (16).wav	ang	-1	ara	anad
anad/1sec_segmented_part3/V7_1 (17).wav	ang	-1	ara	anad
anad/1sec_segmented_part3/V7_1 (18).wav	ang	-1	ara	anad
anad/1sec_segmented_part3/V7_1 (19).wav	ang	-1	ara	anad
anad/1sec_segmented_part3/V7_1 (20).wav	ang	-1	ara	anad
anad/1sec_segmented_part3/V7_1 (21).wav	ang	-1	ara	anad
anad/1sec_segmented_part3/V7_1 (22).wav	ang	-1	ara	anad
anad/1sec_segmented_part3/V7_1 (23).wav	ang	-1	ara	anad
anad/1sec_segmented_part3/V7_1 (24).wav	ang	-1	ara	anad
anad/1sec_segmented_part3/V7_1 (25).wav	ang	-1	ara	anad
anad/1sec_segmented_part3/V7_1 (26).wav	ang	-1	ara	anad
anad/1sec_segmented_part3/V7_1 (27).wav	ang	-1	ara	anad
anad/1sec_segmented_part3/V7_1 (28).wav	ang	-1	ara	anad
anad/1sec_segmented_part3/V7_1 (29).wav	ang	-1	ara	anad
anad/1sec_segmented_part3/V7_1 (30).wav	ang	-1	ara	anad
anad/1sec_segmented_part3/V7_1 (31).wav	ang	-1	ara	anad
anad/1sec_segmented_part3/V7_1 (32).wav	ang	-1	ara	anad
anad/1sec_segmented_part3/V7_1 (33).wav	ang	-1	ara	anad
anad/1sec_segmented_part3/V7_1 (34).wav	ang	-1	ara	anad
anad/1sec_segmented_part3/V7_1 (35).wav	ang	-1	ara	anad
anad/1sec_segmented_part3/V7_1 (37).wav	ang	-1	ara	anad
anad/1sec_segmented_part3/V7_1 (38).wav	ang	-1	ara	anad
anad/1sec_segmented_part3/V7_1 (39).wav	ang	-1	ara	anad
anad/1sec_segmented_part3/V7_1 (40).wav	ang	-1	ara	anad
anad/1sec_segmented_part3/V7_1 (41).wav	ang	-1	ara	anad
anad/1sec_segmented_part3/V7_1 (43).wav	ang	-1	ara	anad
anad/1sec_segmented_part3/V7_1 (44).wav	ang	-1	ara	anad
anad/1sec_segmented_part3/V7_1 (45).wav	ang	-1	ara	anad
anad/1sec_segmented_part3/V7_1 (47).wav	ang	-1	ara	anad
anad/1sec_segmented_part3/V7_1 (48).wav	ang	-1	ara	anad
anad/1sec_segmented_part3/V7_1 (49).wav	ang	-1	ara	anad
anad/1sec_segmented_part3/V7_1 (50).wav	ang	-1	ara	anad
anad/1sec_segmented_part3/V7_1 (51).wav	ang	-1	ara	anad
anad/1sec_segmented_part3/V7_1 (52).wav	ang	-1	ara	anad
anad/1sec_segmented_part3/V7_1 (53).wav	ang	-1	ara	anad
anad/1sec_segmented_part3/V7_1 (54).wav	ang	-1	ara	anad
anad/1sec_segmented_part3/V7_1 (55).wav	ang	-1	ara	anad
anad/1sec_segmented_part3/V7_1 (57).wav	ang	-1	ara	anad
anad/1sec_segmented_part3/V7_1 (58).wav	ang	-1	ara	anad
anad/1sec_segmented_part3/V7_1 (59).wav	ang	-1	ara	anad
anad/1sec_segmented_part3/V7_1 (60).wav	ang	-1	ara	anad
anad/1sec_segmented_part3/V7_1 (61).wav	ang	-1	ara	anad
anad/1sec_segmented_part3/V7_1 (62).wav	ang	-1	ara	anad
anad/1sec_segmented_part3/V7_1 (63).wav	ang	-1	ara	anad
anad/1sec_segmented_part3/V7_1 (64).wav	ang	-1	ara	anad
anad/1sec_segmented_part3/V7_1 (65).wav	ang	-1	ara	anad
anad/1sec_segmented_part3/V7_1 (67).wav	ang	-1	ara	anad
anad/1sec_segmented_part3/V7_1 (68).wav	ang	-1	ara	anad
anad/1sec_segmented_part3/V7_1 (69).wav	ang	-1	ara	anad
anad/1sec_segmented_part3/V7_1 (70).wav	ang	-1	ara	anad
anad/1sec_segmented_part3/V7_1 (71).wav	ang	-1	ara	anad
anad/1sec_segmented_part3/V7_1 (72).wav	ang	-1	ara	anad
anad/1sec_segmented_part3/V7_1 (73).wav	ang	-1	ara	anad
anad/1sec_segmented_part3/V7_1 (74).wav	ang	-1	ara	anad
anad/1sec_segmented_part3/V7_1 (75).wav	ang	-1	ara	anad
anad/1sec_segmented_part3/V7_1 (77).wav	ang	-1	ara	anad
anad/1sec_segmented_part3/V7_1 (78).wav	ang	-1	ara	anad
anad/1sec_segmented_part3/V7_1 (79).wav	ang	-1	ara	anad
anad/1sec_segmented_part3/V7_1 (80).wav	ang	-1	ara	anad
anad/1sec_segmented_part3/V7_1 (92).wav	ang	-1	ara	anad
anad/1sec_segmented_part3/V7_1 (93).wav	ang	-1	ara	anad
anad/1sec_segmented_part3/V7_1 (94).wav	ang	-1	ara	anad
anad/1sec_segmented_part3/V7_1 (95).wav	ang	-1	ara	anad
anad/1sec_segmented_part3/V7_1 (97).wav	ang	-1	ara	anad
anad/1sec_segmented_part3/V7_1 (98).wav	ang	-1	ara	anad
anad/1sec_segmented_part3/V7_1 (99).wav	ang	-1	ara	anad
anad/1sec_segmented_part3/V7_1 (100).wav	ang	-1	ara	anad
anad/1sec_segmented_part3/V7_1 (113).wav	ang	-1	ara	anad
anad/1sec_segmented_part3/V7_1 (114).wav	ang	-1	ara	anad
anad/1sec_segmented_part3/V7_1 (115).wav	ang	-1	ara	anad
anad/1sec_segmented_part3/V7_1 (116).wav	ang	-1	ara	anad
anad/1sec_segmented_part3/V7_1 (117).wav	ang	-1	ara	anad
anad/1sec_segmented_part3/V7_1 (118).wav	ang	-1	ara	anad
anad/1sec_segmented_part3/V7_1 (119).wav	ang	-1	ara	anad
anad/1sec_segmented_part3/V7_1 (120).wav	ang	-1	ara	anad
anad/1sec_segmented_part3/V7_1 (121).wav	ang	-1	ara	anad
anad/1sec_segmented_part3/V7_1 (122).wav	ang	-1	ara	anad
anad/1sec_segmented_part3/V7_1 (123).wav	ang	-1	ara	anad
anad/1sec_segmented_part3/V7_1 (124).wav	ang	-1	ara	anad
anad/1sec_segmented_part3/V7_1 (125).wav	ang	-1	ara	anad
anad/1sec_segmented_part3/V7_1 (126).wav	ang	-1	ara	anad
anad/1sec_segmented_part3/V7_1 (127).wav	ang	-1	ara	anad
anad/1sec_segmented_part3/V7_1 (128).wav	ang	-1	ara	anad
anad/1sec_segmented_part3/V7_1 (129).wav	ang	-1	ara	anad
anad/1sec_segmented_part3/V7_1 (130).wav	ang	-1	ara	anad
anad/1sec_segmented_part3/V7_1 (131).wav	ang	-1	ara	anad
anad/1sec_segmented_part3/V7_1 (132).wav	ang	-1	ara	anad
anad/1sec_segmented_part3/V7_1 (133).wav	ang	-1	ara	anad
anad/1sec_segmented_part3/V7_1 (134).wav	ang	-1	ara	anad
anad/1sec_segmented_part3/V7_1 (135).wav	ang	-1	ara	anad
anad/1sec_segmented_part3/V7_1 (137).wav	ang	-1	ara	anad
anad/1sec_segmented_part3/V7_1 (138).wav	ang	-1	ara	anad
anad/1sec_segmented_part3/V7_1 (139).wav	ang	-1	ara	anad
anad/1sec_segmented_part3/V7_1 (140).wav	ang	-1	ara	anad
anad/1sec_segmented_part3/V7_1 (141).wav	ang	-1	ara	anad
anad/1sec_segmented_part3/V7_1 (143).wav	ang	-1	ara	anad
anad/1sec_segmented_part3/V7_1 (144).wav	ang	-1	ara	anad
anad/1sec_segmented_part3/V7_1 (145).wav	ang	-1	ara	anad
anad/1sec_segmented_part3/V7_1 (146).wav	ang	-1	ara	anad
anad/1sec_segmented_part3/V7_1 (147).wav	ang	-1	ara	anad
anad/1sec_segmented_part3/V7_1 (148).wav	ang	-1	ara	anad
anad/1sec_segmented_part3/V7_1 (149).wav	ang	-1	ara	anad
anad/1sec_segmented_part3/V7_1 (150).wav	ang	-1	ara	anad
anad/1sec_segmented_part3/V7_1 (151).wav	ang	-1	ara	anad
anad/1sec_segmented_part3/V7_1 (152).wav	ang	-1	ara	anad
anad/1sec_segmented_part3/V7_1 (153).wav	ang	-1	ara	anad
anad/1sec_segmented_part3/V7_1 (154).wav	ang	-1	ara	anad
anad/1sec_segmented_part3/V7_1 (155).wav	ang	-1	ara	anad
anad/1sec_segmented_part3/V7_3 (1).wav	ang	-1	ara	anad
anad/1sec_segmented_part3/V7_3 (2).wav	ang	-1	ara	anad
anad/1sec_segmented_part3/V7_3 (3).wav	ang	-1	ara	anad
anad/1sec_segmented_part3/V7_3 (4).wav	ang	-1	ara	anad
anad/1sec_segmented_part3/V7_3 (5).wav	ang	-1	ara	anad
anad/1sec_segmented_part3/V7_3 (6).wav	ang	-1	ara	anad
anad/1sec_segmented_part3/V7_3 (7).wav	ang	-1	ara	anad
anad/1sec_segmented_part3/V7_3 (8).wav	ang	-1	ara	anad
anad/1sec_segmented_part3/V7_3 (9).wav	ang	-1	ara	anad
anad/1sec_segmented_part3/V7_3 (10).wav	ang	-1	ara	anad
anad/1sec_segmented_part3/V7_3 (11).wav	ang	-1	ara	anad
anad/1sec_segmented_part3/V7_3 (12).wav	ang	-1	ara	anad
anad/1sec_segmented_part3/V7_3 (13).wav	ang	-1	ara	anad
anad/1sec_segmented_part3/V7_3 (14).wav	ang	-1	ara	anad
anad/1sec_segmented_part3/V7_3 (15).wav	ang	-1	ara	anad
anad/1sec_segmented_part3/V7_3 (16).wav	ang	-1	ara	anad
anad/1sec_segmented_part3/V7_3 (17).wav	ang	-1	ara	anad
anad/1sec_segmented_part3/V7_3 (18).wav	ang	-1	ara	anad
anad/1sec_segmented_part3/V7_3 (19).wav	ang	-1	ara	anad
anad/1sec_segmented_part3/V7_3 (20).wav	ang	-1	ara	anad
anad/1sec_segmented_part3/V7_3 (21).wav	ang	-1	ara	anad
anad/1sec_segmented_part3/V7_3 (22).wav	ang	-1	ara	anad
anad/1sec_segmented_part3/V7_3 (23).wav	ang	-1	ara	anad
anad/1sec_segmented_part3/V7_3 (24).wav	ang	-1	ara	anad
anad/1sec_segmented_part3/V7_3 (25).wav	ang	-1	ara	anad
anad/1sec_segmented_part3/V7_3 (26).wav	ang	-1	ara	anad
anad/1sec_segmented_part3/V7_3 (27).wav	ang	-1	ara	anad
anad/1sec_segmented_part3/V7_3 (28).wav	ang	-1	ara	anad
anad/1sec_segmented_part3/V7_3 (29).wav	ang	-1	ara	anad
anad/1sec_segmented_part3/V7_3 (30).wav	ang	-1	ara	anad
anad/1sec_segmented_part3/V7_3 (31).wav	ang	-1	ara	anad
anad/1sec_segmented_part3/V7_3 (32).wav	ang	-1	ara	anad
anad/1sec_segmented_part3/V7_3 (33).wav	ang	-1	ara	anad
anad/1sec_segmented_part3/V7_3 (34).wav	ang	-1	ara	anad
anad/1sec_segmented_part3/V7_3 (35).wav	ang	-1	ara	anad
anad/1sec_segmented_part3/V7_3 (36).wav	ang	-1	ara	anad
anad/1sec_segmented_part3/V7_3 (37).wav	ang	-1	ara	anad
anad/1sec_segmented_part3/V7_3 (38).wav	ang	-1	ara	anad
anad/1sec_segmented_part3/V7_3 (39).wav	ang	-1	ara	anad
anad/1sec_segmented_part3/V7_3 (40).wav	ang	-1	ara	anad
anad/1sec_segmented_part3/V7_3 (41).wav	ang	-1	ara	anad
anad/1sec_segmented_part3/V7_3 (43).wav	ang	-1	ara	anad
anad/1sec_segmented_part3/V7_3 (44).wav	ang	-1	ara	anad
anad/1sec_segmented_part3/V7_3 (45).wav	ang	-1	ara	anad
anad/1sec_segmented_part3/V7_3 (46).wav	ang	-1	ara	anad
anad/1sec_segmented_part3/V7_3 (47).wav	ang	-1	ara	anad
anad/1sec_segmented_part3/V7_3 (48).wav	ang	-1	ara	anad
anad/1sec_segmented_part3/V7_3 (49).wav	ang	-1	ara	anad
anad/1sec_segmented_part3/V7_3 (50).wav	ang	-1	ara	anad
anad/1sec_segmented_part3/V7_3 (51).wav	ang	-1	ara	anad
anad/1sec_segmented_part3/V7_3 (52).wav	ang	-1	ara	anad
anad/1sec_segmented_part3/V7_3 (53).wav	ang	-1	ara	anad
anad/1sec_segmented_part3/V7_3 (54).wav	ang	-1	ara	anad
anad/1sec_segmented_part3/V7_3 (55).wav	ang	-1	ara	anad
anad/1sec_segmented_part3/V7_3 (56).wav	ang	-1	ara	anad
anad/1sec_segmented_part3/V7_3 (57).wav	ang	-1	ara	anad
anad/1sec_segmented_part3/V7_3 (58).wav	ang	-1	ara	anad
anad/1sec_segmented_part3/V7_3 (59).wav	ang	-1	ara	anad
anad/1sec_segmented_part3/V7_3 (60).wav	ang	-1	ara	anad
anad/1sec_segmented_part3/V7_3 (61).wav	ang	-1	ara	anad
anad/1sec_segmented_part3/V7_3 (62).wav	ang	-1	ara	anad
anad/1sec_segmented_part3/V7_3 (63).wav	ang	-1	ara	anad
anad/1sec_segmented_part3/V7_3 (64).wav	ang	-1	ara	anad
anad/1sec_segmented_part3/V7_3 (65).wav	ang	-1	ara	anad
anad/1sec_segmented_part3/V7_3 (66).wav	ang	-1	ara	anad
anad/1sec_segmented_part3/V7_3 (67).wav	ang	-1	ara	anad
anad/1sec_segmented_part3/V7_3 (68).wav	ang	-1	ara	anad
anad/1sec_segmented_part3/V7_3 (69).wav	ang	-1	ara	anad
anad/1sec_segmented_part3/V7_3 (70).wav	ang	-1	ara	anad
anad/1sec_segmented_part3/V7_3 (71).wav	ang	-1	ara	anad
anad/1sec_segmented_part3/V7_5 (1).wav	ang	-1	ara	anad
anad/1sec_segmented_part3/V7_5 (2).wav	ang	-1	ara	anad
anad/1sec_segmented_part3/V7_5 (3).wav	ang	-1	ara	anad
anad/1sec_segmented_part3/V7_5 (4).wav	ang	-1	ara	anad
anad/1sec_segmented_part3/V7_6 (1).wav	ang	-1	ara	anad
anad/1sec_segmented_part3/V7_6 (2).wav	ang	-1	ara	anad
anad/1sec_segmented_part3/V7_6 (3).wav	ang	-1	ara	anad
anad/1sec_segmented_part3/V7_6 (4).wav	ang	-1	ara	anad
anad/1sec_segmented_part3/V7_6 (5).wav	ang	-1	ara	anad
anad/1sec_segmented_part3/V7_7 (1).wav	ang	-1	ara	anad
anad/1sec_segmented_part3/V7_7 (2).wav	ang	-1	ara	anad
anad/1sec_segmented_part3/V7_8 (1).wav	ang	-1	ara	anad
anad/1sec_segmented_part3/V7_8 (2).wav	ang	-1	ara	anad
anad/1sec_segmented_part3/V7_8 (3).wav	ang	-1	ara	anad
anad/1sec_segmented_part3/V7_8 (4).wav	ang	-1	ara	anad
anad/1sec_segmented_part3/V7_8 (5).wav	ang	-1	ara	anad
anad/1sec_segmented_part3/V7_8 (6).wav	ang	-1	ara	anad
anad/1sec_segmented_part3/V7_8 (7).wav	ang	-1	ara	anad
anad/1sec_segmented_part3/V7_8 (8).wav	ang	-1	ara	anad
anad/1sec_segmented_part3/V7_8 (9).wav	ang	-1	ara	anad
anad/1sec_segmented_part3/V7_8 (10).wav	ang	-1	ara	anad
anad/1sec_segmented_part3/V7_8 (11).wav	ang	-1	ara	anad
anad/1sec_segmented_part3/V7_8 (12).wav	ang	-1	ara	anad
anad/1sec_segmented_part3/V7_8 (13).wav	ang	-1	ara	anad
anad/1sec_segmented_part3/V7_8 (14).wav	ang	-1	ara	anad
anad/1sec_segmented_part3/V7_8 (15).wav	ang	-1	ara	anad
anad/1sec_segmented_part3/V7_8 (16).wav	ang	-1	ara	anad
anad/1sec_segmented_part3/V7_8 (17).wav	ang	-1	ara	anad
anad/1sec_segmented_part3/V7_8 (18).wav	ang	-1	ara	anad
anad/1sec_segmented_part3/V7_8 (19).wav	ang	-1	ara	anad
anad/1sec_segmented_part3/V7_8 (20).wav	ang	-1	ara	anad
anad/1sec_segmented_part3/V7_8 (21).wav	ang	-1	ara	anad
anad/1sec_segmented_part3/V7_8 (22).wav	ang	-1	ara	anad
anad/1sec_segmented_part3/V7_8 (23).wav	ang	-1	ara	anad
anad/1sec_segmented_part3/V7_10 (1).wav	ang	-1	ara	anad
anad/1sec_segmented_part3/V7_10 (2).wav	ang	-1	ara	anad
anad/1sec_segmented_part3/V7_10 (3).wav	ang	-1	ara	anad
anad/1sec_segmented_part3/V7_10 (4).wav	ang	-1	ara	anad
anad/1sec_segmented_part3/V7_10 (5).wav	ang	-1	ara	anad
anad/1sec_segmented_part3/V7_10 (6).wav	ang	-1	ara	anad
anad/1sec_segmented_part3/V7_10 (7).wav	ang	-1	ara	anad
anad/1sec_segmented_part3/V7_10 (8).wav	ang	-1	ara	anad
anad/1sec_segmented_part3/V7_10 (9).wav	ang	-1	ara	anad
anad/1sec_segmented_part3/V7_10 (10).wav	ang	-1	ara	anad
anad/1sec_segmented_part3/V7_10 (11).wav	ang	-1	ara	anad
anad/1sec_segmented_part3/V7_10 (12).wav	ang	-1	ara	anad
anad/1sec_segmented_part3/V7_10 (13).wav	ang	-1	ara	anad
anad/1sec_segmented_part3/V7_10 (14).wav	ang	-1	ara	anad
anad/1sec_segmented_part3/V7_10 (15).wav	ang	-1	ara	anad
anad/1sec_segmented_part3/V7_11 (1).wav	ang	-1	ara	anad
anad/1sec_segmented_part3/V7_11 (2).wav	ang	-1	ara	anad
anad/1sec_segmented_part3/V7_13 (1).wav	ang	-1	ara	anad
anad/1sec_segmented_part3/V7_13 (2).wav	ang	-1	ara	anad
anad/1sec_segmented_part3/V7_13 (3).wav	ang	-1	ara	anad
anad/1sec_segmented_part3/V7_13 (4).wav	ang	-1	ara	anad
anad/1sec_segmented_part3/V7_13 (5).wav	ang	-1	ara	anad
anad/1sec_segmented_part3/V7_13 (6).wav	ang	-1	ara	anad
anad/1sec_segmented_part3/V7_13 (7).wav	ang	-1	ara	anad
anad/1sec_segmented_part3/V7_13 (8).wav	ang	-1	ara	anad
anad/1sec_segmented_part3/V7_13 (9).wav	ang	-1	ara	anad
anad/1sec_segmented_part3/V7_13 (10).wav	ang	-1	ara	anad
anad/1sec_segmented_part3/V7_13 (11).wav	ang	-1	ara	anad
anad/1sec_segmented_part3/V7_13 (12).wav	ang	-1	ara	anad
anad/1sec_segmented_part3/V7_13 (13).wav	ang	-1	ara	anad
anad/1sec_segmented_part3/V7_13 (14).wav	ang	-1	ara	anad
anad/1sec_segmented_part3/V7_13 (15).wav	ang	-1	ara	anad
anad/1sec_segmented_part3/V7_13 (16).wav	ang	-1	ara	anad
anad/1sec_segmented_part3/V7_13 (17).wav	ang	-1	ara	anad
anad/1sec_segmented_part3/V7_13 (18).wav	ang	-1	ara	anad
anad/1sec_segmented_part3/V7_13 (19).wav	ang	-1	ara	anad
anad/1sec_segmented_part3/V7_13 (20).wav	ang	-1	ara	anad
anad/1sec_segmented_part3/V7_13 (21).wav	ang	-1	ara	anad
anad/1sec_segmented_part3/V7_13 (22).wav	ang	-1	ara	anad
anad/1sec_segmented_part3/V7_13 (23).wav	ang	-1	ara	anad
anad/1sec_segmented_part3/V7_13 (24).wav	ang	-1	ara	anad
anad/1sec_segmented_part3/V7_13 (25).wav	ang	-1	ara	anad
anad/1sec_segmented_part3/V7_13 (26).wav	ang	-1	ara	anad
anad/1sec_segmented_part3/V7_13 (27).wav	ang	-1	ara	anad
anad/1sec_segmented_part3/V7_13 (28).wav	ang	-1	ara	anad
anad/1sec_segmented_part3/V7_13 (29).wav	ang	-1	ara	anad
anad/1sec_segmented_part3/V7_13 (30).wav	ang	-1	ara	anad
anad/1sec_segmented_part3/V7_13 (31).wav	ang	-1	ara	anad
anad/1sec_segmented_part3/V7_13 (32).wav	ang	-1	ara	anad
anad/1sec_segmented_part3/V7_13 (33).wav	ang	-1	ara	anad
anad/1sec_segmented_part3/V7_13 (34).wav	ang	-1	ara	anad
anad/1sec_segmented_part3/V7_13 (35).wav	ang	-1	ara	anad
anad/1sec_segmented_part3/V7_13 (36).wav	ang	-1	ara	anad
anad/1sec_segmented_part3/V7_13 (37).wav	ang	-1	ara	anad
anad/1sec_segmented_part3/V7_16 (1).wav	ang	-1	ara	anad
anad/1sec_segmented_part3/V7_16 (2).wav	ang	-1	ara	anad
anad/1sec_segmented_part3/V7_16 (3).wav	ang	-1	ara	anad
anad/1sec_segmented_part3/V7_17 (1).wav	ang	-1	ara	anad
anad/1sec_segmented_part3/V7_17 (2).wav	ang	-1	ara	anad
anad/1sec_segmented_part3/V7_17 (3).wav	ang	-1	ara	anad
anad/1sec_segmented_part3/V7_17 (4).wav	ang	-1	ara	anad
anad/1sec_segmented_part3/V7_17 (5).wav	ang	-1	ara	anad
anad/1sec_segmented_part3/V7_17 (6).wav	ang	-1	ara	anad
anad/1sec_segmented_part3/V7_17 (7).wav	ang	-1	ara	anad
anad/1sec_segmented_part3/V7_17 (8).wav	ang	-1	ara	anad
anad/1sec_segmented_part3/V7_17 (9).wav	ang	-1	ara	anad
anad/1sec_segmented_part3/V7_17 (10).wav	ang	-1	ara	anad
anad/1sec_segmented_part3/V7_17 (11).wav	ang	-1	ara	anad
anad/1sec_segmented_part3/V7_17 (12).wav	ang	-1	ara	anad
anad/1sec_segmented_part3/V7_17 (13).wav	ang	-1	ara	anad
anad/1sec_segmented_part3/V7_17 (14).wav	ang	-1	ara	anad
anad/1sec_segmented_part3/V7_17 (15).wav	ang	-1	ara	anad
anad/1sec_segmented_part3/V7_17 (16).wav	ang	-1	ara	anad
anad/1sec_segmented_part3/V7_17 (17).wav	ang	-1	ara	anad
anad/1sec_segmented_part3/V7_17 (18).wav	ang	-1	ara	anad
anad/1sec_segmented_part3/V7_17 (19).wav	ang	-1	ara	anad
anad/1sec_segmented_part3/V7_17 (20).wav	ang	-1	ara	anad
anad/1sec_segmented_part3/V7_17 (21).wav	ang	-1	ara	anad
anad/1sec_segmented_part3/V7_17 (22).wav	ang	-1	ara	anad
anad/1sec_segmented_part3/V7_17 (23).wav	ang	-1	ara	anad
anad/1sec_segmented_part3/V7_17 (24).wav	ang	-1	ara	anad
anad/1sec_segmented_part3/V7_17 (25).wav	ang	-1	ara	anad
anad/1sec_segmented_part3/V7_17 (26).wav	ang	-1	ara	anad
anad/1sec_segmented_part3/V7_17 (27).wav	ang	-1	ara	anad
anad/1sec_segmented_part3/V7_17 (28).wav	ang	-1	ara	anad
anad/1sec_segmented_part3/V7_18 (1).wav	ang	-1	ara	anad
anad/1sec_segmented_part3/V7_18 (2).wav	ang	-1	ara	anad
anad/1sec_segmented_part3/V7_18 (3).wav	ang	-1	ara	anad
anad/1sec_segmented_part3/V7_18 (4).wav	ang	-1	ara	anad
anad/1sec_segmented_part3/V7_18 (5).wav	ang	-1	ara	anad
anad/1sec_segmented_part3/V7_19 (1).wav	ang	-1	ara	anad
anad/1sec_segmented_part3/V7_19 (2).wav	ang	-1	ara	anad
anad/1sec_segmented_part3/V7_19 (3).wav	ang	-1	ara	anad
anad/1sec_segmented_part3/V7_19 (4).wav	ang	-1	ara	anad
anad/1sec_segmented_part3/V7_19 (5).wav	ang	-1	ara	anad
anad/1sec_segmented_part3/V7_19 (6).wav	ang	-1	ara	anad
anad/1sec_segmented_part3/V7_19 (7).wav	ang	-1	ara	anad
anad/1sec_segmented_part3/V7_19 (8).wav	ang	-1	ara	anad
anad/1sec_segmented_part3/V7_19 (9).wav	ang	-1	ara	anad
anad/1sec_segmented_part3/V7_21 (1).wav	ang	-1	ara	anad
anad/1sec_segmented_part3/V7_21 (2).wav	ang	-1	ara	anad
anad/1sec_segmented_part3/V7_21 (3).wav	ang	-1	ara	anad
anad/1sec_segmented_part3/V7_21 (4).wav	ang	-1	ara	anad
anad/1sec_segmented_part3/V7_21 (5).wav	ang	-1	ara	anad
anad/1sec_segmented_part3/V7_21 (6).wav	ang	-1	ara	anad
anad/1sec_segmented_part3/V7_21 (7).wav	ang	-1	ara	anad
anad/1sec_segmented_part3/V7_21 (8).wav	ang	-1	ara	anad
anad/1sec_segmented_part3/V7_21 (9).wav	ang	-1	ara	anad
anad/1sec_segmented_part3/V7_21 (10).wav	ang	-1	ara	anad
anad/1sec_segmented_part3/V7_21 (11).wav	ang	-1	ara	anad
anad/1sec_segmented_part3/V7_21 (12).wav	ang	-1	ara	anad
anad/1sec_segmented_part3/V7_21 (13).wav	ang	-1	ara	anad
anad/1sec_segmented_part3/V7_21 (14).wav	ang	-1	ara	anad
anad/1sec_segmented_part3/V7_21 (15).wav	ang	-1	ara	anad
anad/1sec_segmented_part3/V7_21 (16).wav	ang	-1	ara	anad
anad/1sec_segmented_part3/V7_21 (17).wav	ang	-1	ara	anad
anad/1sec_segmented_part3/V7_21 (18).wav	ang	-1	ara	anad
anad/1sec_segmented_part3/V7_21 (19).wav	ang	-1	ara	anad
anad/1sec_segmented_part3/V7_21 (20).wav	ang	-1	ara	anad
anad/1sec_segmented_part3/V7_21 (21).wav	ang	-1	ara	anad
anad/1sec_segmented_part3/V7_21 (22).wav	ang	-1	ara	anad
anad/1sec_segmented_part3/V7_21 (23).wav	ang	-1	ara	anad
anad/1sec_segmented_part3/V7_21 (24).wav	ang	-1	ara	anad
anad/1sec_segmented_part3/V7_21 (25).wav	ang	-1	ara	anad
anad/1sec_segmented_part3/V7_21 (26).wav	ang	-1	ara	anad
anad/1sec_segmented_part3/V7_21 (27).wav	ang	-1	ara	anad
anad/1sec_segmented_part3/V7_21 (28).wav	ang	-1	ara	anad
anad/1sec_segmented_part3/V7_21 (29).wav	ang	-1	ara	anad
anad/1sec_segmented_part3/V7_21 (30).wav	ang	-1	ara	anad
anad/1sec_segmented_part3/V7_21 (31).wav	ang	-1	ara	anad
anad/1sec_segmented_part3/V7_21 (32).wav	ang	-1	ara	anad
anad/1sec_segmented_part3/V7_21 (33).wav	ang	-1	ara	anad
anad/1sec_segmented_part3/V7_21 (34).wav	ang	-1	ara	anad
anad/1sec_segmented_part3/V7_21 (35).wav	ang	-1	ara	anad
anad/1sec_segmented_part3/V7_21 (36).wav	ang	-1	ara	anad
anad/1sec_segmented_part3/V7_21 (37).wav	ang	-1	ara	anad
anad/1sec_segmented_part3/V7_21 (38).wav	ang	-1	ara	anad
anad/1sec_segmented_part3/V7_21 (39).wav	ang	-1	ara	anad
anad/1sec_segmented_part3/V7_21 (40).wav	ang	-1	ara	anad
anad/1sec_segmented_part3/V7_21 (41).wav	ang	-1	ara	anad
anad/1sec_segmented_part3/V7_21 (43).wav	ang	-1	ara	anad
anad/1sec_segmented_part3/V7_21 (44).wav	ang	-1	ara	anad
anad/1sec_segmented_part3/V7_21 (45).wav	ang	-1	ara	anad
anad/1sec_segmented_part3/V7_21 (46).wav	ang	-1	ara	anad
anad/1sec_segmented_part3/V7_21 (47).wav	ang	-1	ara	anad
anad/1sec_segmented_part3/V7_21 (48).wav	ang	-1	ara	anad
anad/1sec_segmented_part3/V7_21 (49).wav	ang	-1	ara	anad
anad/1sec_segmented_part3/V7_21 (50).wav	ang	-1	ara	anad
anad/1sec_segmented_part3/V7_21 (51).wav	ang	-1	ara	anad
anad/1sec_segmented_part3/V7_21 (52).wav	ang	-1	ara	anad
anad/1sec_segmented_part3/V7_21 (53).wav	ang	-1	ara	anad
anad/1sec_segmented_part3/V7_21 (54).wav	ang	-1	ara	anad
anad/1sec_segmented_part3/V7_21 (55).wav	ang	-1	ara	anad
anad/1sec_segmented_part3/V7_21 (56).wav	ang	-1	ara	anad
anad/1sec_segmented_part3/V7_21 (57).wav	ang	-1	ara	anad
anad/1sec_segmented_part3/V7_21 (58).wav	ang	-1	ara	anad
anad/1sec_segmented_part3/V7_21 (59).wav	ang	-1	ara	anad
anad/1sec_segmented_part3/V7_21 (60).wav	ang	-1	ara	anad
anad/1sec_segmented_part3/V7_21 (61).wav	ang	-1	ara	anad
anad/1sec_segmented_part3/V7_21 (62).wav	ang	-1	ara	anad
anad/1sec_segmented_part3/V7_21 (63).wav	ang	-1	ara	anad
anad/1sec_segmented_part3/V7_21 (64).wav	ang	-1	ara	anad
anad/1sec_segmented_part3/V7_21 (65).wav	ang	-1	ara	anad
anad/1sec_segmented_part3/V7_21 (66).wav	ang	-1	ara	anad
anad/1sec_segmented_part3/V7_21 (67).wav	ang	-1	ara	anad
anad/1sec_segmented_part3/V7_21 (68).wav	ang	-1	ara	anad
anad/1sec_segmented_part3/V7_21 (69).wav	ang	-1	ara	anad
anad/1sec_segmented_part3/V7_21 (70).wav	ang	-1	ara	anad
anad/1sec_segmented_part3/V7_21 (71).wav	ang	-1	ara	anad
anad/1sec_segmented_part3/V7_23 (1).wav	ang	-1	ara	anad
anad/1sec_segmented_part3/V7_23 (2).wav	ang	-1	ara	anad
anad/1sec_segmented_part3/V7_23 (3).wav	ang	-1	ara	anad
anad/1sec_segmented_part3/V7_23 (4).wav	ang	-1	ara	anad
anad/1sec_segmented_part3/V7_23 (5).wav	ang	-1	ara	anad
anad/1sec_segmented_part3/V7_23 (6).wav	ang	-1	ara	anad
anad/1sec_segmented_part3/V7_23 (7).wav	ang	-1	ara	anad
anad/1sec_segmented_part3/V7_23 (8).wav	ang	-1	ara	anad
anad/1sec_segmented_part3/V7_23 (9).wav	ang	-1	ara	anad
anad/1sec_segmented_part3/V7_23 (10).wav	ang	-1	ara	anad
anad/1sec_segmented_part3/V7_23 (11).wav	ang	-1	ara	anad
anad/1sec_segmented_part3/V7_23 (12).wav	ang	-1	ara	anad
anad/1sec_segmented_part3/V7_23 (13).wav	ang	-1	ara	anad
anad/1sec_segmented_part3/V7_23 (14).wav	ang	-1	ara	anad
anad/1sec_segmented_part3/V7_23 (15).wav	ang	-1	ara	anad
anad/1sec_segmented_part3/V7_24 (1).wav	ang	-1	ara	anad
anad/1sec_segmented_part3/V7_24 (2).wav	ang	-1	ara	anad
anad/1sec_segmented_part3/V7_24 (3).wav	ang	-1	ara	anad
anad/1sec_segmented_part3/V7_24 (4).wav	ang	-1	ara	anad
anad/1sec_segmented_part3/V7_24 (5).wav	ang	-1	ara	anad
anad/1sec_segmented_part3/V7_24 (6).wav	ang	-1	ara	anad
anad/1sec_segmented_part3/V7_24 (7).wav	ang	-1	ara	anad
anad/1sec_segmented_part3/V7_24 (8).wav	ang	-1	ara	anad
anad/1sec_segmented_part3/V7_24 (9).wav	ang	-1	ara	anad
anad/1sec_segmented_part3/V7_24 (10).wav	ang	-1	ara	anad
anad/1sec_segmented_part3/V7_24 (11).wav	ang	-1	ara	anad
anad/1sec_segmented_part3/V7_24 (12).wav	ang	-1	ara	anad
anad/1sec_segmented_part3/V7_24 (13).wav	ang	-1	ara	anad
anad/1sec_segmented_part3/V7_24 (14).wav	ang	-1	ara	anad
anad/1sec_segmented_part3/V7_24 (15).wav	ang	-1	ara	anad
anad/1sec_segmented_part3/V7_24 (16).wav	ang	-1	ara	anad
anad/1sec_segmented_part3/V8_1 (1).wav	hap	1	ara	anad
anad/1sec_segmented_part3/V8_1 (3).wav	hap	1	ara	anad
anad/1sec_segmented_part3/V8_2 (1).wav	hap	1	ara	anad
anad/1sec_segmented_part3/V8_2 (2).wav	hap	1	ara	anad
anad/1sec_segmented_part3/V8_2 (3).wav	hap	1	ara	anad
anad/1sec_segmented_part3/V8_4 (1).wav	hap	1	ara	anad
anad/1sec_segmented_part3/V8_4 (2).wav	hap	1	ara	anad
anad/1sec_segmented_part3/V8_5 (1).wav	hap	1	ara	anad
anad/1sec_segmented_part3/V8_5 (2).wav	hap	1	ara	anad
anad/1sec_segmented_part3/V8_7 (1).wav	hap	1	ara	anad
anad/1sec_segmented_part3/V8_7 (2).wav	hap	1	ara	anad
anad/1sec_segmented_part3/V8_7 (3).wav	hap	1	ara	anad
anad/1sec_segmented_part3/V8_8 (1).wav	hap	1	ara	anad
anad/1sec_segmented_part3/V8_8 (2).wav	hap	1	ara	anad
anad/1sec_segmented_part3/V8_8 (3).wav	hap	1	ara	anad
anad/1sec_segmented_part3/V8_9 (1).wav	hap	1	ara	anad
anad/1sec_segmented_part3/V8_9 (2).wav	hap	1	ara	anad
anad/1sec_segmented_part3/V8_9 (3).wav	hap	1	ara	anad
anad/1sec_segmented_part3/V8_10 (1).wav	hap	1	ara	anad
anad/1sec_segmented_part3/V8_10 (2).wav	hap	1	ara	anad
anad/1sec_segmented_part3/V8_11 (1).wav	hap	1	ara	anad
anad/1sec_segmented_part3/V8_11 (2).wav	hap	1	ara	anad
anad/1sec_segmented_part3/V8_11 (3).wav	hap	1	ara	anad
anad/1sec_segmented_part3/V8_11 (4).wav	hap	1	ara	anad
anad/1sec_segmented_part3/V8_11 (5).wav	hap	1	ara	anad
anad/1sec_segmented_part3/V8_12 (1).wav	hap	1	ara	anad
anad/1sec_segmented_part3/V8_12 (2).wav	hap	1	ara	anad
anad/1sec_segmented_part3/V8_13 (1).wav	hap	1	ara	anad
anad/1sec_segmented_part3/V8_13 (2).wav	hap	1	ara	anad
anad/1sec_segmented_part3/V8_13 (3).wav	hap	1	ara	anad
anad/1sec_segmented_part3/V8_14 (1).wav	hap	1	ara	anad
anad/1sec_segmented_part3/V8_14 (2).wav	hap	1	ara	anad
anad/1sec_segmented_part3/V8_16 (1).wav	hap	1	ara	anad
anad/1sec_segmented_part3/V8_16 (2).wav	hap	1	ara	anad
anad/1sec_segmented_part3/V8_16 (3).wav	hap	1	ara	anad
anad/1sec_segmented_part3/V8_16 (4).wav	hap	1	ara	anad
anad/1sec_segmented_part3/V8_16 (5).wav	hap	1	ara	anad
anad/1sec_segmented_part3/V8_17 (1).wav	hap	1	ara	anad
anad/1sec_segmented_part3/V8_17 (2).wav	hap	1	ara	anad
anad/1sec_segmented_part3/V8_17 (3).wav	hap	1	ara	anad
anad/1sec_segmented_part3/V8_17 (4).wav	hap	1	ara	anad
anad/1sec_segmented_part3/V8_17 (5).wav	hap	1	ara	anad
anad/1sec_segmented_part3/V8_17 (6).wav	hap	1	ara	anad
anad/1sec_segmented_part3/V8_17 (7).wav	hap	1	ara	anad
anad/1sec_segmented_part3/V8_17 (8).wav	hap	1	ara	anad
anad/1sec_segmented_part3/V8_17 (9).wav	hap	1	ara	anad
anad/1sec_segmented_part3/V8_17 (10).wav	hap	1	ara	anad
anad/1sec_segmented_part3/V8_17 (11).wav	hap	1	ara	anad
anad/1sec_segmented_part3/V8_17 (12).wav	hap	1	ara	anad
anad/1sec_segmented_part3/V8_17 (13).wav	hap	1	ara	anad
anad/1sec_segmented_part3/V8_18 (1).wav	hap	1	ara	anad
anad/1sec_segmented_part3/V8_18 (2).wav	hap	1	ara	anad
anad/1sec_segmented_part3/V8_18 (3).wav	hap	1	ara	anad
anad/1sec_segmented_part3/V8_18 (4).wav	hap	1	ara	anad
anad/1sec_segmented_part3/V8_18 (5).wav	hap	1	ara	anad
anad/1sec_segmented_part3/V8_20 (1).wav	hap	1	ara	anad
anad/1sec_segmented_part3/V8_20 (2).wav	hap	1	ara	anad
anad/1sec_segmented_part3/V8_20 (3).wav	hap	1	ara	anad
anad/1sec_segmented_part3/V8_21 (1).wav	hap	1	ara	anad
anad/1sec_segmented_part3/V8_21 (2).wav	hap	1	ara	anad
anad/1sec_segmented_part3/V8_21 (3).wav	hap	1	ara	anad
anad/1sec_segmented_part3/V8_21 (4).wav	hap	1	ara	anad
anad/1sec_segmented_part3/V8_21 (5).wav	hap	1	ara	anad
anad/1sec_segmented_part3/V8_21 (6).wav	hap	1	ara	anad
anad/1sec_segmented_part3/V8_21 (7).wav	hap	1	ara	anad
anad/1sec_segmented_part3/V8_21 (8).wav	hap	1	ara	anad
anad/1sec_segmented_part3/V8_21 (9).wav	hap	1	ara	anad
anad/1sec_segmented_part3/V8_21 (10).wav	hap	1	ara	anad
anad/1sec_segmented_part3/V8_21 (11).wav	hap	1	ara	anad
anad/1sec_segmented_part3/V8_23 (1).wav	hap	1	ara	anad
anad/1sec_segmented_part3/V8_23 (2).wav	hap	1	ara	anad
anad/1sec_segmented_part3/V8_23 (3).wav	hap	1	ara	anad
anad/1sec_segmented_part3/V8_23 (4).wav	hap	1	ara	anad
anad/1sec_segmented_part3/V8_23 (5).wav	hap	1	ara	anad
anad/1sec_segmented_part3/V8_24 (1).wav	hap	1	ara	anad
anad/1sec_segmented_part3/V8_24 (2).wav	hap	1	ara	anad
anad/1sec_segmented_part3/V8_24 (3).wav	hap	1	ara	anad
anad/1sec_segmented_part3/V8_24 (4).wav	hap	1	ara	anad
anad/1sec_segmented_part3/V8_24 (5).wav	hap	1	ara	anad
anad/1sec_segmented_part3/V8_24 (7).wav	hap	1	ara	anad
anad/1sec_segmented_part3/V8_24 (8).wav	hap	1	ara	anad
anad/1sec_segmented_part3/V8_24 (9).wav	hap	1	ara	anad
anad/1sec_segmented_part3/V8_24 (10).wav	hap	1	ara	anad
anad/1sec_segmented_part3/V8_24 (11).wav	hap	1	ara	anad
anad/1sec_segmented_part3/V8_25 (1).wav	hap	1	ara	anad
anad/1sec_segmented_part3/V8_25 (2).wav	hap	1	ara	anad
anad/1sec_segmented_part3/V8_25 (3).wav	hap	1	ara	anad
anad/1sec_segmented_part3/V8_26 (1).wav	hap	1	ara	anad
anad/1sec_segmented_part3/V8_26 (2).wav	hap	1	ara	anad
anad/1sec_segmented_part3/V8_26 (3).wav	hap	1	ara	anad
anad/1sec_segmented_part3/V8_26 (4).wav	hap	1	ara	anad
anad/1sec_segmented_part3/V8_26 (5).wav	hap	1	ara	anad
anad/1sec_segmented_part3/V8_26 (6).wav	hap	1	ara	anad
anad/1sec_segmented_part3/V8_26 (7).wav	hap	1	ara	anad
anad/1sec_segmented_part3/V8_26 (8).wav	hap	1	ara	anad
anad/1sec_segmented_part3/V8_27 (1).wav	hap	1	ara	anad
anad/1sec_segmented_part3/V8_27 (2).wav	hap	1	ara	anad
anad/1sec_segmented_part3/V8_28 (1).wav	hap	1	ara	anad
anad/1sec_segmented_part3/V8_28 (2).wav	hap	1	ara	anad
anad/1sec_segmented_part3/V8_28 (3).wav	hap	1	ara	anad
anad/1sec_segmented_part3/V8_28 (4).wav	hap	1	ara	anad
anad/1sec_segmented_part3/V8_28 (5).wav	hap	1	ara	anad
anad/1sec_segmented_part3/V8_28 (6).wav	hap	1	ara	anad
anad/1sec_segmented_part3/V8_29 (1).wav	hap	1	ara	anad
anad/1sec_segmented_part3/V8_29 (2).wav	hap	1	ara	anad
anad/1sec_segmented_part3/V8_31 (1).wav	hap	1	ara	anad
anad/1sec_segmented_part3/V8_31 (2).wav	hap	1	ara	anad
anad/1sec_segmented_part3/V8_31 (3).wav	hap	1	ara	anad
anad/1sec_segmented_part3/V8_31 (4).wav	hap	1	ara	anad
anad/1sec_segmented_part3/V8_31 (5).wav	hap	1	ara	anad
anad/1sec_segmented_part3/V8_31 (6).wav	hap	1	ara	anad
anad/1sec_segmented_part3/V8_31 (7).wav	hap	1	ara	anad
anad/1sec_segmented_part3/V8_31 (8).wav	hap	1	ara	anad
anad/1sec_segmented_part3/V8_31 (9).wav	hap	1	ara	anad
anad/1sec_segmented_part3/V8_31 (10).wav	hap	1	ara	anad
anad/1sec_segmented_part3/V8_31 (11).wav	hap	1	ara	anad
anad/1sec_segmented_part3/V8_31 (12).wav	hap	1	ara	anad
anad/1sec_segmented_part3/V8_31 (13).wav	hap	1	ara	anad
anad/1sec_segmented_part3/V8_31 (14).wav	hap	1	ara	anad
anad/1sec_segmented_part3/V8_31 (15).wav	hap	1	ara	anad
anad/1sec_segmented_part3/V8_31 (16).wav	hap	1	ara	anad
anad/1sec_segmented_part3/V8_31 (17).wav	hap	1	ara	anad
anad/1sec_segmented_part3/V8_31 (18).wav	hap	1	ara	anad
anad/1sec_segmented_part3/V8_31 (19).wav	hap	1	ara	anad
anad/1sec_segmented_part3/V8_31 (20).wav	hap	1	ara	anad
anad/1sec_segmented_part3/V8_31 (21).wav	hap	1	ara	anad
anad/1sec_segmented_part3/V8_32 (1).wav	hap	1	ara	anad
anad/1sec_segmented_part3/V8_32 (2).wav	hap	1	ara	anad
anad/1sec_segmented_part3/V8_32 (3).wav	hap	1	ara	anad
anad/1sec_segmented_part3/V8_32 (4).wav	hap	1	ara	anad
anad/1sec_segmented_part3/V8_33 (1).wav	hap	1	ara	anad
anad/1sec_segmented_part3/V8_33 (2).wav	hap	1	ara	anad
anad/1sec_segmented_part3/V8_33 (3).wav	hap	1	ara	anad
anad/1sec_segmented_part3/V8_33 (4).wav	hap	1	ara	anad
anad/1sec_segmented_part3/V8_33 (5).wav	hap	1	ara	anad
anad/1sec_segmented_part3/V8_33 (6).wav	hap	1	ara	anad
anad/1sec_segmented_part3/V8_33 (7).wav	hap	1	ara	anad
anad/1sec_segmented_part3/V8_35 (1).wav	hap	1	ara	anad
anad/1sec_segmented_part3/V8_35 (2).wav	hap	1	ara	anad
anad/1sec_segmented_part3/V8_36 (1).wav	hap	1	ara	anad
anad/1sec_segmented_part3/V8_36 (2).wav	hap	1	ara	anad
anad/1sec_segmented_part3/V8_36 (3).wav	hap	1	ara	anad
anad/1sec_segmented_part3/V8_36 (4).wav	hap	1	ara	anad
anad/1sec_segmented_part3/V8_36 (5).wav	hap	1	ara	anad
anad/1sec_segmented_part3/V8_38 (1).wav	hap	1	ara	anad
anad/1sec_segmented_part3/V8_38 (2).wav	hap	1	ara	anad
anad/1sec_segmented_part3/V8_38 (3).wav	hap	1	ara	anad
anad/1sec_segmented_part3/V8_39 (1).wav	hap	1	ara	anad
anad/1sec_segmented_part3/V8_39 (2).wav	hap	1	ara	anad
anad/1sec_segmented_part3/V8_39 (3).wav	hap	1	ara	anad
anad/1sec_segmented_part3/V8_39 (4).wav	hap	1	ara	anad
anad/1sec_segmented_part3/V8_40 (1).wav	hap	1	ara	anad
anad/1sec_segmented_part3/V8_40 (2).wav	hap	1	ara	anad
anad/1sec_segmented_part3/V8_42 (1).wav	hap	1	ara	anad
anad/1sec_segmented_part3/V8_42 (2).wav	hap	1	ara	anad
anad/1sec_segmented_part3/V8_43 (1).wav	hap	1	ara	anad
anad/1sec_segmented_part3/V8_43 (2).wav	hap	1	ara	anad
anad/1sec_segmented_part3/V8_44 (1).wav	hap	1	ara	anad
anad/1sec_segmented_part3/V8_44 (2).wav	hap	1	ara	anad
anad/1sec_segmented_part3/V8_45 (1).wav	hap	1	ara	anad
anad/1sec_segmented_part3/V8_45 (2).wav	hap	1	ara	anad
anad/1sec_segmented_part3/V8_45 (3).wav	hap	1	ara	anad
anad/1sec_segmented_part3/V8_46 (1).wav	hap	1	ara	anad
anad/1sec_segmented_part3/V8_46 (2).wav	hap	1	ara	anad
anad/1sec_segmented_part3/V8_51 (1).wav	hap	1	ara	anad
anad/1sec_segmented_part3/V8_51 (2).wav	hap	1	ara	anad
anad/1sec_segmented_part3/V8_51 (3).wav	hap	1	ara	anad
anad/1sec_segmented_part3/V8_51 (4).wav	hap	1	ara	anad
anad/1sec_segmented_part3/V8_52 (1).wav	hap	1	ara	anad
anad/1sec_segmented_part3/V8_52 (2).wav	hap	1	ara	anad
anad/1sec_segmented_part3/V8_53 (1).wav	hap	1	ara	anad
anad/1sec_segmented_part3/V8_53 (2).wav	hap	1	ara	anad
anad/1sec_segmented_part3/V8_54 (1).wav	hap	1	ara	anad
anad/1sec_segmented_part3/V8_54 (2).wav	hap	1	ara	anad
anad/1sec_segmented_part3/V8_55 (1).wav	hap	1	ara	anad
anad/1sec_segmented_part3/V8_55 (2).wav	hap	1	ara	anad
anad/1sec_segmented_part3/V8_57 (1).wav	hap	1	ara	anad
anad/1sec_segmented_part3/V8_57 (2).wav	hap	1	ara	anad
anad/1sec_segmented_part3/V8_57 (3).wav	hap	1	ara	anad
anad/1sec_segmented_part3/V8_59 (1).wav	hap	1	ara	anad
anad/1sec_segmented_part3/V8_59 (2).wav	hap	1	ara	anad
anad/1sec_segmented_part3/V8_59 (3).wav	hap	1	ara	anad
anad/1sec_segmented_part3/V8_59 (4).wav	hap	1	ara	anad
anad/1sec_segmented_part3/V8_59 (5).wav	hap	1	ara	anad
anad/1sec_segmented_part3/V8_59 (6).wav	hap	1	ara	anad
anad/1sec_segmented_part3/V8_59 (7).wav	hap	1	ara	anad
anad/1sec_segmented_part3/V8_59 (8).wav	hap	1	ara	anad
anad/1sec_segmented_part3/V8_59 (9).wav	hap	1	ara	anad
anad/1sec_segmented_part3/V8_59 (10).wav	hap	1	ara	anad
anad/1sec_segmented_part3/V8_59 (11).wav	hap	1	ara	anad
anad/1sec_segmented_part3/V8_59 (12).wav	hap	1	ara	anad
anad/1sec_segmented_part3/V8_59 (13).wav	hap	1	ara	anad
anad/1sec_segmented_part3/V8_59 (14).wav	hap	1	ara	anad
anad/1sec_segmented_part3/V8_59 (15).wav	hap	1	ara	anad
anad/1sec_segmented_part3/V8_59 (16).wav	hap	1	ara	anad
anad/1sec_segmented_part3/V8_59 (17).wav	hap	1	ara	anad
anad/1sec_segmented_part3/V8_60 (1).wav	hap	1	ara	anad
anad/1sec_segmented_part3/V8_60 (2).wav	hap	1	ara	anad
anad/1sec_segmented_part3/V8_60 (3).wav	hap	1	ara	anad
anad/1sec_segmented_part3/V8_60 (4).wav	hap	1	ara	anad
anad/1sec_segmented_part3/V8_60 (5).wav	hap	1	ara	anad
anad/1sec_segmented_part3/V8_60 (6).wav	hap	1	ara	anad
anad/1sec_segmented_part3/V8_60 (7).wav	hap	1	ara	anad
anad/1sec_segmented_part3/V8_60 (8).wav	hap	1	ara	anad
anad/1sec_segmented_part3/V8_60 (9).wav	hap	1	ara	anad
anad/1sec_segmented_part3/V8_60 (10).wav	hap	1	ara	anad
anad/1sec_segmented_part3/V8_60 (11).wav	hap	1	ara	anad
anad/1sec_segmented_part3/V8_60 (12).wav	hap	1	ara	anad
anad/1sec_segmented_part3/V8_61 (1).wav	hap	1	ara	anad
anad/1sec_segmented_part3/V8_61 (2).wav	hap	1	ara	anad
anad/1sec_segmented_part3/V8_61 (3).wav	hap	1	ara	anad
anad/1sec_segmented_part3/V8_61 (4).wav	hap	1	ara	anad
anad/1sec_segmented_part3/V8_61 (5).wav	hap	1	ara	anad
anad/1sec_segmented_part3/V8_61 (6).wav	hap	1	ara	anad
anad/1sec_segmented_part3/V8_61 (7).wav	hap	1	ara	anad
anad/1sec_segmented_part3/V8_61 (8).wav	hap	1	ara	anad
anad/1sec_segmented_part3/V8_61 (9).wav	hap	1	ara	anad
anad/1sec_segmented_part3/V8_61 (10).wav	hap	1	ara	anad
anad/1sec_segmented_part3/V8_61 (11).wav	hap	1	ara	anad
anad/1sec_segmented_part3/V8_61 (12).wav	hap	1	ara	anad
anad/1sec_segmented_part3/V8_61 (13).wav	hap	1	ara	anad
anad/1sec_segmented_part3/V8_61 (14).wav	hap	1	ara	anad
anad/1sec_segmented_part3/V8_61 (15).wav	hap	1	ara	anad
anad/1sec_segmented_part3/V8_61 (16).wav	hap	1	ara	anad
anad/1sec_segmented_part3/V8_62 (1).wav	hap	1	ara	anad
anad/1sec_segmented_part3/V8_62 (2).wav	hap	1	ara	anad
anad/1sec_segmented_part3/V8_62 (3).wav	hap	1	ara	anad
anad/1sec_segmented_part3/V8_62 (4).wav	hap	1	ara	anad
anad/1sec_segmented_part3/V8_62 (5).wav	hap	1	ara	anad
anad/1sec_segmented_part3/V8_62 (6).wav	hap	1	ara	anad
anad/1sec_segmented_part3/V8_62 (7).wav	hap	1	ara	anad
anad/1sec_segmented_part3/V8_62 (8).wav	hap	1	ara	anad
anad/1sec_segmented_part3/V8_62 (9).wav	hap	1	ara	anad
anad/1sec_segmented_part3/V8_62 (10).wav	hap	1	ara	anad
anad/1sec_segmented_part3/V8_62 (11).wav	hap	1	ara	anad
anad/1sec_segmented_part3/V8_62 (12).wav	hap	1	ara	anad
anad/1sec_segmented_part3/V8_62 (13).wav	hap	1	ara	anad
anad/1sec_segmented_part3/V8_62 (14).wav	hap	1	ara	anad
anad/1sec_segmented_part3/V8_62 (15).wav	hap	1	ara	anad
anad/1sec_segmented_part3/V8_63 (1).wav	hap	1	ara	anad
anad/1sec_segmented_part3/V8_63 (2).wav	hap	1	ara	anad
anad/1sec_segmented_part3/V8_63 (3).wav	hap	1	ara	anad
anad/1sec_segmented_part3/V8_63 (4).wav	hap	1	ara	anad
anad/1sec_segmented_part3/V8_63 (5).wav	hap	1	ara	anad
anad/1sec_segmented_part3/V8_63 (6).wav	hap	1	ara	anad
anad/1sec_segmented_part3/V8_63 (7).wav	hap	1	ara	anad
anad/1sec_segmented_part3/V8_63 (8).wav	hap	1	ara	anad
anad/1sec_segmented_part3/V8_64 (1).wav	hap	1	ara	anad
anad/1sec_segmented_part3/V8_64 (2).wav	hap	1	ara	anad
anad/1sec_segmented_part3/V8_65 (1).wav	hap	1	ara	anad
anad/1sec_segmented_part3/V8_65 (2).wav	hap	1	ara	anad
anad/1sec_segmented_part3/V8_65 (3).wav	hap	1	ara	anad
anad/1sec_segmented_part3/V8_65 (4).wav	hap	1	ara	anad
anad/1sec_segmented_part3/V8_65 (5).wav	hap	1	ara	anad
anad/1sec_segmented_part3/V8_65 (6).wav	hap	1	ara	anad
anad/1sec_segmented_part3/V8_65 (7).wav	hap	1	ara	anad
anad/1sec_segmented_part3/V8_67 (1).wav	hap	1	ara	anad
anad/1sec_segmented_part3/V8_67 (2).wav	hap	1	ara	anad
anad/1sec_segmented_part3/V8_68 (1).wav	hap	1	ara	anad
anad/1sec_segmented_part3/V8_68 (2).wav	hap	1	ara	anad
anad/1sec_segmented_part3/V8_68 (3).wav	hap	1	ara	anad
anad/1sec_segmented_part3/V8_68 (4).wav	hap	1	ara	anad
anad/1sec_segmented_part3/V8_68 (5).wav	hap	1	ara	anad
anad/1sec_segmented_part3/V8_68 (6).wav	hap	1	ara	anad
anad/1sec_segmented_part3/V8_70 (1).wav	hap	1	ara	anad
anad/1sec_segmented_part3/V8_70 (2).wav	hap	1	ara	anad
anad/1sec_segmented_part3/V8_72 (1).wav	hap	1	ara	anad
anad/1sec_segmented_part3/V8_72 (2).wav	hap	1	ara	anad
anad/1sec_segmented_part3/V8_72 (3).wav	hap	1	ara	anad
anad/1sec_segmented_part3/V8_72 (4).wav	hap	1	ara	anad
anad/1sec_segmented_part3/V8_72 (5).wav	hap	1	ara	anad
anad/1sec_segmented_part3/V8_72 (6).wav	hap	1	ara	anad
anad/1sec_segmented_part3/V8_72 (7).wav	hap	1	ara	anad
anad/1sec_segmented_part3/V8_72 (8).wav	hap	1	ara	anad
anad/1sec_segmented_part3/V8_72 (9).wav	hap	1	ara	anad
anad/1sec_segmented_part3/V8_72 (10).wav	hap	1	ara	anad
anad/1sec_segmented_part3/V8_72 (11).wav	hap	1	ara	anad
anad/1sec_segmented_part3/V8_72 (12).wav	hap	1	ara	anad
anad/1sec_segmented_part3/V8_72 (13).wav	hap	1	ara	anad
anad/1sec_segmented_part3/V8_72 (14).wav	hap	1	ara	anad
anad/1sec_segmented_part3/V8_72 (15).wav	hap	1	ara	anad
anad/1sec_segmented_part3/V8_72 (16).wav	hap	1	ara	anad
anad/1sec_segmented_part3/V8_72 (18).wav	hap	1	ara	anad
anad/1sec_segmented_part3/V8_72 (19).wav	hap	1	ara	anad
anad/1sec_segmented_part3/V8_72 (20).wav	hap	1	ara	anad
anad/1sec_segmented_part3/V8_73 (1).wav	hap	1	ara	anad
anad/1sec_segmented_part3/V8_73 (2).wav	hap	1	ara	anad
anad/1sec_segmented_part3/V8_73 (3).wav	hap	1	ara	anad
anad/1sec_segmented_part3/V8_73 (4).wav	hap	1	ara	anad
anad/1sec_segmented_part3/V8_74 (1).wav	hap	1	ara	anad
anad/1sec_segmented_part3/V8_74 (2).wav	hap	1	ara	anad
anad/1sec_segmented_part3/V8_76 (1).wav	hap	1	ara	anad
anad/1sec_segmented_part3/V8_76 (2).wav	hap	1	ara	anad
anad/1sec_segmented_part3/V8_76 (3).wav	hap	1	ara	anad
anad/1sec_segmented_part3/V8_76 (4).wav	hap	1	ara	anad
anad/1sec_segmented_part3/V8_77 (1).wav	hap	1	ara	anad
anad/1sec_segmented_part3/V8_77 (2).wav	hap	1	ara	anad
anad/1sec_segmented_part3/V8_77 (3).wav	hap	1	ara	anad
anad/1sec_segmented_part3/V8_79 (1).wav	hap	1	ara	anad
anad/1sec_segmented_part3/V8_79 (2).wav	hap	1	ara	anad
anad/1sec_segmented_part3/V8_79 (3).wav	hap	1	ara	anad
anad/1sec_segmented_part3/V8_79 (4).wav	hap	1	ara	anad
anad/1sec_segmented_part3/V8_80 (1).wav	hap	1	ara	anad
anad/1sec_segmented_part3/V8_80 (2).wav	hap	1	ara	anad
anad/1sec_segmented_part3/V8_80 (3).wav	hap	1	ara	anad
anad/1sec_segmented_part3/V8_80 (4).wav	hap	1	ara	anad
anad/1sec_segmented_part3/V8_80 (5).wav	hap	1	ara	anad
anad/1sec_segmented_part3/V8_80 (6).wav	hap	1	ara	anad
anad/1sec_segmented_part3/V8_80 (7).wav	hap	1	ara	anad
anad/1sec_segmented_part3/V8_80 (8).wav	hap	1	ara	anad
anad/1sec_segmented_part3/V8_80 (9).wav	hap	1	ara	anad
anad/1sec_segmented_part3/V8_80 (10).wav	hap	1	ara	anad
anad/1sec_segmented_part3/V8_80 (11).wav	hap	1	ara	anad
anad/1sec_segmented_part3/V8_80 (12).wav	hap	1	ara	anad
anad/1sec_segmented_part3/V8_80 (14).wav	hap	1	ara	anad
anad/1sec_segmented_part3/V8_80 (15).wav	hap	1	ara	anad
anad/1sec_segmented_part3/V8_80 (16).wav	hap	1	ara	anad
anad/1sec_segmented_part3/V8_80 (18).wav	hap	1	ara	anad
anad/1sec_segmented_part3/V8_80 (19).wav	hap	1	ara	anad
anad/1sec_segmented_part3/V8_80 (20).wav	hap	1	ara	anad
anad/1sec_segmented_part3/V8_80 (21).wav	hap	1	ara	anad
anad/1sec_segmented_part3/V8_80 (23).wav	hap	1	ara	anad
anad/1sec_segmented_part3/V8_80 (24).wav	hap	1	ara	anad
anad/1sec_segmented_part3/V8_80 (25).wav	hap	1	ara	anad
anad/1sec_segmented_part3/V8_80 (26).wav	hap	1	ara	anad
anad/1sec_segmented_part3/V8_80 (27).wav	hap	1	ara	anad
anad/1sec_segmented_part3/V8_80 (28).wav	hap	1	ara	anad
anad/1sec_segmented_part3/V8_80 (29).wav	hap	1	ara	anad
anad/1sec_segmented_part3/V8_80 (30).wav	hap	1	ara	anad
anad/1sec_segmented_part3/V8_80 (31).wav	hap	1	ara	anad
anad/1sec_segmented_part3/V8_80 (32).wav	hap	1	ara	anad
anad/1sec_segmented_part3/V8_81 (1).wav	hap	1	ara	anad
anad/1sec_segmented_part3/V8_81 (2).wav	hap	1	ara	anad
anad/1sec_segmented_part3/V8_82 (1).wav	hap	1	ara	anad
anad/1sec_segmented_part3/V8_82 (2).wav	hap	1	ara	anad
anad/1sec_segmented_part3/V8_82 (3).wav	hap	1	ara	anad
anad/1sec_segmented_part3/V8_82 (4).wav	hap	1	ara	anad
anad/1sec_segmented_part3/V8_82 (5).wav	hap	1	ara	anad
anad/1sec_segmented_part3/V8_83 (1).wav	hap	1	ara	anad
anad/1sec_segmented_part3/V8_83 (2).wav	hap	1	ara	anad
anad/1sec_segmented_part3/V8_83 (3).wav	hap	1	ara	anad
anad/1sec_segmented_part3/V8_83 (4).wav	hap	1	ara	anad
anad/1sec_segmented_part3/V8_83 (5).wav	hap	1	ara	anad
anad/1sec_segmented_part3/V8_83 (6).wav	hap	1	ara	anad
anad/1sec_segmented_part3/V8_85 (1).wav	hap	1	ara	anad
anad/1sec_segmented_part3/V8_85 (2).wav	hap	1	ara	anad
anad/1sec_segmented_part3/V8_85 (3).wav	hap	1	ara	anad
anad/1sec_segmented_part3/V8_85 (4).wav	hap	1	ara	anad
anad/1sec_segmented_part3/V8_86 (1).wav	hap	1	ara	anad
anad/1sec_segmented_part3/V8_86 (2).wav	hap	1	ara	anad
anad/1sec_segmented_part3/V8_86 (3).wav	hap	1	ara	anad
anad/1sec_segmented_part3/V8_87 (1).wav	hap	1	ara	anad
anad/1sec_segmented_part3/V8_87 (2).wav	hap	1	ara	anad
