AM2M11.wav	ang	-1	eng	en-us	MESS+M2	m	MESS
AM2M21.wav	ang	-1	eng	en-us	MESS+M2	m	MESS
AF1M24.wav	ang	-1	eng	en-us	MESS+F1	f	MESS
AM2T14.wav	ang	-1	eng	en-us	MESS+M2	m	MESS
AM2V30.wav	ang	-1	eng	en-us	MESS+M2	m	MESS
AF1V05.wav	ang	-1	eng	en-us	MESS+F1	f	MESS
AM2M14.wav	ang	-1	eng	en-us	MESS+M2	m	MESS
AM2V13.wav	ang	-1	eng	en-us	MESS+M2	m	MESS
AF1M27.wav	ang	-1	eng	en-us	MESS+F1	f	MESS
AM2V26.wav	ang	-1	eng	en-us	MESS+M2	m	MESS
AF3V02.wav	ang	-1	eng	en-us	MESS+F3	f	MESS
AM2M26.wav	ang	-1	eng	en-us	MESS+M2	m	MESS
AM2M30.wav	ang	-1	eng	en-us	MESS+M2	m	MESS
AF1V04.wav	ang	-1	eng	en-us	MESS+F1	f	MESS
AF1V18.wav	ang	-1	eng	en-us	MESS+F1	f	MESS
AF1M07.wav	ang	-1	eng	en-us	MESS+F1	f	MESS
AM2T11.wav	ang	-1	eng	en-us	MESS+M2	m	MESS
AM2T13.wav	ang	-1	eng	en-us	MESS+M2	m	MESS
AF3T03.wav	ang	-1	eng	en-us	MESS+F3	f	MESS
AF3T12.wav	ang	-1	eng	en-us	MESS+F3	f	MESS
AM1M04.wav	ang	-1	eng	en-us	MESS+M1	m	MESS
AM2M20.wav	ang	-1	eng	en-us	MESS+M2	m	MESS
AM2M18.wav	ang	-1	eng	en-us	MESS+M2	m	MESS
SF3T17.wav	sad	-1	eng	en-us	MESS+F3	f	MESS
AF1V08.wav	ang	-1	eng	en-us	MESS+F1	f	MESS
AM2M29.wav	ang	-1	eng	en-us	MESS+M2	m	MESS
AM2V08.wav	ang	-1	eng	en-us	MESS+M2	m	MESS
AM3T25.wav	ang	-1	eng	en-us	MESS+M3	m	MESS
SF2V06.wav	sad	-1	eng	en-us	MESS+F2	f	MESS
SF2M20.wav	sad	-1	eng	en-us	MESS+F2	f	MESS
AF1V15.wav	ang	-1	eng	en-us	MESS+F1	f	MESS
AM3M05.wav	ang	-1	eng	en-us	MESS+M3	m	MESS
AF3V05.wav	ang	-1	eng	en-us	MESS+F3	f	MESS
AF3V30.wav	ang	-1	eng	en-us	MESS+F3	f	MESS
AF1V26.wav	ang	-1	eng	en-us	MESS+F1	f	MESS
SF2V19.wav	sad	-1	eng	en-us	MESS+F2	f	MESS
AF1M04.wav	ang	-1	eng	en-us	MESS+F1	f	MESS
AM2V28.wav	ang	-1	eng	en-us	MESS+M2	m	MESS
AM2T01.wav	ang	-1	eng	en-us	MESS+M2	m	MESS
AF1T14.wav	ang	-1	eng	en-us	MESS+F1	f	MESS
AF1V06.wav	ang	-1	eng	en-us	MESS+F1	f	MESS
AM2M09.wav	ang	-1	eng	en-us	MESS+M2	m	MESS
AF1V17.wav	ang	-1	eng	en-us	MESS+F1	f	MESS
AF1T11.wav	ang	-1	eng	en-us	MESS+F1	f	MESS
SM2M07.wav	sad	-1	eng	en-us	MESS+M2	m	MESS
AM3M25.wav	ang	-1	eng	en-us	MESS+M3	m	MESS
AM3M15.wav	ang	-1	eng	en-us	MESS+M3	m	MESS
AM1M19.wav	ang	-1	eng	en-us	MESS+M1	m	MESS
AM2M01.wav	ang	-1	eng	en-us	MESS+M2	m	MESS
AF1M20.wav	ang	-1	eng	en-us	MESS+F1	f	MESS
SF2V17.wav	sad	-1	eng	en-us	MESS+F2	f	MESS
AM1M06.wav	ang	-1	eng	en-us	MESS+M1	m	MESS
AF1V30.wav	ang	-1	eng	en-us	MESS+F1	f	MESS
AM1V25.wav	ang	-1	eng	en-us	MESS+M1	m	MESS
SF1T14.wav	sad	-1	eng	en-us	MESS+F1	f	MESS
AM2V22.wav	ang	-1	eng	en-us	MESS+M2	m	MESS
SM2V25.wav	sad	-1	eng	en-us	MESS+M2	m	MESS
AM2T18.wav	ang	-1	eng	en-us	MESS+M2	m	MESS
AF3V14.wav	ang	-1	eng	en-us	MESS+F3	f	MESS
AM2V16.wav	ang	-1	eng	en-us	MESS+M2	m	MESS
AF1T06.wav	ang	-1	eng	en-us	MESS+F1	f	MESS
AF3T21.wav	ang	-1	eng	en-us	MESS+F3	f	MESS
AF1T28.wav	ang	-1	eng	en-us	MESS+F1	f	MESS
AM2M28.wav	ang	-1	eng	en-us	MESS+M2	m	MESS
AM2T22.wav	ang	-1	eng	en-us	MESS+M2	m	MESS
AM2M02.wav	ang	-1	eng	en-us	MESS+M2	m	MESS
HM2V07.wav	hap	1	eng	en-us	MESS+M2	m	MESS
SF2V02.wav	sad	-1	eng	en-us	MESS+F2	f	MESS
AF1V19.wav	ang	-1	eng	en-us	MESS+F1	f	MESS
AM2V11.wav	ang	-1	eng	en-us	MESS+M2	m	MESS
AF1M08.wav	ang	-1	eng	en-us	MESS+F1	f	MESS
HM2V26.wav	hap	1	eng	en-us	MESS+M2	m	MESS
AF1M18.wav	ang	-1	eng	en-us	MESS+F1	f	MESS
SM2V01.wav	sad	-1	eng	en-us	MESS+M2	m	MESS
AM1M11.wav	ang	-1	eng	en-us	MESS+M1	m	MESS
AF1M10.wav	ang	-1	eng	en-us	MESS+F1	f	MESS
AM3M27.wav	ang	-1	eng	en-us	MESS+M3	m	MESS
SM2V24.wav	sad	-1	eng	en-us	MESS+M2	m	MESS
AM3T15.wav	ang	-1	eng	en-us	MESS+M3	m	MESS
AM2M15.wav	ang	-1	eng	en-us	MESS+M2	m	MESS
AF1V09.wav	ang	-1	eng	en-us	MESS+F1	f	MESS
SF1V10.wav	sad	-1	eng	en-us	MESS+F1	f	MESS
AF1V12.wav	ang	-1	eng	en-us	MESS+F1	f	MESS
SF2T16.wav	sad	-1	eng	en-us	MESS+F2	f	MESS
AM3V18.wav	ang	-1	eng	en-us	MESS+M3	m	MESS
AF3V22.wav	ang	-1	eng	en-us	MESS+F3	f	MESS
SF2T11.wav	sad	-1	eng	en-us	MESS+F2	f	MESS
AF3T17.wav	ang	-1	eng	en-us	MESS+F3	f	MESS
AM2T10.wav	ang	-1	eng	en-us	MESS+M2	m	MESS
AM2V15.wav	ang	-1	eng	en-us	MESS+M2	m	MESS
SM1T13.wav	sad	-1	eng	en-us	MESS+M1	m	MESS
AF1T19.wav	ang	-1	eng	en-us	MESS+F1	f	MESS
AM1T16.wav	ang	-1	eng	en-us	MESS+M1	m	MESS
AM2T19.wav	ang	-1	eng	en-us	MESS+M2	m	MESS
AF3V24.wav	ang	-1	eng	en-us	MESS+F3	f	MESS
AM2V18.wav	ang	-1	eng	en-us	MESS+M2	m	MESS
SF2M16.wav	sad	-1	eng	en-us	MESS+F2	f	MESS
AM3M11.wav	ang	-1	eng	en-us	MESS+M3	m	MESS
SF2T19.wav	sad	-1	eng	en-us	MESS+F2	f	MESS
AM3M26.wav	ang	-1	eng	en-us	MESS+M3	m	MESS
AM3M23.wav	ang	-1	eng	en-us	MESS+M3	m	MESS
AF3T19.wav	ang	-1	eng	en-us	MESS+F3	f	MESS
AM2V05.wav	ang	-1	eng	en-us	MESS+M2	m	MESS
AF3V12.wav	ang	-1	eng	en-us	MESS+F3	f	MESS
SM2M27.wav	sad	-1	eng	en-us	MESS+M2	m	MESS
AM2V02.wav	ang	-1	eng	en-us	MESS+M2	m	MESS
AF3T01.wav	ang	-1	eng	en-us	MESS+F3	f	MESS
AF1M21.wav	ang	-1	eng	en-us	MESS+F1	f	MESS
AF3M02.wav	ang	-1	eng	en-us	MESS+F3	f	MESS
AM2T29.wav	ang	-1	eng	en-us	MESS+M2	m	MESS
SF1M18.wav	sad	-1	eng	en-us	MESS+F1	f	MESS
SF1M13.wav	sad	-1	eng	en-us	MESS+F1	f	MESS
AM2M12.wav	ang	-1	eng	en-us	MESS+M2	m	MESS
AF3V04.wav	ang	-1	eng	en-us	MESS+F3	f	MESS
AM2T04.wav	ang	-1	eng	en-us	MESS+M2	m	MESS
SF2V22.wav	sad	-1	eng	en-us	MESS+F2	f	MESS
AF3T14.wav	ang	-1	eng	en-us	MESS+F3	f	MESS
HM2T24.wav	hap	1	eng	en-us	MESS+M2	m	MESS
SF2M14.wav	sad	-1	eng	en-us	MESS+F2	f	MESS
SM2M01.wav	sad	-1	eng	en-us	MESS+M2	m	MESS
AF3V09.wav	ang	-1	eng	en-us	MESS+F3	f	MESS
AM3M06.wav	ang	-1	eng	en-us	MESS+M3	m	MESS
SF1V09.wav	sad	-1	eng	en-us	MESS+F1	f	MESS
AF3T05.wav	ang	-1	eng	en-us	MESS+F3	f	MESS
AF1T12.wav	ang	-1	eng	en-us	MESS+F1	f	MESS
AM2M10.wav	ang	-1	eng	en-us	MESS+M2	m	MESS
SF3M14.wav	sad	-1	eng	en-us	MESS+F3	f	MESS
AM2M06.wav	ang	-1	eng	en-us	MESS+M2	m	MESS
AF1V23.wav	ang	-1	eng	en-us	MESS+F1	f	MESS
AF3M30.wav	ang	-1	eng	en-us	MESS+F3	f	MESS
SF2V24.wav	sad	-1	eng	en-us	MESS+F2	f	MESS
SF2T10.wav	sad	-1	eng	en-us	MESS+F2	f	MESS
AF3T26.wav	ang	-1	eng	en-us	MESS+F3	f	MESS
AF3V11.wav	ang	-1	eng	en-us	MESS+F3	f	MESS
AM3T12.wav	ang	-1	eng	en-us	MESS+M3	m	MESS
SM2M14.wav	sad	-1	eng	en-us	MESS+M2	m	MESS
AM2V06.wav	ang	-1	eng	en-us	MESS+M2	m	MESS
AM3T06.wav	ang	-1	eng	en-us	MESS+M3	m	MESS
AM2V23.wav	ang	-1	eng	en-us	MESS+M2	m	MESS
AF2M15.wav	ang	-1	eng	en-us	MESS+F2	f	MESS
AF1T24.wav	ang	-1	eng	en-us	MESS+F1	f	MESS
AF1M29.wav	ang	-1	eng	en-us	MESS+F1	f	MESS
AM2T15.wav	ang	-1	eng	en-us	MESS+M2	m	MESS
AF1T01.wav	ang	-1	eng	en-us	MESS+F1	f	MESS
AM2V09.wav	ang	-1	eng	en-us	MESS+M2	m	MESS
AM3T22.wav	ang	-1	eng	en-us	MESS+M3	m	MESS
AF3T23.wav	ang	-1	eng	en-us	MESS+F3	f	MESS
AF3M09.wav	ang	-1	eng	en-us	MESS+F3	f	MESS
SM2T25.wav	sad	-1	eng	en-us	MESS+M2	m	MESS
AM3T02.wav	ang	-1	eng	en-us	MESS+M3	m	MESS
SF2V10.wav	sad	-1	eng	en-us	MESS+F2	f	MESS
AF3M24.wav	ang	-1	eng	en-us	MESS+F3	f	MESS
AF1M16.wav	ang	-1	eng	en-us	MESS+F1	f	MESS
AM1M08.wav	ang	-1	eng	en-us	MESS+M1	m	MESS
SF2M30.wav	sad	-1	eng	en-us	MESS+F2	f	MESS
AF1T03.wav	ang	-1	eng	en-us	MESS+F1	f	MESS
SM2V09.wav	sad	-1	eng	en-us	MESS+M2	m	MESS
HM2V12.wav	hap	1	eng	en-us	MESS+M2	m	MESS
AF3M25.wav	ang	-1	eng	en-us	MESS+F3	f	MESS
AF1V01.wav	ang	-1	eng	en-us	MESS+F1	f	MESS
AF3V18.wav	ang	-1	eng	en-us	MESS+F3	f	MESS
AF1V11.wav	ang	-1	eng	en-us	MESS+F1	f	MESS
AM3T13.wav	ang	-1	eng	en-us	MESS+M3	m	MESS
AF3M01.wav	ang	-1	eng	en-us	MESS+F3	f	MESS
AM2M24.wav	ang	-1	eng	en-us	MESS+M2	m	MESS
SF1M08.wav	sad	-1	eng	en-us	MESS+F1	f	MESS
AM2T20.wav	ang	-1	eng	en-us	MESS+M2	m	MESS
AM3M30.wav	ang	-1	eng	en-us	MESS+M3	m	MESS
AM2V24.wav	ang	-1	eng	en-us	MESS+M2	m	MESS
AF3V08.wav	ang	-1	eng	en-us	MESS+F3	f	MESS
AM1V10.wav	ang	-1	eng	en-us	MESS+M1	m	MESS
AF3M21.wav	ang	-1	eng	en-us	MESS+F3	f	MESS
AF3T29.wav	ang	-1	eng	en-us	MESS+F3	f	MESS
SF2M25.wav	sad	-1	eng	en-us	MESS+F2	f	MESS
AM1M14.wav	ang	-1	eng	en-us	MESS+M1	m	MESS
SF3V19.wav	sad	-1	eng	en-us	MESS+F3	f	MESS
SM2T02.wav	sad	-1	eng	en-us	MESS+M2	m	MESS
SF3V15.wav	sad	-1	eng	en-us	MESS+F3	f	MESS
AF1M28.wav	ang	-1	eng	en-us	MESS+F1	f	MESS
AM2M19.wav	ang	-1	eng	en-us	MESS+M2	m	MESS
AM3M09.wav	ang	-1	eng	en-us	MESS+M3	m	MESS
AF3T02.wav	ang	-1	eng	en-us	MESS+F3	f	MESS
AM1M02.wav	ang	-1	eng	en-us	MESS+M1	m	MESS
SF2M15.wav	sad	-1	eng	en-us	MESS+F2	f	MESS
AM2T24.wav	ang	-1	eng	en-us	MESS+M2	m	MESS
SF2T13.wav	sad	-1	eng	en-us	MESS+F2	f	MESS
AF1T10.wav	ang	-1	eng	en-us	MESS+F1	f	MESS
AF3T20.wav	ang	-1	eng	en-us	MESS+F3	f	MESS
SF1T25.wav	sad	-1	eng	en-us	MESS+F1	f	MESS
AF1M02.wav	ang	-1	eng	en-us	MESS+F1	f	MESS
SM2T24.wav	sad	-1	eng	en-us	MESS+M2	m	MESS
SF2M03.wav	sad	-1	eng	en-us	MESS+F2	f	MESS
AF3V27.wav	ang	-1	eng	en-us	MESS+F3	f	MESS
SM2T10.wav	sad	-1	eng	en-us	MESS+M2	m	MESS
AM3V22.wav	ang	-1	eng	en-us	MESS+M3	m	MESS
SF3T20.wav	sad	-1	eng	en-us	MESS+F3	f	MESS
AF3M03.wav	ang	-1	eng	en-us	MESS+F3	f	MESS
SM2M15.wav	sad	-1	eng	en-us	MESS+M2	m	MESS
AM3V03.wav	ang	-1	eng	en-us	MESS+M3	m	MESS
AM3T04.wav	ang	-1	eng	en-us	MESS+M3	m	MESS
AF3T27.wav	ang	-1	eng	en-us	MESS+F3	f	MESS
SM2T23.wav	sad	-1	eng	en-us	MESS+M2	m	MESS
SF2T12.wav	sad	-1	eng	en-us	MESS+F2	f	MESS
AF3T06.wav	ang	-1	eng	en-us	MESS+F3	f	MESS
AM1V26.wav	ang	-1	eng	en-us	MESS+M1	m	MESS
AF1T29.wav	ang	-1	eng	en-us	MESS+F1	f	MESS
AF1V28.wav	ang	-1	eng	en-us	MESS+F1	f	MESS
SF1V16.wav	sad	-1	eng	en-us	MESS+F1	f	MESS
AF3M22.wav	ang	-1	eng	en-us	MESS+F3	f	MESS
AF3T07.wav	ang	-1	eng	en-us	MESS+F3	f	MESS
AM2M03.wav	ang	-1	eng	en-us	MESS+M2	m	MESS
AF1M14.wav	ang	-1	eng	en-us	MESS+F1	f	MESS
SM2M08.wav	sad	-1	eng	en-us	MESS+M2	m	MESS
AF1M23.wav	ang	-1	eng	en-us	MESS+F1	f	MESS
SM2T08.wav	sad	-1	eng	en-us	MESS+M2	m	MESS
SM2V06.wav	sad	-1	eng	en-us	MESS+M2	m	MESS
SF2M08.wav	sad	-1	eng	en-us	MESS+F2	f	MESS
AF1M12.wav	ang	-1	eng	en-us	MESS+F1	f	MESS
SM2M24.wav	sad	-1	eng	en-us	MESS+M2	m	MESS
AF1V29.wav	ang	-1	eng	en-us	MESS+F1	f	MESS
SF2V04.wav	sad	-1	eng	en-us	MESS+F2	f	MESS
SF2T02.wav	sad	-1	eng	en-us	MESS+F2	f	MESS
AF1M03.wav	ang	-1	eng	en-us	MESS+F1	f	MESS
SF1M02.wav	sad	-1	eng	en-us	MESS+F1	f	MESS
HM2V15.wav	hap	1	eng	en-us	MESS+M2	m	MESS
SF2M04.wav	sad	-1	eng	en-us	MESS+F2	f	MESS
SF3T13.wav	sad	-1	eng	en-us	MESS+F3	f	MESS
SF2T26.wav	sad	-1	eng	en-us	MESS+F2	f	MESS
SF2T14.wav	sad	-1	eng	en-us	MESS+F2	f	MESS
CF1M01.wav	cal	1	eng	en-us	MESS+F1	f	MESS
SM2V20.wav	sad	-1	eng	en-us	MESS+M2	m	MESS
SM2M30.wav	sad	-1	eng	en-us	MESS+M2	m	MESS
SF2M24.wav	sad	-1	eng	en-us	MESS+F2	f	MESS
SF2V07.wav	sad	-1	eng	en-us	MESS+F2	f	MESS
AF3V15.wav	ang	-1	eng	en-us	MESS+F3	f	MESS
AF3T13.wav	ang	-1	eng	en-us	MESS+F3	f	MESS
AM3V19.wav	ang	-1	eng	en-us	MESS+M3	m	MESS
SF2V15.wav	sad	-1	eng	en-us	MESS+F2	f	MESS
AF1T21.wav	ang	-1	eng	en-us	MESS+F1	f	MESS
AM1T04.wav	ang	-1	eng	en-us	MESS+M1	m	MESS
AF3V21.wav	ang	-1	eng	en-us	MESS+F3	f	MESS
SF2T28.wav	sad	-1	eng	en-us	MESS+F2	f	MESS
SF2T04.wav	sad	-1	eng	en-us	MESS+F2	f	MESS
AF1T02.wav	ang	-1	eng	en-us	MESS+F1	f	MESS
AM3V28.wav	ang	-1	eng	en-us	MESS+M3	m	MESS
AF3T11.wav	ang	-1	eng	en-us	MESS+F3	f	MESS
AM3V25.wav	ang	-1	eng	en-us	MESS+M3	m	MESS
SM2V05.wav	sad	-1	eng	en-us	MESS+M2	m	MESS
SF2V12.wav	sad	-1	eng	en-us	MESS+F2	f	MESS
SF3M13.wav	sad	-1	eng	en-us	MESS+F3	f	MESS
AM2M25.wav	ang	-1	eng	en-us	MESS+M2	m	MESS
AF3M26.wav	ang	-1	eng	en-us	MESS+F3	f	MESS
AF1V07.wav	ang	-1	eng	en-us	MESS+F1	f	MESS
SM2V29.wav	sad	-1	eng	en-us	MESS+M2	m	MESS
SF2M28.wav	sad	-1	eng	en-us	MESS+F2	f	MESS
AF3M27.wav	ang	-1	eng	en-us	MESS+F3	f	MESS
AF1V27.wav	ang	-1	eng	en-us	MESS+F1	f	MESS
SM2T20.wav	sad	-1	eng	en-us	MESS+M2	m	MESS
AF3V13.wav	ang	-1	eng	en-us	MESS+F3	f	MESS
SF2V30.wav	sad	-1	eng	en-us	MESS+F2	f	MESS
SM1T02.wav	sad	-1	eng	en-us	MESS+M1	m	MESS
AM3T07.wav	ang	-1	eng	en-us	MESS+M3	m	MESS
SF3T12.wav	sad	-1	eng	en-us	MESS+F3	f	MESS
SM2V27.wav	sad	-1	eng	en-us	MESS+M2	m	MESS
SM2V10.wav	sad	-1	eng	en-us	MESS+M2	m	MESS
SF1V08.wav	sad	-1	eng	en-us	MESS+F1	f	MESS
AM3T28.wav	ang	-1	eng	en-us	MESS+M3	m	MESS
AF3M06.wav	ang	-1	eng	en-us	MESS+F3	f	MESS
AF1V25.wav	ang	-1	eng	en-us	MESS+F1	f	MESS
SF2M19.wav	sad	-1	eng	en-us	MESS+F2	f	MESS
AF1T18.wav	ang	-1	eng	en-us	MESS+F1	f	MESS
AM2M13.wav	ang	-1	eng	en-us	MESS+M2	m	MESS
AM3V14.wav	ang	-1	eng	en-us	MESS+M3	m	MESS
HM2M16.wav	hap	1	eng	en-us	MESS+M2	m	MESS
AM3M24.wav	ang	-1	eng	en-us	MESS+M3	m	MESS
SF1M09.wav	sad	-1	eng	en-us	MESS+F1	f	MESS
SF2T07.wav	sad	-1	eng	en-us	MESS+F2	f	MESS
SF2V03.wav	sad	-1	eng	en-us	MESS+F2	f	MESS
AM2V19.wav	ang	-1	eng	en-us	MESS+M2	m	MESS
AM2V01.wav	ang	-1	eng	en-us	MESS+M2	m	MESS
AF1M19.wav	ang	-1	eng	en-us	MESS+F1	f	MESS
AM2T28.wav	ang	-1	eng	en-us	MESS+M2	m	MESS
AF3M18.wav	ang	-1	eng	en-us	MESS+F3	f	MESS
AF3T30.wav	ang	-1	eng	en-us	MESS+F3	f	MESS
AM3T27.wav	ang	-1	eng	en-us	MESS+M3	m	MESS
AF3V28.wav	ang	-1	eng	en-us	MESS+F3	f	MESS
AF3T04.wav	ang	-1	eng	en-us	MESS+F3	f	MESS
AF3V19.wav	ang	-1	eng	en-us	MESS+F3	f	MESS
AF1V20.wav	ang	-1	eng	en-us	MESS+F1	f	MESS
AF3V29.wav	ang	-1	eng	en-us	MESS+F3	f	MESS
AF3V01.wav	ang	-1	eng	en-us	MESS+F3	f	MESS
SF2T25.wav	sad	-1	eng	en-us	MESS+F2	f	MESS
SF3M15.wav	sad	-1	eng	en-us	MESS+F3	f	MESS
SF2T21.wav	sad	-1	eng	en-us	MESS+F2	f	MESS
AF3V20.wav	ang	-1	eng	en-us	MESS+F3	f	MESS
SF2V28.wav	sad	-1	eng	en-us	MESS+F2	f	MESS
AM3V13.wav	ang	-1	eng	en-us	MESS+M3	m	MESS
AM2M17.wav	ang	-1	eng	en-us	MESS+M2	m	MESS
AM2T26.wav	ang	-1	eng	en-us	MESS+M2	m	MESS
AF3M16.wav	ang	-1	eng	en-us	MESS+F3	f	MESS
SF2V23.wav	sad	-1	eng	en-us	MESS+F2	f	MESS
CM3V16.wav	cal	1	eng	en-us	MESS+M3	m	MESS
SF3M02.wav	sad	-1	eng	en-us	MESS+F3	f	MESS
AF1T30.wav	ang	-1	eng	en-us	MESS+F1	f	MESS
AF1T07.wav	ang	-1	eng	en-us	MESS+F1	f	MESS
AM1T10.wav	ang	-1	eng	en-us	MESS+M1	m	MESS
SF3V26.wav	sad	-1	eng	en-us	MESS+F3	f	MESS
SF2V20.wav	sad	-1	eng	en-us	MESS+F2	f	MESS
AM3T26.wav	ang	-1	eng	en-us	MESS+M3	m	MESS
AF3T22.wav	ang	-1	eng	en-us	MESS+F3	f	MESS
AM2V07.wav	ang	-1	eng	en-us	MESS+M2	m	MESS
AF1M05.wav	ang	-1	eng	en-us	MESS+F1	f	MESS
AM3V23.wav	ang	-1	eng	en-us	MESS+M3	m	MESS
AM2T02.wav	ang	-1	eng	en-us	MESS+M2	m	MESS
AM3T05.wav	ang	-1	eng	en-us	MESS+M3	m	MESS
SF3T10.wav	sad	-1	eng	en-us	MESS+F3	f	MESS
SM2M02.wav	sad	-1	eng	en-us	MESS+M2	m	MESS
SF1V15.wav	sad	-1	eng	en-us	MESS+F1	f	MESS
SF2V27.wav	sad	-1	eng	en-us	MESS+F2	f	MESS
SF2V08.wav	sad	-1	eng	en-us	MESS+F2	f	MESS
AM3M18.wav	ang	-1	eng	en-us	MESS+M3	m	MESS
AM3M13.wav	ang	-1	eng	en-us	MESS+M3	m	MESS
AF3M20.wav	ang	-1	eng	en-us	MESS+F3	f	MESS
AF3V17.wav	ang	-1	eng	en-us	MESS+F3	f	MESS
AM3T29.wav	ang	-1	eng	en-us	MESS+M3	m	MESS
SF2M06.wav	sad	-1	eng	en-us	MESS+F2	f	MESS
AM3V09.wav	ang	-1	eng	en-us	MESS+M3	m	MESS
AF1M25.wav	ang	-1	eng	en-us	MESS+F1	f	MESS
SM2V04.wav	sad	-1	eng	en-us	MESS+M2	m	MESS
AM3T18.wav	ang	-1	eng	en-us	MESS+M3	m	MESS
AF1V03.wav	ang	-1	eng	en-us	MESS+F1	f	MESS
SF3M25.wav	sad	-1	eng	en-us	MESS+F3	f	MESS
HM2M23.wav	hap	1	eng	en-us	MESS+M2	m	MESS
AM3M19.wav	ang	-1	eng	en-us	MESS+M3	m	MESS
SF3V18.wav	sad	-1	eng	en-us	MESS+F3	f	MESS
SM3M04.wav	sad	-1	eng	en-us	MESS+M3	m	MESS
SF2T20.wav	sad	-1	eng	en-us	MESS+F2	f	MESS
SM2T13.wav	sad	-1	eng	en-us	MESS+M2	m	MESS
AM2M05.wav	ang	-1	eng	en-us	MESS+M2	m	MESS
AF3T24.wav	ang	-1	eng	en-us	MESS+F3	f	MESS
SF2T29.wav	sad	-1	eng	en-us	MESS+F2	f	MESS
AF1M11.wav	ang	-1	eng	en-us	MESS+F1	f	MESS
SF3T11.wav	sad	-1	eng	en-us	MESS+F3	f	MESS
AF3M19.wav	ang	-1	eng	en-us	MESS+F3	f	MESS
SF3T02.wav	sad	-1	eng	en-us	MESS+F3	f	MESS
SF3V21.wav	sad	-1	eng	en-us	MESS+F3	f	MESS
CF3T21.wav	cal	1	eng	en-us	MESS+F3	f	MESS
AM3M01.wav	ang	-1	eng	en-us	MESS+M3	m	MESS
SF2M23.wav	sad	-1	eng	en-us	MESS+F2	f	MESS
SM2T21.wav	sad	-1	eng	en-us	MESS+M2	m	MESS
SM2M17.wav	sad	-1	eng	en-us	MESS+M2	m	MESS
SM2M16.wav	sad	-1	eng	en-us	MESS+M2	m	MESS
SF2V26.wav	sad	-1	eng	en-us	MESS+F2	f	MESS
SM2T09.wav	sad	-1	eng	en-us	MESS+M2	m	MESS
AM2T05.wav	ang	-1	eng	en-us	MESS+M2	m	MESS
AF1M13.wav	ang	-1	eng	en-us	MESS+F1	f	MESS
SM2T12.wav	sad	-1	eng	en-us	MESS+M2	m	MESS
SF1V29.wav	sad	-1	eng	en-us	MESS+F1	f	MESS
AM1T23.wav	ang	-1	eng	en-us	MESS+M1	m	MESS
SM2T11.wav	sad	-1	eng	en-us	MESS+M2	m	MESS
AF1T26.wav	ang	-1	eng	en-us	MESS+F1	f	MESS
SF1M10.wav	sad	-1	eng	en-us	MESS+F1	f	MESS
AF1M17.wav	ang	-1	eng	en-us	MESS+F1	f	MESS
AF3V06.wav	ang	-1	eng	en-us	MESS+F3	f	MESS
SF2M09.wav	sad	-1	eng	en-us	MESS+F2	f	MESS
SF3T24.wav	sad	-1	eng	en-us	MESS+F3	f	MESS
AM2V27.wav	ang	-1	eng	en-us	MESS+M2	m	MESS
AM2V10.wav	ang	-1	eng	en-us	MESS+M2	m	MESS
SF1T02.wav	sad	-1	eng	en-us	MESS+F1	f	MESS
AF1T05.wav	ang	-1	eng	en-us	MESS+F1	f	MESS
SF2M17.wav	sad	-1	eng	en-us	MESS+F2	f	MESS
AM2T08.wav	ang	-1	eng	en-us	MESS+M2	m	MESS
SM2V02.wav	sad	-1	eng	en-us	MESS+M2	m	MESS
CM2V27.wav	cal	1	eng	en-us	MESS+M2	m	MESS
SF2T24.wav	sad	-1	eng	en-us	MESS+F2	f	MESS
SM2M25.wav	sad	-1	eng	en-us	MESS+M2	m	MESS
AM3M28.wav	ang	-1	eng	en-us	MESS+M3	m	MESS
SF2V21.wav	sad	-1	eng	en-us	MESS+F2	f	MESS
AM3V12.wav	ang	-1	eng	en-us	MESS+M3	m	MESS
SF3V10.wav	sad	-1	eng	en-us	MESS+F3	f	MESS
SM3V11.wav	sad	-1	eng	en-us	MESS+M3	m	MESS
AF3V26.wav	ang	-1	eng	en-us	MESS+F3	f	MESS
SM2T05.wav	sad	-1	eng	en-us	MESS+M2	m	MESS
AM2T07.wav	ang	-1	eng	en-us	MESS+M2	m	MESS
SF2M07.wav	sad	-1	eng	en-us	MESS+F2	f	MESS
SF2M26.wav	sad	-1	eng	en-us	MESS+F2	f	MESS
SM2T06.wav	sad	-1	eng	en-us	MESS+M2	m	MESS
AM2M07.wav	ang	-1	eng	en-us	MESS+M2	m	MESS
CF2T30.wav	cal	1	eng	en-us	MESS+F2	f	MESS
AM2V20.wav	ang	-1	eng	en-us	MESS+M2	m	MESS
AM3T10.wav	ang	-1	eng	en-us	MESS+M3	m	MESS
AF2M04.wav	ang	-1	eng	en-us	MESS+F2	f	MESS
AF3T09.wav	ang	-1	eng	en-us	MESS+F3	f	MESS
SF1M04.wav	sad	-1	eng	en-us	MESS+F1	f	MESS
AF1M15.wav	ang	-1	eng	en-us	MESS+F1	f	MESS
SF3M27.wav	sad	-1	eng	en-us	MESS+F3	f	MESS
CF1M20.wav	cal	1	eng	en-us	MESS+F1	f	MESS
AM3V08.wav	ang	-1	eng	en-us	MESS+M3	m	MESS
SF2M02.wav	sad	-1	eng	en-us	MESS+F2	f	MESS
SM1M04.wav	sad	-1	eng	en-us	MESS+M1	m	MESS
AM2V03.wav	ang	-1	eng	en-us	MESS+M2	m	MESS
AF3M12.wav	ang	-1	eng	en-us	MESS+F3	f	MESS
AM3T24.wav	ang	-1	eng	en-us	MESS+M3	m	MESS
AF1V02.wav	ang	-1	eng	en-us	MESS+F1	f	MESS
AM3M07.wav	ang	-1	eng	en-us	MESS+M3	m	MESS
AM3V20.wav	ang	-1	eng	en-us	MESS+M3	m	MESS
AM3V24.wav	ang	-1	eng	en-us	MESS+M3	m	MESS
SF1T30.wav	sad	-1	eng	en-us	MESS+F1	f	MESS
AF3M13.wav	ang	-1	eng	en-us	MESS+F3	f	MESS
AM1T30.wav	ang	-1	eng	en-us	MESS+M1	m	MESS
AM2M04.wav	ang	-1	eng	en-us	MESS+M2	m	MESS
AF2V29.wav	ang	-1	eng	en-us	MESS+F2	f	MESS
SM2V21.wav	sad	-1	eng	en-us	MESS+M2	m	MESS
AM1T03.wav	ang	-1	eng	en-us	MESS+M1	m	MESS
AM3M02.wav	ang	-1	eng	en-us	MESS+M3	m	MESS
SF1T04.wav	sad	-1	eng	en-us	MESS+F1	f	MESS
AF3T28.wav	ang	-1	eng	en-us	MESS+F3	f	MESS
SF2T23.wav	sad	-1	eng	en-us	MESS+F2	f	MESS
SM1T03.wav	sad	-1	eng	en-us	MESS+M1	m	MESS
SM1M05.wav	sad	-1	eng	en-us	MESS+M1	m	MESS
SF3T09.wav	sad	-1	eng	en-us	MESS+F3	f	MESS
CF3V30.wav	cal	1	eng	en-us	MESS+F3	f	MESS
SF1M19.wav	sad	-1	eng	en-us	MESS+F1	f	MESS
AF1T20.wav	ang	-1	eng	en-us	MESS+F1	f	MESS
AF2M17.wav	ang	-1	eng	en-us	MESS+F2	f	MESS
AM3T23.wav	ang	-1	eng	en-us	MESS+M3	m	MESS
SF1T12.wav	sad	-1	eng	en-us	MESS+F1	f	MESS
AM3M08.wav	ang	-1	eng	en-us	MESS+M3	m	MESS
SF2V29.wav	sad	-1	eng	en-us	MESS+F2	f	MESS
SF3M05.wav	sad	-1	eng	en-us	MESS+F3	f	MESS
SM2T17.wav	sad	-1	eng	en-us	MESS+M2	m	MESS
AM3V21.wav	ang	-1	eng	en-us	MESS+M3	m	MESS
AM1V18.wav	ang	-1	eng	en-us	MESS+M1	m	MESS
SF2V11.wav	sad	-1	eng	en-us	MESS+F2	f	MESS
SM1V10.wav	sad	-1	eng	en-us	MESS+M1	m	MESS
SM2M05.wav	sad	-1	eng	en-us	MESS+M2	m	MESS
CF1T29.wav	cal	1	eng	en-us	MESS+F1	f	MESS
AF3M07.wav	ang	-1	eng	en-us	MESS+F3	f	MESS
SM3V03.wav	sad	-1	eng	en-us	MESS+M3	m	MESS
AM3M12.wav	ang	-1	eng	en-us	MESS+M3	m	MESS
SF2V14.wav	sad	-1	eng	en-us	MESS+F2	f	MESS
AF3M28.wav	ang	-1	eng	en-us	MESS+F3	f	MESS
SF3T18.wav	sad	-1	eng	en-us	MESS+F3	f	MESS
AM3T14.wav	ang	-1	eng	en-us	MESS+M3	m	MESS
SF3M10.wav	sad	-1	eng	en-us	MESS+F3	f	MESS
SF3M22.wav	sad	-1	eng	en-us	MESS+F3	f	MESS
SF1V28.wav	sad	-1	eng	en-us	MESS+F1	f	MESS
SF2T15.wav	sad	-1	eng	en-us	MESS+F2	f	MESS
AM2T12.wav	ang	-1	eng	en-us	MESS+M2	m	MESS
AM1M26.wav	ang	-1	eng	en-us	MESS+M1	m	MESS
SF3V17.wav	sad	-1	eng	en-us	MESS+F3	f	MESS
SF3M09.wav	sad	-1	eng	en-us	MESS+F3	f	MESS
AM3T30.wav	ang	-1	eng	en-us	MESS+M3	m	MESS
CM3M18.wav	cal	1	eng	en-us	MESS+M3	m	MESS
AF1T17.wav	ang	-1	eng	en-us	MESS+F1	f	MESS
SF1M12.wav	sad	-1	eng	en-us	MESS+F1	f	MESS
AM1V22.wav	ang	-1	eng	en-us	MESS+M1	m	MESS
AF3M17.wav	ang	-1	eng	en-us	MESS+F3	f	MESS
CF1M05.wav	cal	1	eng	en-us	MESS+F1	f	MESS
SF1M06.wav	sad	-1	eng	en-us	MESS+F1	f	MESS
SM2M12.wav	sad	-1	eng	en-us	MESS+M2	m	MESS
CM2T07.wav	cal	1	eng	en-us	MESS+M2	m	MESS
AM2V21.wav	ang	-1	eng	en-us	MESS+M2	m	MESS
HM3M12.wav	hap	1	eng	en-us	MESS+M3	m	MESS
SM2M09.wav	sad	-1	eng	en-us	MESS+M2	m	MESS
AM3M14.wav	ang	-1	eng	en-us	MESS+M3	m	MESS
AF3T18.wav	ang	-1	eng	en-us	MESS+F3	f	MESS
SM3T20.wav	sad	-1	eng	en-us	MESS+M3	m	MESS
SF1M21.wav	sad	-1	eng	en-us	MESS+F1	f	MESS
AM1M15.wav	ang	-1	eng	en-us	MESS+M1	m	MESS
HM2T16.wav	hap	1	eng	en-us	MESS+M2	m	MESS
SM3V20.wav	sad	-1	eng	en-us	MESS+M3	m	MESS
SM2T01.wav	sad	-1	eng	en-us	MESS+M2	m	MESS
SM2V23.wav	sad	-1	eng	en-us	MESS+M2	m	MESS
SF1M30.wav	sad	-1	eng	en-us	MESS+F1	f	MESS
SF3M08.wav	sad	-1	eng	en-us	MESS+F3	f	MESS
AF1T13.wav	ang	-1	eng	en-us	MESS+F1	f	MESS
AF1T16.wav	ang	-1	eng	en-us	MESS+F1	f	MESS
AM1V27.wav	ang	-1	eng	en-us	MESS+M1	m	MESS
AM3M17.wav	ang	-1	eng	en-us	MESS+M3	m	MESS
AM3V04.wav	ang	-1	eng	en-us	MESS+M3	m	MESS
SF3V16.wav	sad	-1	eng	en-us	MESS+F3	f	MESS
SF1T26.wav	sad	-1	eng	en-us	MESS+F1	f	MESS
CF2V11.wav	cal	1	eng	en-us	MESS+F2	f	MESS
CM1T12.wav	cal	1	eng	en-us	MESS+M1	m	MESS
SF3V30.wav	sad	-1	eng	en-us	MESS+F3	f	MESS
AM2T17.wav	ang	-1	eng	en-us	MESS+M2	m	MESS
SF1T07.wav	sad	-1	eng	en-us	MESS+F1	f	MESS
SF3M06.wav	sad	-1	eng	en-us	MESS+F3	f	MESS
AM3T01.wav	ang	-1	eng	en-us	MESS+M3	m	MESS
SM2M20.wav	sad	-1	eng	en-us	MESS+M2	m	MESS
AF2V11.wav	ang	-1	eng	en-us	MESS+F2	f	MESS
AM3M29.wav	ang	-1	eng	en-us	MESS+M3	m	MESS
SF2T30.wav	sad	-1	eng	en-us	MESS+F2	f	MESS
AF2M29.wav	ang	-1	eng	en-us	MESS+F2	f	MESS
AM1T28.wav	ang	-1	eng	en-us	MESS+M1	m	MESS
SF2M01.wav	sad	-1	eng	en-us	MESS+F2	f	MESS
SM2T30.wav	sad	-1	eng	en-us	MESS+M2	m	MESS
SF2T08.wav	sad	-1	eng	en-us	MESS+F2	f	MESS
SF2V16.wav	sad	-1	eng	en-us	MESS+F2	f	MESS
SF2M21.wav	sad	-1	eng	en-us	MESS+F2	f	MESS
SM2V07.wav	sad	-1	eng	en-us	MESS+M2	m	MESS
AF3M04.wav	ang	-1	eng	en-us	MESS+F3	f	MESS
SM2T26.wav	sad	-1	eng	en-us	MESS+M2	m	MESS
SM2M03.wav	sad	-1	eng	en-us	MESS+M2	m	MESS
AM3T20.wav	ang	-1	eng	en-us	MESS+M3	m	MESS
AF1T25.wav	ang	-1	eng	en-us	MESS+F1	f	MESS
AM1V04.wav	ang	-1	eng	en-us	MESS+M1	m	MESS
SF3V25.wav	sad	-1	eng	en-us	MESS+F3	f	MESS
SM2V11.wav	sad	-1	eng	en-us	MESS+M2	m	MESS
CM2T19.wav	cal	1	eng	en-us	MESS+M2	m	MESS
HM2M11.wav	hap	1	eng	en-us	MESS+M2	m	MESS
AM3V15.wav	ang	-1	eng	en-us	MESS+M3	m	MESS
CF1T19.wav	cal	1	eng	en-us	MESS+F1	f	MESS
SF3V02.wav	sad	-1	eng	en-us	MESS+F3	f	MESS
SF3M04.wav	sad	-1	eng	en-us	MESS+F3	f	MESS
AF2M10.wav	ang	-1	eng	en-us	MESS+F2	f	MESS
AM1M22.wav	ang	-1	eng	en-us	MESS+M1	m	MESS
AM3M22.wav	ang	-1	eng	en-us	MESS+M3	m	MESS
HM2V09.wav	hap	1	eng	en-us	MESS+M2	m	MESS
SM3V08.wav	sad	-1	eng	en-us	MESS+M3	m	MESS
AF3V10.wav	ang	-1	eng	en-us	MESS+F3	f	MESS
SM2M13.wav	sad	-1	eng	en-us	MESS+M2	m	MESS
SM1M25.wav	sad	-1	eng	en-us	MESS+M1	m	MESS
AF2V09.wav	ang	-1	eng	en-us	MESS+F2	f	MESS
HM2V29.wav	hap	1	eng	en-us	MESS+M2	m	MESS
SM1V05.wav	sad	-1	eng	en-us	MESS+M1	m	MESS
SM2T07.wav	sad	-1	eng	en-us	MESS+M2	m	MESS
AM2T09.wav	ang	-1	eng	en-us	MESS+M2	m	MESS
SF1V22.wav	sad	-1	eng	en-us	MESS+F1	f	MESS
SF3T27.wav	sad	-1	eng	en-us	MESS+F3	f	MESS
AF2M28.wav	ang	-1	eng	en-us	MESS+F2	f	MESS
SM2T29.wav	sad	-1	eng	en-us	MESS+M2	m	MESS
AM1T08.wav	ang	-1	eng	en-us	MESS+M1	m	MESS
AM1M13.wav	ang	-1	eng	en-us	MESS+M1	m	MESS
SF1T06.wav	sad	-1	eng	en-us	MESS+F1	f	MESS
SM3V04.wav	sad	-1	eng	en-us	MESS+M3	m	MESS
SM2M19.wav	sad	-1	eng	en-us	MESS+M2	m	MESS
AM2T03.wav	ang	-1	eng	en-us	MESS+M2	m	MESS
SF3T16.wav	sad	-1	eng	en-us	MESS+F3	f	MESS
CF1T07.wav	cal	1	eng	en-us	MESS+F1	f	MESS
HM2T20.wav	hap	1	eng	en-us	MESS+M2	m	MESS
SF2V09.wav	sad	-1	eng	en-us	MESS+F2	f	MESS
SF1T08.wav	sad	-1	eng	en-us	MESS+F1	f	MESS
SM2M06.wav	sad	-1	eng	en-us	MESS+M2	m	MESS
SF3M21.wav	sad	-1	eng	en-us	MESS+F3	f	MESS
SF2T09.wav	sad	-1	eng	en-us	MESS+F2	f	MESS
SM2T22.wav	sad	-1	eng	en-us	MESS+M2	m	MESS
AF1M01.wav	ang	-1	eng	en-us	MESS+F1	f	MESS
SF1T18.wav	sad	-1	eng	en-us	MESS+F1	f	MESS
SF3V01.wav	sad	-1	eng	en-us	MESS+F3	f	MESS
AF2V18.wav	ang	-1	eng	en-us	MESS+F2	f	MESS
CM3T02.wav	cal	1	eng	en-us	MESS+M3	m	MESS
SF1T19.wav	sad	-1	eng	en-us	MESS+F1	f	MESS
CM2V08.wav	cal	1	eng	en-us	MESS+M2	m	MESS
AF2T16.wav	ang	-1	eng	en-us	MESS+F2	f	MESS
AF2M23.wav	ang	-1	eng	en-us	MESS+F2	f	MESS
AM3V29.wav	ang	-1	eng	en-us	MESS+M3	m	MESS
CF1T04.wav	cal	1	eng	en-us	MESS+F1	f	MESS
SF3V04.wav	sad	-1	eng	en-us	MESS+F3	f	MESS
SF2M10.wav	sad	-1	eng	en-us	MESS+F2	f	MESS
AF2M05.wav	ang	-1	eng	en-us	MESS+F2	f	MESS
CM2V17.wav	cal	1	eng	en-us	MESS+M2	m	MESS
AM3V27.wav	ang	-1	eng	en-us	MESS+M3	m	MESS
SM1V03.wav	sad	-1	eng	en-us	MESS+M1	m	MESS
AF2V06.wav	ang	-1	eng	en-us	MESS+F2	f	MESS
SM2V03.wav	sad	-1	eng	en-us	MESS+M2	m	MESS
CM2V06.wav	cal	1	eng	en-us	MESS+M2	m	MESS
SM1M20.wav	sad	-1	eng	en-us	MESS+M1	m	MESS
SF1V03.wav	sad	-1	eng	en-us	MESS+F1	f	MESS
AF1V10.wav	ang	-1	eng	en-us	MESS+F1	f	MESS
SM3M21.wav	sad	-1	eng	en-us	MESS+M3	m	MESS
CF1M14.wav	cal	1	eng	en-us	MESS+F1	f	MESS
SF2T05.wav	sad	-1	eng	en-us	MESS+F2	f	MESS
AM3V16.wav	ang	-1	eng	en-us	MESS+M3	m	MESS
AM1M27.wav	ang	-1	eng	en-us	MESS+M1	m	MESS
SM2V12.wav	sad	-1	eng	en-us	MESS+M2	m	MESS
CM2V02.wav	cal	1	eng	en-us	MESS+M2	m	MESS
HM2V22.wav	hap	1	eng	en-us	MESS+M2	m	MESS
AM2T30.wav	ang	-1	eng	en-us	MESS+M2	m	MESS
CF2M23.wav	cal	1	eng	en-us	MESS+F2	f	MESS
SM3T02.wav	sad	-1	eng	en-us	MESS+M3	m	MESS
SM2M10.wav	sad	-1	eng	en-us	MESS+M2	m	MESS
SM3V06.wav	sad	-1	eng	en-us	MESS+M3	m	MESS
CM1T09.wav	cal	1	eng	en-us	MESS+M1	m	MESS
AF2V21.wav	ang	-1	eng	en-us	MESS+F2	f	MESS
CF1M02.wav	cal	1	eng	en-us	MESS+F1	f	MESS
SF3V24.wav	sad	-1	eng	en-us	MESS+F3	f	MESS
SF1T20.wav	sad	-1	eng	en-us	MESS+F1	f	MESS
AM1V02.wav	ang	-1	eng	en-us	MESS+M1	m	MESS
SM2M21.wav	sad	-1	eng	en-us	MESS+M2	m	MESS
SM1M29.wav	sad	-1	eng	en-us	MESS+M1	m	MESS
SM2T04.wav	sad	-1	eng	en-us	MESS+M2	m	MESS
SM3T09.wav	sad	-1	eng	en-us	MESS+M3	m	MESS
SM1T06.wav	sad	-1	eng	en-us	MESS+M1	m	MESS
SM1T26.wav	sad	-1	eng	en-us	MESS+M1	m	MESS
SF2T06.wav	sad	-1	eng	en-us	MESS+F2	f	MESS
AM1M10.wav	ang	-1	eng	en-us	MESS+M1	m	MESS
AF2V23.wav	ang	-1	eng	en-us	MESS+F2	f	MESS
SF1M03.wav	sad	-1	eng	en-us	MESS+F1	f	MESS
AM1V23.wav	ang	-1	eng	en-us	MESS+M1	m	MESS
AF3M14.wav	ang	-1	eng	en-us	MESS+F3	f	MESS
AM1V13.wav	ang	-1	eng	en-us	MESS+M1	m	MESS
SM2V22.wav	sad	-1	eng	en-us	MESS+M2	m	MESS
AF2T01.wav	ang	-1	eng	en-us	MESS+F2	f	MESS
SF1M07.wav	sad	-1	eng	en-us	MESS+F1	f	MESS
AM1V30.wav	ang	-1	eng	en-us	MESS+M1	m	MESS
SF1V30.wav	sad	-1	eng	en-us	MESS+F1	f	MESS
AF2M22.wav	ang	-1	eng	en-us	MESS+F2	f	MESS
HM2T23.wav	hap	1	eng	en-us	MESS+M2	m	MESS
AF1V13.wav	ang	-1	eng	en-us	MESS+F1	f	MESS
AM3M20.wav	ang	-1	eng	en-us	MESS+M3	m	MESS
CM3M21.wav	cal	1	eng	en-us	MESS+M3	m	MESS
SM2V16.wav	sad	-1	eng	en-us	MESS+M2	m	MESS
CM1V16.wav	cal	1	eng	en-us	MESS+M1	m	MESS
CF3V19.wav	cal	1	eng	en-us	MESS+F3	f	MESS
SF3V20.wav	sad	-1	eng	en-us	MESS+F3	f	MESS
SM1V20.wav	sad	-1	eng	en-us	MESS+M1	m	MESS
SF3M16.wav	sad	-1	eng	en-us	MESS+F3	f	MESS
SM2M29.wav	sad	-1	eng	en-us	MESS+M2	m	MESS
SF1M25.wav	sad	-1	eng	en-us	MESS+F1	f	MESS
CF3T26.wav	cal	1	eng	en-us	MESS+F3	f	MESS
SF2T03.wav	sad	-1	eng	en-us	MESS+F2	f	MESS
CM2M14.wav	cal	1	eng	en-us	MESS+M2	m	MESS
SF2M05.wav	sad	-1	eng	en-us	MESS+F2	f	MESS
AF2T19.wav	ang	-1	eng	en-us	MESS+F2	f	MESS
AF2T05.wav	ang	-1	eng	en-us	MESS+F2	f	MESS
SF1M27.wav	sad	-1	eng	en-us	MESS+F1	f	MESS
HM2T10.wav	hap	1	eng	en-us	MESS+M2	m	MESS
HM2V13.wav	hap	1	eng	en-us	MESS+M2	m	MESS
AM1V17.wav	ang	-1	eng	en-us	MESS+M1	m	MESS
SM3V05.wav	sad	-1	eng	en-us	MESS+M3	m	MESS
HM2M30.wav	hap	1	eng	en-us	MESS+M2	m	MESS
HM2M08.wav	hap	1	eng	en-us	MESS+M2	m	MESS
SM1M08.wav	sad	-1	eng	en-us	MESS+M1	m	MESS
SF1M14.wav	sad	-1	eng	en-us	MESS+F1	f	MESS
CM2V18.wav	cal	1	eng	en-us	MESS+M2	m	MESS
SM3T05.wav	sad	-1	eng	en-us	MESS+M3	m	MESS
AF2M16.wav	ang	-1	eng	en-us	MESS+F2	f	MESS
SM3T15.wav	sad	-1	eng	en-us	MESS+M3	m	MESS
AF2M25.wav	ang	-1	eng	en-us	MESS+F2	f	MESS
AM2T06.wav	ang	-1	eng	en-us	MESS+M2	m	MESS
SM3M14.wav	sad	-1	eng	en-us	MESS+M3	m	MESS
AF2M12.wav	ang	-1	eng	en-us	MESS+F2	f	MESS
SM3T21.wav	sad	-1	eng	en-us	MESS+M3	m	MESS
HM2T12.wav	hap	1	eng	en-us	MESS+M2	m	MESS
AF1T23.wav	ang	-1	eng	en-us	MESS+F1	f	MESS
SF1V21.wav	sad	-1	eng	en-us	MESS+F1	f	MESS
SM1M14.wav	sad	-1	eng	en-us	MESS+M1	m	MESS
SM1T19.wav	sad	-1	eng	en-us	MESS+M1	m	MESS
HM2V06.wav	hap	1	eng	en-us	MESS+M2	m	MESS
HM3M30.wav	hap	1	eng	en-us	MESS+M3	m	MESS
CM3M06.wav	cal	1	eng	en-us	MESS+M3	m	MESS
SM2M23.wav	sad	-1	eng	en-us	MESS+M2	m	MESS
SF3M26.wav	sad	-1	eng	en-us	MESS+F3	f	MESS
AM3T11.wav	ang	-1	eng	en-us	MESS+M3	m	MESS
AF2V05.wav	ang	-1	eng	en-us	MESS+F2	f	MESS
AM1M29.wav	ang	-1	eng	en-us	MESS+M1	m	MESS
AM1V21.wav	ang	-1	eng	en-us	MESS+M1	m	MESS
CM2T12.wav	cal	1	eng	en-us	MESS+M2	m	MESS
SF3M11.wav	sad	-1	eng	en-us	MESS+F3	f	MESS
SF3V09.wav	sad	-1	eng	en-us	MESS+F3	f	MESS
SM2T14.wav	sad	-1	eng	en-us	MESS+M2	m	MESS
HM2V11.wav	hap	1	eng	en-us	MESS+M2	m	MESS
AM1V16.wav	ang	-1	eng	en-us	MESS+M1	m	MESS
SF1T15.wav	sad	-1	eng	en-us	MESS+F1	f	MESS
SF1T23.wav	sad	-1	eng	en-us	MESS+F1	f	MESS
HM2V05.wav	hap	1	eng	en-us	MESS+M2	m	MESS
AF2T02.wav	ang	-1	eng	en-us	MESS+F2	f	MESS
AM2V12.wav	ang	-1	eng	en-us	MESS+M2	m	MESS
AF2M13.wav	ang	-1	eng	en-us	MESS+F2	f	MESS
SF1M15.wav	sad	-1	eng	en-us	MESS+F1	f	MESS
SM2T15.wav	sad	-1	eng	en-us	MESS+M2	m	MESS
AM3T08.wav	ang	-1	eng	en-us	MESS+M3	m	MESS
HM1V12.wav	hap	1	eng	en-us	MESS+M1	m	MESS
AM3V30.wav	ang	-1	eng	en-us	MESS+M3	m	MESS
AM1V06.wav	ang	-1	eng	en-us	MESS+M1	m	MESS
CM3T29.wav	cal	1	eng	en-us	MESS+M3	m	MESS
CF3M14.wav	cal	1	eng	en-us	MESS+F3	f	MESS
CM2V14.wav	cal	1	eng	en-us	MESS+M2	m	MESS
SF3M29.wav	sad	-1	eng	en-us	MESS+F3	f	MESS
SF3T29.wav	sad	-1	eng	en-us	MESS+F3	f	MESS
AF1T15.wav	ang	-1	eng	en-us	MESS+F1	f	MESS
AF2M02.wav	ang	-1	eng	en-us	MESS+F2	f	MESS
HM2T06.wav	hap	1	eng	en-us	MESS+M2	m	MESS
AM1M24.wav	ang	-1	eng	en-us	MESS+M1	m	MESS
AF2V12.wav	ang	-1	eng	en-us	MESS+F2	f	MESS
HM1T24.wav	hap	1	eng	en-us	MESS+M1	m	MESS
SM1V14.wav	sad	-1	eng	en-us	MESS+M1	m	MESS
AM1V24.wav	ang	-1	eng	en-us	MESS+M1	m	MESS
HM2T27.wav	hap	1	eng	en-us	MESS+M2	m	MESS
SF1V02.wav	sad	-1	eng	en-us	MESS+F1	f	MESS
CM3M30.wav	cal	1	eng	en-us	MESS+M3	m	MESS
AF2V30.wav	ang	-1	eng	en-us	MESS+F2	f	MESS
HM2T13.wav	hap	1	eng	en-us	MESS+M2	m	MESS
SM1T23.wav	sad	-1	eng	en-us	MESS+M1	m	MESS
SF1M17.wav	sad	-1	eng	en-us	MESS+F1	f	MESS
SF3T15.wav	sad	-1	eng	en-us	MESS+F3	f	MESS
HM3M18.wav	hap	1	eng	en-us	MESS+M3	m	MESS
SF3T22.wav	sad	-1	eng	en-us	MESS+F3	f	MESS
AF2T12.wav	ang	-1	eng	en-us	MESS+F2	f	MESS
SM2V19.wav	sad	-1	eng	en-us	MESS+M2	m	MESS
HM2M06.wav	hap	1	eng	en-us	MESS+M2	m	MESS
CF2V15.wav	cal	1	eng	en-us	MESS+F2	f	MESS
HM2V24.wav	hap	1	eng	en-us	MESS+M2	m	MESS
CF3V28.wav	cal	1	eng	en-us	MESS+F3	f	MESS
SF1T10.wav	sad	-1	eng	en-us	MESS+F1	f	MESS
SM1M02.wav	sad	-1	eng	en-us	MESS+M1	m	MESS
SF3T21.wav	sad	-1	eng	en-us	MESS+F3	f	MESS
AM1T07.wav	ang	-1	eng	en-us	MESS+M1	m	MESS
CM3V09.wav	cal	1	eng	en-us	MESS+M3	m	MESS
HM2T21.wav	hap	1	eng	en-us	MESS+M2	m	MESS
SF1T13.wav	sad	-1	eng	en-us	MESS+F1	f	MESS
AM3V10.wav	ang	-1	eng	en-us	MESS+M3	m	MESS
AM3V11.wav	ang	-1	eng	en-us	MESS+M3	m	MESS
CM2V09.wav	cal	1	eng	en-us	MESS+M2	m	MESS
CM1V26.wav	cal	1	eng	en-us	MESS+M1	m	MESS
SF3V13.wav	sad	-1	eng	en-us	MESS+F3	f	MESS
CF3V12.wav	cal	1	eng	en-us	MESS+F3	f	MESS
SF3M24.wav	sad	-1	eng	en-us	MESS+F3	f	MESS
CF1V14.wav	cal	1	eng	en-us	MESS+F1	f	MESS
CF3M19.wav	cal	1	eng	en-us	MESS+F3	f	MESS
SM1M28.wav	sad	-1	eng	en-us	MESS+M1	m	MESS
CM1M10.wav	cal	1	eng	en-us	MESS+M1	m	MESS
AF2V03.wav	ang	-1	eng	en-us	MESS+F2	f	MESS
SF3M20.wav	sad	-1	eng	en-us	MESS+F3	f	MESS
AF2V08.wav	ang	-1	eng	en-us	MESS+F2	f	MESS
SF3V23.wav	sad	-1	eng	en-us	MESS+F3	f	MESS
AF2M24.wav	ang	-1	eng	en-us	MESS+F2	f	MESS
AM1M09.wav	ang	-1	eng	en-us	MESS+M1	m	MESS
HM1T27.wav	hap	1	eng	en-us	MESS+M1	m	MESS
SF1T22.wav	sad	-1	eng	en-us	MESS+F1	f	MESS
CM3M29.wav	cal	1	eng	en-us	MESS+M3	m	MESS
HM2M01.wav	hap	1	eng	en-us	MESS+M2	m	MESS
SM2V13.wav	sad	-1	eng	en-us	MESS+M2	m	MESS
HM1M12.wav	hap	1	eng	en-us	MESS+M1	m	MESS
SM1V28.wav	sad	-1	eng	en-us	MESS+M1	m	MESS
CF2V01.wav	cal	1	eng	en-us	MESS+F2	f	MESS
SM2T19.wav	sad	-1	eng	en-us	MESS+M2	m	MESS
SM3T24.wav	sad	-1	eng	en-us	MESS+M3	m	MESS
SM2V18.wav	sad	-1	eng	en-us	MESS+M2	m	MESS
AM1T27.wav	ang	-1	eng	en-us	MESS+M1	m	MESS
AF2M03.wav	ang	-1	eng	en-us	MESS+F2	f	MESS
CF1M08.wav	cal	1	eng	en-us	MESS+F1	f	MESS
AF2T13.wav	ang	-1	eng	en-us	MESS+F2	f	MESS
SM1V30.wav	sad	-1	eng	en-us	MESS+M1	m	MESS
SF3T06.wav	sad	-1	eng	en-us	MESS+F3	f	MESS
SF3T19.wav	sad	-1	eng	en-us	MESS+F3	f	MESS
SM2V17.wav	sad	-1	eng	en-us	MESS+M2	m	MESS
SF1T01.wav	sad	-1	eng	en-us	MESS+F1	f	MESS
HF1M14.wav	hap	1	eng	en-us	MESS+F1	f	MESS
SM1V02.wav	sad	-1	eng	en-us	MESS+M1	m	MESS
CM3V20.wav	cal	1	eng	en-us	MESS+M3	m	MESS
CF2V28.wav	cal	1	eng	en-us	MESS+F2	f	MESS
SF3T14.wav	sad	-1	eng	en-us	MESS+F3	f	MESS
SM3T16.wav	sad	-1	eng	en-us	MESS+M3	m	MESS
CM3M27.wav	cal	1	eng	en-us	MESS+M3	m	MESS
AF2M30.wav	ang	-1	eng	en-us	MESS+F2	f	MESS
AF2M18.wav	ang	-1	eng	en-us	MESS+F2	f	MESS
HM2V19.wav	hap	1	eng	en-us	MESS+M2	m	MESS
HM2V20.wav	hap	1	eng	en-us	MESS+M2	m	MESS
AM1V29.wav	ang	-1	eng	en-us	MESS+M1	m	MESS
AF2T08.wav	ang	-1	eng	en-us	MESS+F2	f	MESS
AF2T29.wav	ang	-1	eng	en-us	MESS+F2	f	MESS
HM2T15.wav	hap	1	eng	en-us	MESS+M2	m	MESS
SM3V16.wav	sad	-1	eng	en-us	MESS+M3	m	MESS
SF3M23.wav	sad	-1	eng	en-us	MESS+F3	f	MESS
CF1V27.wav	cal	1	eng	en-us	MESS+F1	f	MESS
CM3V27.wav	cal	1	eng	en-us	MESS+M3	m	MESS
SF1T09.wav	sad	-1	eng	en-us	MESS+F1	f	MESS
HM1V03.wav	hap	1	eng	en-us	MESS+M1	m	MESS
AF2M08.wav	ang	-1	eng	en-us	MESS+F2	f	MESS
AM1V08.wav	ang	-1	eng	en-us	MESS+M1	m	MESS
CM3T27.wav	cal	1	eng	en-us	MESS+M3	m	MESS
AM1M20.wav	ang	-1	eng	en-us	MESS+M1	m	MESS
AF2T09.wav	ang	-1	eng	en-us	MESS+F2	f	MESS
SM1T29.wav	sad	-1	eng	en-us	MESS+M1	m	MESS
CF3M02.wav	cal	1	eng	en-us	MESS+F3	f	MESS
AM1M03.wav	ang	-1	eng	en-us	MESS+M1	m	MESS
AF2M06.wav	ang	-1	eng	en-us	MESS+F2	f	MESS
SM1V22.wav	sad	-1	eng	en-us	MESS+M1	m	MESS
CF2M24.wav	cal	1	eng	en-us	MESS+F2	f	MESS
CF3T09.wav	cal	1	eng	en-us	MESS+F3	f	MESS
HM2M14.wav	hap	1	eng	en-us	MESS+M2	m	MESS
HM2V14.wav	hap	1	eng	en-us	MESS+M2	m	MESS
HM1M18.wav	hap	1	eng	en-us	MESS+M1	m	MESS
AM3V02.wav	ang	-1	eng	en-us	MESS+M3	m	MESS
CM2V25.wav	cal	1	eng	en-us	MESS+M2	m	MESS
SM1V18.wav	sad	-1	eng	en-us	MESS+M1	m	MESS
CM3M28.wav	cal	1	eng	en-us	MESS+M3	m	MESS
CF2M29.wav	cal	1	eng	en-us	MESS+F2	f	MESS
AM1M23.wav	ang	-1	eng	en-us	MESS+M1	m	MESS
HM2V21.wav	hap	1	eng	en-us	MESS+M2	m	MESS
SF3V27.wav	sad	-1	eng	en-us	MESS+F3	f	MESS
HM2M03.wav	hap	1	eng	en-us	MESS+M2	m	MESS
HM1T06.wav	hap	1	eng	en-us	MESS+M1	m	MESS
CF1M03.wav	cal	1	eng	en-us	MESS+F1	f	MESS
AF2T11.wav	ang	-1	eng	en-us	MESS+F2	f	MESS
SM3V10.wav	sad	-1	eng	en-us	MESS+M3	m	MESS
SF2M12.wav	sad	-1	eng	en-us	MESS+F2	f	MESS
SF3V06.wav	sad	-1	eng	en-us	MESS+F3	f	MESS
SM1V19.wav	sad	-1	eng	en-us	MESS+M1	m	MESS
AF2T26.wav	ang	-1	eng	en-us	MESS+F2	f	MESS
HF1M10.wav	hap	1	eng	en-us	MESS+F1	f	MESS
HF1V01.wav	hap	1	eng	en-us	MESS+F1	f	MESS
CM2T24.wav	cal	1	eng	en-us	MESS+M2	m	MESS
CF3M25.wav	cal	1	eng	en-us	MESS+F3	f	MESS
AF2V01.wav	ang	-1	eng	en-us	MESS+F2	f	MESS
SF1T03.wav	sad	-1	eng	en-us	MESS+F1	f	MESS
SM3M09.wav	sad	-1	eng	en-us	MESS+M3	m	MESS
HM3V27.wav	hap	1	eng	en-us	MESS+M3	m	MESS
CM2V12.wav	cal	1	eng	en-us	MESS+M2	m	MESS
AM1V09.wav	ang	-1	eng	en-us	MESS+M1	m	MESS
SF3V29.wav	sad	-1	eng	en-us	MESS+F3	f	MESS
CM1V25.wav	cal	1	eng	en-us	MESS+M1	m	MESS
AM3V17.wav	ang	-1	eng	en-us	MESS+M3	m	MESS
AF2V02.wav	ang	-1	eng	en-us	MESS+F2	f	MESS
CF1V02.wav	cal	1	eng	en-us	MESS+F1	f	MESS
AM1M30.wav	ang	-1	eng	en-us	MESS+M1	m	MESS
CM3T03.wav	cal	1	eng	en-us	MESS+M3	m	MESS
SM1V13.wav	sad	-1	eng	en-us	MESS+M1	m	MESS
SM1M12.wav	sad	-1	eng	en-us	MESS+M1	m	MESS
CF3M22.wav	cal	1	eng	en-us	MESS+F3	f	MESS
AM1M25.wav	ang	-1	eng	en-us	MESS+M1	m	MESS
CM2M17.wav	cal	1	eng	en-us	MESS+M2	m	MESS
HF1V02.wav	hap	1	eng	en-us	MESS+F1	f	MESS
SF1V23.wav	sad	-1	eng	en-us	MESS+F1	f	MESS
SF1V07.wav	sad	-1	eng	en-us	MESS+F1	f	MESS
SF1M22.wav	sad	-1	eng	en-us	MESS+F1	f	MESS
CM2V15.wav	cal	1	eng	en-us	MESS+M2	m	MESS
HM1V27.wav	hap	1	eng	en-us	MESS+M1	m	MESS
CM2V10.wav	cal	1	eng	en-us	MESS+M2	m	MESS
HM2V10.wav	hap	1	eng	en-us	MESS+M2	m	MESS
SM3M08.wav	sad	-1	eng	en-us	MESS+M3	m	MESS
SM1M21.wav	sad	-1	eng	en-us	MESS+M1	m	MESS
HM1T25.wav	hap	1	eng	en-us	MESS+M1	m	MESS
CF2T23.wav	cal	1	eng	en-us	MESS+F2	f	MESS
SM3M29.wav	sad	-1	eng	en-us	MESS+M3	m	MESS
CF1V22.wav	cal	1	eng	en-us	MESS+F1	f	MESS
CF3T15.wav	cal	1	eng	en-us	MESS+F3	f	MESS
SM1M06.wav	sad	-1	eng	en-us	MESS+M1	m	MESS
CM3V18.wav	cal	1	eng	en-us	MESS+M3	m	MESS
SM3T08.wav	sad	-1	eng	en-us	MESS+M3	m	MESS
HM1M14.wav	hap	1	eng	en-us	MESS+M1	m	MESS
AF2V13.wav	ang	-1	eng	en-us	MESS+F2	f	MESS
SM1T30.wav	sad	-1	eng	en-us	MESS+M1	m	MESS
SF3V28.wav	sad	-1	eng	en-us	MESS+F3	f	MESS
CM2V29.wav	cal	1	eng	en-us	MESS+M2	m	MESS
CM1V19.wav	cal	1	eng	en-us	MESS+M1	m	MESS
AM1T01.wav	ang	-1	eng	en-us	MESS+M1	m	MESS
HM2M29.wav	hap	1	eng	en-us	MESS+M2	m	MESS
AM1T20.wav	ang	-1	eng	en-us	MESS+M1	m	MESS
CM3V25.wav	cal	1	eng	en-us	MESS+M3	m	MESS
HM3M21.wav	hap	1	eng	en-us	MESS+M3	m	MESS
HF1T28.wav	hap	1	eng	en-us	MESS+F1	f	MESS
SF3T26.wav	sad	-1	eng	en-us	MESS+F3	f	MESS
CM3T17.wav	cal	1	eng	en-us	MESS+M3	m	MESS
SM2M18.wav	sad	-1	eng	en-us	MESS+M2	m	MESS
SM1M01.wav	sad	-1	eng	en-us	MESS+M1	m	MESS
CM2T06.wav	cal	1	eng	en-us	MESS+M2	m	MESS
HM1M29.wav	hap	1	eng	en-us	MESS+M1	m	MESS
AF2T22.wav	ang	-1	eng	en-us	MESS+F2	f	MESS
AF2T24.wav	ang	-1	eng	en-us	MESS+F2	f	MESS
AF2M09.wav	ang	-1	eng	en-us	MESS+F2	f	MESS
AF2M07.wav	ang	-1	eng	en-us	MESS+F2	f	MESS
HM1M04.wav	hap	1	eng	en-us	MESS+M1	m	MESS
CF1T21.wav	cal	1	eng	en-us	MESS+F1	f	MESS
HM1V20.wav	hap	1	eng	en-us	MESS+M1	m	MESS
CM2M18.wav	cal	1	eng	en-us	MESS+M2	m	MESS
AM1M28.wav	ang	-1	eng	en-us	MESS+M1	m	MESS
HM1M22.wav	hap	1	eng	en-us	MESS+M1	m	MESS
CM2T14.wav	cal	1	eng	en-us	MESS+M2	m	MESS
AF2M20.wav	ang	-1	eng	en-us	MESS+F2	f	MESS
HM3T14.wav	hap	1	eng	en-us	MESS+M3	m	MESS
AF2M26.wav	ang	-1	eng	en-us	MESS+F2	f	MESS
SF3M19.wav	sad	-1	eng	en-us	MESS+F3	f	MESS
HF1V15.wav	hap	1	eng	en-us	MESS+F1	f	MESS
SM3V28.wav	sad	-1	eng	en-us	MESS+M3	m	MESS
CM3V30.wav	cal	1	eng	en-us	MESS+M3	m	MESS
CM3T11.wav	cal	1	eng	en-us	MESS+M3	m	MESS
CM1V03.wav	cal	1	eng	en-us	MESS+M1	m	MESS
AF2T20.wav	ang	-1	eng	en-us	MESS+F2	f	MESS
AF2M19.wav	ang	-1	eng	en-us	MESS+F2	f	MESS
SF1V26.wav	sad	-1	eng	en-us	MESS+F1	f	MESS
SM1T05.wav	sad	-1	eng	en-us	MESS+M1	m	MESS
HM3V14.wav	hap	1	eng	en-us	MESS+M3	m	MESS
HM3T12.wav	hap	1	eng	en-us	MESS+M3	m	MESS
HF1T27.wav	hap	1	eng	en-us	MESS+F1	f	MESS
CM3T08.wav	cal	1	eng	en-us	MESS+M3	m	MESS
HF1V20.wav	hap	1	eng	en-us	MESS+F1	f	MESS
CM3M11.wav	cal	1	eng	en-us	MESS+M3	m	MESS
CM2M03.wav	cal	1	eng	en-us	MESS+M2	m	MESS
CM3T06.wav	cal	1	eng	en-us	MESS+M3	m	MESS
AF3M29.wav	ang	-1	eng	en-us	MESS+F3	f	MESS
CF1V15.wav	cal	1	eng	en-us	MESS+F1	f	MESS
HM3M08.wav	hap	1	eng	en-us	MESS+M3	m	MESS
SM1V29.wav	sad	-1	eng	en-us	MESS+M1	m	MESS
CM1T17.wav	cal	1	eng	en-us	MESS+M1	m	MESS
CM2M10.wav	cal	1	eng	en-us	MESS+M2	m	MESS
CM2T22.wav	cal	1	eng	en-us	MESS+M2	m	MESS
SM1T17.wav	sad	-1	eng	en-us	MESS+M1	m	MESS
CM1T26.wav	cal	1	eng	en-us	MESS+M1	m	MESS
SM1V24.wav	sad	-1	eng	en-us	MESS+M1	m	MESS
SM1V06.wav	sad	-1	eng	en-us	MESS+M1	m	MESS
HF1V28.wav	hap	1	eng	en-us	MESS+F1	f	MESS
SM1V21.wav	sad	-1	eng	en-us	MESS+M1	m	MESS
CM1V11.wav	cal	1	eng	en-us	MESS+M1	m	MESS
SF3M18.wav	sad	-1	eng	en-us	MESS+F3	f	MESS
HM2T19.wav	hap	1	eng	en-us	MESS+M2	m	MESS
CM1M18.wav	cal	1	eng	en-us	MESS+M1	m	MESS
CF1V06.wav	cal	1	eng	en-us	MESS+F1	f	MESS
CF2M30.wav	cal	1	eng	en-us	MESS+F2	f	MESS
CM2M24.wav	cal	1	eng	en-us	MESS+M2	m	MESS
SF3M30.wav	sad	-1	eng	en-us	MESS+F3	f	MESS
HM2V27.wav	hap	1	eng	en-us	MESS+M2	m	MESS
AF2T14.wav	ang	-1	eng	en-us	MESS+F2	f	MESS
CM3V03.wav	cal	1	eng	en-us	MESS+M3	m	MESS
SM3V30.wav	sad	-1	eng	en-us	MESS+M3	m	MESS
SM3M30.wav	sad	-1	eng	en-us	MESS+M3	m	MESS
SM3V12.wav	sad	-1	eng	en-us	MESS+M3	m	MESS
SF3V14.wav	sad	-1	eng	en-us	MESS+F3	f	MESS
SF3M01.wav	sad	-1	eng	en-us	MESS+F3	f	MESS
HM2M22.wav	hap	1	eng	en-us	MESS+M2	m	MESS
SM1V04.wav	sad	-1	eng	en-us	MESS+M1	m	MESS
SF1V04.wav	sad	-1	eng	en-us	MESS+F1	f	MESS
CM1T10.wav	cal	1	eng	en-us	MESS+M1	m	MESS
SF3V03.wav	sad	-1	eng	en-us	MESS+F3	f	MESS
CF1M16.wav	cal	1	eng	en-us	MESS+F1	f	MESS
CM3T14.wav	cal	1	eng	en-us	MESS+M3	m	MESS
SM1T24.wav	sad	-1	eng	en-us	MESS+M1	m	MESS
CF1M12.wav	cal	1	eng	en-us	MESS+F1	f	MESS
CM1T14.wav	cal	1	eng	en-us	MESS+M1	m	MESS
HM2V17.wav	hap	1	eng	en-us	MESS+M2	m	MESS
SF1V11.wav	sad	-1	eng	en-us	MESS+F1	f	MESS
CM2T30.wav	cal	1	eng	en-us	MESS+M2	m	MESS
HM1M20.wav	hap	1	eng	en-us	MESS+M1	m	MESS
AM1T26.wav	ang	-1	eng	en-us	MESS+M1	m	MESS
AM1T24.wav	ang	-1	eng	en-us	MESS+M1	m	MESS
CF2M15.wav	cal	1	eng	en-us	MESS+F2	f	MESS
CM2T01.wav	cal	1	eng	en-us	MESS+M2	m	MESS
HF3M01.wav	hap	1	eng	en-us	MESS+F3	f	MESS
HM3M22.wav	hap	1	eng	en-us	MESS+M3	m	MESS
AM1T17.wav	ang	-1	eng	en-us	MESS+M1	m	MESS
CM1T21.wav	cal	1	eng	en-us	MESS+M1	m	MESS
SM1M18.wav	sad	-1	eng	en-us	MESS+M1	m	MESS
SF1M01.wav	sad	-1	eng	en-us	MESS+F1	f	MESS
SF1V18.wav	sad	-1	eng	en-us	MESS+F1	f	MESS
SF1V12.wav	sad	-1	eng	en-us	MESS+F1	f	MESS
CF2M06.wav	cal	1	eng	en-us	MESS+F2	f	MESS
HF3T07.wav	hap	1	eng	en-us	MESS+F3	f	MESS
CM3M23.wav	cal	1	eng	en-us	MESS+M3	m	MESS
CF3T29.wav	cal	1	eng	en-us	MESS+F3	f	MESS
AF2T06.wav	ang	-1	eng	en-us	MESS+F2	f	MESS
CF1T18.wav	cal	1	eng	en-us	MESS+F1	f	MESS
AF2T27.wav	ang	-1	eng	en-us	MESS+F2	f	MESS
CF3V09.wav	cal	1	eng	en-us	MESS+F3	f	MESS
CF1T01.wav	cal	1	eng	en-us	MESS+F1	f	MESS
AM3T16.wav	ang	-1	eng	en-us	MESS+M3	m	MESS
CM1M08.wav	cal	1	eng	en-us	MESS+M1	m	MESS
HM2M21.wav	hap	1	eng	en-us	MESS+M2	m	MESS
CF1V05.wav	cal	1	eng	en-us	MESS+F1	f	MESS
CF3T05.wav	cal	1	eng	en-us	MESS+F3	f	MESS
CF3T10.wav	cal	1	eng	en-us	MESS+F3	f	MESS
CF2M01.wav	cal	1	eng	en-us	MESS+F2	f	MESS
AF2V10.wav	ang	-1	eng	en-us	MESS+F2	f	MESS
HM2M15.wav	hap	1	eng	en-us	MESS+M2	m	MESS
CF3T14.wav	cal	1	eng	en-us	MESS+F3	f	MESS
SM1M23.wav	sad	-1	eng	en-us	MESS+M1	m	MESS
AM1T13.wav	ang	-1	eng	en-us	MESS+M1	m	MESS
SF1V14.wav	sad	-1	eng	en-us	MESS+F1	f	MESS
CF3V08.wav	cal	1	eng	en-us	MESS+F3	f	MESS
HM2T26.wav	hap	1	eng	en-us	MESS+M2	m	MESS
CF3T12.wav	cal	1	eng	en-us	MESS+F3	f	MESS
CM3M02.wav	cal	1	eng	en-us	MESS+M3	m	MESS
CM3M22.wav	cal	1	eng	en-us	MESS+M3	m	MESS
SM3V17.wav	sad	-1	eng	en-us	MESS+M3	m	MESS
CM2T08.wav	cal	1	eng	en-us	MESS+M2	m	MESS
CM3M08.wav	cal	1	eng	en-us	MESS+M3	m	MESS
CM1M20.wav	cal	1	eng	en-us	MESS+M1	m	MESS
CM3T18.wav	cal	1	eng	en-us	MESS+M3	m	MESS
AF2T21.wav	ang	-1	eng	en-us	MESS+F2	f	MESS
HF1V23.wav	hap	1	eng	en-us	MESS+F1	f	MESS
CF3T04.wav	cal	1	eng	en-us	MESS+F3	f	MESS
HM2T07.wav	hap	1	eng	en-us	MESS+M2	m	MESS
CF2V21.wav	cal	1	eng	en-us	MESS+F2	f	MESS
HF1T10.wav	hap	1	eng	en-us	MESS+F1	f	MESS
HF1M26.wav	hap	1	eng	en-us	MESS+F1	f	MESS
CF1M22.wav	cal	1	eng	en-us	MESS+F1	f	MESS
SM2V15.wav	sad	-1	eng	en-us	MESS+M2	m	MESS
HF1M12.wav	hap	1	eng	en-us	MESS+F1	f	MESS
SM3T27.wav	sad	-1	eng	en-us	MESS+M3	m	MESS
CM3M05.wav	cal	1	eng	en-us	MESS+M3	m	MESS
SM1T27.wav	sad	-1	eng	en-us	MESS+M1	m	MESS
SM1V16.wav	sad	-1	eng	en-us	MESS+M1	m	MESS
CF1V08.wav	cal	1	eng	en-us	MESS+F1	f	MESS
SM3V21.wav	sad	-1	eng	en-us	MESS+M3	m	MESS
CM3V05.wav	cal	1	eng	en-us	MESS+M3	m	MESS
HM1M25.wav	hap	1	eng	en-us	MESS+M1	m	MESS
HM1M10.wav	hap	1	eng	en-us	MESS+M1	m	MESS
CF3M06.wav	cal	1	eng	en-us	MESS+F3	f	MESS
CF3V23.wav	cal	1	eng	en-us	MESS+F3	f	MESS
SM3M02.wav	sad	-1	eng	en-us	MESS+M3	m	MESS
HM2M04.wav	hap	1	eng	en-us	MESS+M2	m	MESS
HM2M18.wav	hap	1	eng	en-us	MESS+M2	m	MESS
CF3M29.wav	cal	1	eng	en-us	MESS+F3	f	MESS
AF2T15.wav	ang	-1	eng	en-us	MESS+F2	f	MESS
CM2V13.wav	cal	1	eng	en-us	MESS+M2	m	MESS
HM2T28.wav	hap	1	eng	en-us	MESS+M2	m	MESS
CM2M11.wav	cal	1	eng	en-us	MESS+M2	m	MESS
HM2M07.wav	hap	1	eng	en-us	MESS+M2	m	MESS
HF1V14.wav	hap	1	eng	en-us	MESS+F1	f	MESS
CM2M09.wav	cal	1	eng	en-us	MESS+M2	m	MESS
CM3M25.wav	cal	1	eng	en-us	MESS+M3	m	MESS
CF1T10.wav	cal	1	eng	en-us	MESS+F1	f	MESS
HM3T20.wav	hap	1	eng	en-us	MESS+M3	m	MESS
SM1V25.wav	sad	-1	eng	en-us	MESS+M1	m	MESS
CF3M16.wav	cal	1	eng	en-us	MESS+F3	f	MESS
CF2V18.wav	cal	1	eng	en-us	MESS+F2	f	MESS
CF1V23.wav	cal	1	eng	en-us	MESS+F1	f	MESS
CF1V04.wav	cal	1	eng	en-us	MESS+F1	f	MESS
AF2T30.wav	ang	-1	eng	en-us	MESS+F2	f	MESS
HM1T20.wav	hap	1	eng	en-us	MESS+M1	m	MESS
HM1M05.wav	hap	1	eng	en-us	MESS+M1	m	MESS
SM1T22.wav	sad	-1	eng	en-us	MESS+M1	m	MESS
CF3T06.wav	cal	1	eng	en-us	MESS+F3	f	MESS
SM1T15.wav	sad	-1	eng	en-us	MESS+M1	m	MESS
CF2V13.wav	cal	1	eng	en-us	MESS+F2	f	MESS
SM3M16.wav	sad	-1	eng	en-us	MESS+M3	m	MESS
HM2M09.wav	hap	1	eng	en-us	MESS+M2	m	MESS
HM2V25.wav	hap	1	eng	en-us	MESS+M2	m	MESS
CF2M05.wav	cal	1	eng	en-us	MESS+F2	f	MESS
HF1V30.wav	hap	1	eng	en-us	MESS+F1	f	MESS
SM3T07.wav	sad	-1	eng	en-us	MESS+M3	m	MESS
SF3T04.wav	sad	-1	eng	en-us	MESS+F3	f	MESS
CM1V27.wav	cal	1	eng	en-us	MESS+M1	m	MESS
HM3M28.wav	hap	1	eng	en-us	MESS+M3	m	MESS
CM2M02.wav	cal	1	eng	en-us	MESS+M2	m	MESS
SM3T10.wav	sad	-1	eng	en-us	MESS+M3	m	MESS
HM1V09.wav	hap	1	eng	en-us	MESS+M1	m	MESS
AF2V22.wav	ang	-1	eng	en-us	MESS+F2	f	MESS
SF1T28.wav	sad	-1	eng	en-us	MESS+F1	f	MESS
HF1M18.wav	hap	1	eng	en-us	MESS+F1	f	MESS
CM1V14.wav	cal	1	eng	en-us	MESS+M1	m	MESS
CM2M25.wav	cal	1	eng	en-us	MESS+M2	m	MESS
CM2V28.wav	cal	1	eng	en-us	MESS+M2	m	MESS
SF2M27.wav	sad	-1	eng	en-us	MESS+F2	f	MESS
CF1M29.wav	cal	1	eng	en-us	MESS+F1	f	MESS
HM2T22.wav	hap	1	eng	en-us	MESS+M2	m	MESS
SM1M09.wav	sad	-1	eng	en-us	MESS+M1	m	MESS
CF2M04.wav	cal	1	eng	en-us	MESS+F2	f	MESS
SM1V12.wav	sad	-1	eng	en-us	MESS+M1	m	MESS
HF3V09.wav	hap	1	eng	en-us	MESS+F3	f	MESS
HM2T18.wav	hap	1	eng	en-us	MESS+M2	m	MESS
HF2V07.wav	hap	1	eng	en-us	MESS+F2	f	MESS
AF2V28.wav	ang	-1	eng	en-us	MESS+F2	f	MESS
SM3M19.wav	sad	-1	eng	en-us	MESS+M3	m	MESS
AM1T19.wav	ang	-1	eng	en-us	MESS+M1	m	MESS
HF3M28.wav	hap	1	eng	en-us	MESS+F3	f	MESS
HM2M24.wav	hap	1	eng	en-us	MESS+M2	m	MESS
CF2M13.wav	cal	1	eng	en-us	MESS+F2	f	MESS
CM1M19.wav	cal	1	eng	en-us	MESS+M1	m	MESS
SF3T07.wav	sad	-1	eng	en-us	MESS+F3	f	MESS
HM1V22.wav	hap	1	eng	en-us	MESS+M1	m	MESS
AM1M16.wav	ang	-1	eng	en-us	MESS+M1	m	MESS
HM2V28.wav	hap	1	eng	en-us	MESS+M2	m	MESS
HM2V30.wav	hap	1	eng	en-us	MESS+M2	m	MESS
AM1M18.wav	ang	-1	eng	en-us	MESS+M1	m	MESS
SF1M26.wav	sad	-1	eng	en-us	MESS+F1	f	MESS
CM2T17.wav	cal	1	eng	en-us	MESS+M2	m	MESS
CF3M10.wav	cal	1	eng	en-us	MESS+F3	f	MESS
SM1M13.wav	sad	-1	eng	en-us	MESS+M1	m	MESS
HF2M18.wav	hap	1	eng	en-us	MESS+F2	f	MESS
CF1M09.wav	cal	1	eng	en-us	MESS+F1	f	MESS
HM3T29.wav	hap	1	eng	en-us	MESS+M3	m	MESS
CM2M08.wav	cal	1	eng	en-us	MESS+M2	m	MESS
CF3M20.wav	cal	1	eng	en-us	MESS+F3	f	MESS
HF3V16.wav	hap	1	eng	en-us	MESS+F3	f	MESS
SM3V25.wav	sad	-1	eng	en-us	MESS+M3	m	MESS
SM1V07.wav	sad	-1	eng	en-us	MESS+M1	m	MESS
SM3M11.wav	sad	-1	eng	en-us	MESS+M3	m	MESS
HF3M11.wav	hap	1	eng	en-us	MESS+F3	f	MESS
CF3T27.wav	cal	1	eng	en-us	MESS+F3	f	MESS
SF1M11.wav	sad	-1	eng	en-us	MESS+F1	f	MESS
CF2T01.wav	cal	1	eng	en-us	MESS+F2	f	MESS
CF3V06.wav	cal	1	eng	en-us	MESS+F3	f	MESS
SM3T01.wav	sad	-1	eng	en-us	MESS+M3	m	MESS
AM1V28.wav	ang	-1	eng	en-us	MESS+M1	m	MESS
HM3V10.wav	hap	1	eng	en-us	MESS+M3	m	MESS
HF2T23.wav	hap	1	eng	en-us	MESS+F2	f	MESS
CM3V22.wav	cal	1	eng	en-us	MESS+M3	m	MESS
HF1V29.wav	hap	1	eng	en-us	MESS+F1	f	MESS
CF1T05.wav	cal	1	eng	en-us	MESS+F1	f	MESS
CM1T16.wav	cal	1	eng	en-us	MESS+M1	m	MESS
SF3T25.wav	sad	-1	eng	en-us	MESS+F3	f	MESS
CM3V01.wav	cal	1	eng	en-us	MESS+M3	m	MESS
AF2V26.wav	ang	-1	eng	en-us	MESS+F2	f	MESS
CM3T22.wav	cal	1	eng	en-us	MESS+M3	m	MESS
CF1T03.wav	cal	1	eng	en-us	MESS+F1	f	MESS
HM1V26.wav	hap	1	eng	en-us	MESS+M1	m	MESS
SF1T11.wav	sad	-1	eng	en-us	MESS+F1	f	MESS
SM3T18.wav	sad	-1	eng	en-us	MESS+M3	m	MESS
HF3M04.wav	hap	1	eng	en-us	MESS+F3	f	MESS
SM3T03.wav	sad	-1	eng	en-us	MESS+M3	m	MESS
SF3V12.wav	sad	-1	eng	en-us	MESS+F3	f	MESS
HM2M13.wav	hap	1	eng	en-us	MESS+M2	m	MESS
HF1M20.wav	hap	1	eng	en-us	MESS+F1	f	MESS
AM1V15.wav	ang	-1	eng	en-us	MESS+M1	m	MESS
SM1M22.wav	sad	-1	eng	en-us	MESS+M1	m	MESS
HM2V16.wav	hap	1	eng	en-us	MESS+M2	m	MESS
CF3V22.wav	cal	1	eng	en-us	MESS+F3	f	MESS
SM3T19.wav	sad	-1	eng	en-us	MESS+M3	m	MESS
HF3V19.wav	hap	1	eng	en-us	MESS+F3	f	MESS
CM2V11.wav	cal	1	eng	en-us	MESS+M2	m	MESS
HF1M25.wav	hap	1	eng	en-us	MESS+F1	f	MESS
AM1V20.wav	ang	-1	eng	en-us	MESS+M1	m	MESS
CM2T23.wav	cal	1	eng	en-us	MESS+M2	m	MESS
HF3M30.wav	hap	1	eng	en-us	MESS+F3	f	MESS
HF1T03.wav	hap	1	eng	en-us	MESS+F1	f	MESS
SF1V06.wav	sad	-1	eng	en-us	MESS+F1	f	MESS
CF1M13.wav	cal	1	eng	en-us	MESS+F1	f	MESS
CF3V11.wav	cal	1	eng	en-us	MESS+F3	f	MESS
CM2V22.wav	cal	1	eng	en-us	MESS+M2	m	MESS
HF1M05.wav	hap	1	eng	en-us	MESS+F1	f	MESS
HM3T07.wav	hap	1	eng	en-us	MESS+M3	m	MESS
CF1M11.wav	cal	1	eng	en-us	MESS+F1	f	MESS
HF1T14.wav	hap	1	eng	en-us	MESS+F1	f	MESS
CM2M07.wav	cal	1	eng	en-us	MESS+M2	m	MESS
HF3T02.wav	hap	1	eng	en-us	MESS+F3	f	MESS
CM2M13.wav	cal	1	eng	en-us	MESS+M2	m	MESS
CF3T13.wav	cal	1	eng	en-us	MESS+F3	f	MESS
SM1M07.wav	sad	-1	eng	en-us	MESS+M1	m	MESS
CF3V02.wav	cal	1	eng	en-us	MESS+F3	f	MESS
CF1V24.wav	cal	1	eng	en-us	MESS+F1	f	MESS
CM1M02.wav	cal	1	eng	en-us	MESS+M1	m	MESS
HM1M01.wav	hap	1	eng	en-us	MESS+M1	m	MESS
HF1T11.wav	hap	1	eng	en-us	MESS+F1	f	MESS
CF2V17.wav	cal	1	eng	en-us	MESS+F2	f	MESS
CF3T18.wav	cal	1	eng	en-us	MESS+F3	f	MESS
CM3M09.wav	cal	1	eng	en-us	MESS+M3	m	MESS
HF1M06.wav	hap	1	eng	en-us	MESS+F1	f	MESS
HF1V19.wav	hap	1	eng	en-us	MESS+F1	f	MESS
HF2M03.wav	hap	1	eng	en-us	MESS+F2	f	MESS
CM3V17.wav	cal	1	eng	en-us	MESS+M3	m	MESS
CF3M11.wav	cal	1	eng	en-us	MESS+F3	f	MESS
SF1T24.wav	sad	-1	eng	en-us	MESS+F1	f	MESS
CF2T06.wav	cal	1	eng	en-us	MESS+F2	f	MESS
HM3M14.wav	hap	1	eng	en-us	MESS+M3	m	MESS
HM1V21.wav	hap	1	eng	en-us	MESS+M1	m	MESS
SF1V01.wav	sad	-1	eng	en-us	MESS+F1	f	MESS
CF2T14.wav	cal	1	eng	en-us	MESS+F2	f	MESS
HM1M26.wav	hap	1	eng	en-us	MESS+M1	m	MESS
CM2T04.wav	cal	1	eng	en-us	MESS+M2	m	MESS
HM3M05.wav	hap	1	eng	en-us	MESS+M3	m	MESS
CM2M04.wav	cal	1	eng	en-us	MESS+M2	m	MESS
AF2T18.wav	ang	-1	eng	en-us	MESS+F2	f	MESS
CM2T03.wav	cal	1	eng	en-us	MESS+M2	m	MESS
HF3T23.wav	hap	1	eng	en-us	MESS+F3	f	MESS
HM2T14.wav	hap	1	eng	en-us	MESS+M2	m	MESS
CF3V26.wav	cal	1	eng	en-us	MESS+F3	f	MESS
CM2M22.wav	cal	1	eng	en-us	MESS+M2	m	MESS
CM3M20.wav	cal	1	eng	en-us	MESS+M3	m	MESS
CM3M15.wav	cal	1	eng	en-us	MESS+M3	m	MESS
CM1M23.wav	cal	1	eng	en-us	MESS+M1	m	MESS
SM1V23.wav	sad	-1	eng	en-us	MESS+M1	m	MESS
SF1T05.wav	sad	-1	eng	en-us	MESS+F1	f	MESS
SM1V01.wav	sad	-1	eng	en-us	MESS+M1	m	MESS
CM3M01.wav	cal	1	eng	en-us	MESS+M3	m	MESS
HM1T17.wav	hap	1	eng	en-us	MESS+M1	m	MESS
HM2T25.wav	hap	1	eng	en-us	MESS+M2	m	MESS
SM1T09.wav	sad	-1	eng	en-us	MESS+M1	m	MESS
CM2V30.wav	cal	1	eng	en-us	MESS+M2	m	MESS
HM2M10.wav	hap	1	eng	en-us	MESS+M2	m	MESS
SM1M17.wav	sad	-1	eng	en-us	MESS+M1	m	MESS
HF3M02.wav	hap	1	eng	en-us	MESS+F3	f	MESS
CM2T11.wav	cal	1	eng	en-us	MESS+M2	m	MESS
HM1V19.wav	hap	1	eng	en-us	MESS+M1	m	MESS
CM2V01.wav	cal	1	eng	en-us	MESS+M2	m	MESS
CF2M11.wav	cal	1	eng	en-us	MESS+F2	f	MESS
HF1T19.wav	hap	1	eng	en-us	MESS+F1	f	MESS
CM2V05.wav	cal	1	eng	en-us	MESS+M2	m	MESS
CM3T25.wav	cal	1	eng	en-us	MESS+M3	m	MESS
CF2V30.wav	cal	1	eng	en-us	MESS+F2	f	MESS
HF3M12.wav	hap	1	eng	en-us	MESS+F3	f	MESS
CF1M19.wav	cal	1	eng	en-us	MESS+F1	f	MESS
CF1T23.wav	cal	1	eng	en-us	MESS+F1	f	MESS
SF1V27.wav	sad	-1	eng	en-us	MESS+F1	f	MESS
HF3V08.wav	hap	1	eng	en-us	MESS+F3	f	MESS
CF3V13.wav	cal	1	eng	en-us	MESS+F3	f	MESS
HF3M23.wav	hap	1	eng	en-us	MESS+F3	f	MESS
HF3T15.wav	hap	1	eng	en-us	MESS+F3	f	MESS
HF3V05.wav	hap	1	eng	en-us	MESS+F3	f	MESS
SM3V24.wav	sad	-1	eng	en-us	MESS+M3	m	MESS
SM1T25.wav	sad	-1	eng	en-us	MESS+M1	m	MESS
CM2V24.wav	cal	1	eng	en-us	MESS+M2	m	MESS
CM3T20.wav	cal	1	eng	en-us	MESS+M3	m	MESS
HM1V04.wav	hap	1	eng	en-us	MESS+M1	m	MESS
CM1M22.wav	cal	1	eng	en-us	MESS+M1	m	MESS
HF3T20.wav	hap	1	eng	en-us	MESS+F3	f	MESS
AF3M08.wav	ang	-1	eng	en-us	MESS+F3	f	MESS
HM1V15.wav	hap	1	eng	en-us	MESS+M1	m	MESS
HF1V16.wav	hap	1	eng	en-us	MESS+F1	f	MESS
CM1T07.wav	cal	1	eng	en-us	MESS+M1	m	MESS
CM2V23.wav	cal	1	eng	en-us	MESS+M2	m	MESS
SM1M16.wav	sad	-1	eng	en-us	MESS+M1	m	MESS
HM1T22.wav	hap	1	eng	en-us	MESS+M1	m	MESS
HF2T29.wav	hap	1	eng	en-us	MESS+F2	f	MESS
CF3M08.wav	cal	1	eng	en-us	MESS+F3	f	MESS
SM3V18.wav	sad	-1	eng	en-us	MESS+M3	m	MESS
SM3V02.wav	sad	-1	eng	en-us	MESS+M3	m	MESS
SM3T06.wav	sad	-1	eng	en-us	MESS+M3	m	MESS
CF3T23.wav	cal	1	eng	en-us	MESS+F3	f	MESS
CF2M21.wav	cal	1	eng	en-us	MESS+F2	f	MESS
CM2T02.wav	cal	1	eng	en-us	MESS+M2	m	MESS
CM1T20.wav	cal	1	eng	en-us	MESS+M1	m	MESS
CF2V19.wav	cal	1	eng	en-us	MESS+F2	f	MESS
SF3T28.wav	sad	-1	eng	en-us	MESS+F3	f	MESS
CF2M14.wav	cal	1	eng	en-us	MESS+F2	f	MESS
SM3T22.wav	sad	-1	eng	en-us	MESS+M3	m	MESS
HF1T18.wav	hap	1	eng	en-us	MESS+F1	f	MESS
HF1T01.wav	hap	1	eng	en-us	MESS+F1	f	MESS
AF2T25.wav	ang	-1	eng	en-us	MESS+F2	f	MESS
AM1T22.wav	ang	-1	eng	en-us	MESS+M1	m	MESS
CF3M23.wav	cal	1	eng	en-us	MESS+F3	f	MESS
HM2T08.wav	hap	1	eng	en-us	MESS+M2	m	MESS
SM3V15.wav	sad	-1	eng	en-us	MESS+M3	m	MESS
CM3T09.wav	cal	1	eng	en-us	MESS+M3	m	MESS
CF2V23.wav	cal	1	eng	en-us	MESS+F2	f	MESS
CF2V20.wav	cal	1	eng	en-us	MESS+F2	f	MESS
HM1V25.wav	hap	1	eng	en-us	MESS+M1	m	MESS
HM3V30.wav	hap	1	eng	en-us	MESS+M3	m	MESS
HF1V11.wav	hap	1	eng	en-us	MESS+F1	f	MESS
HF3T03.wav	hap	1	eng	en-us	MESS+F3	f	MESS
CF3V05.wav	cal	1	eng	en-us	MESS+F3	f	MESS
HM3V18.wav	hap	1	eng	en-us	MESS+M3	m	MESS
HM1V07.wav	hap	1	eng	en-us	MESS+M1	m	MESS
SM3M15.wav	sad	-1	eng	en-us	MESS+M3	m	MESS
HM1M06.wav	hap	1	eng	en-us	MESS+M1	m	MESS
HM1M21.wav	hap	1	eng	en-us	MESS+M1	m	MESS
CM1V17.wav	cal	1	eng	en-us	MESS+M1	m	MESS
HF3M21.wav	hap	1	eng	en-us	MESS+F3	f	MESS
HF1V13.wav	hap	1	eng	en-us	MESS+F1	f	MESS
CF3V27.wav	cal	1	eng	en-us	MESS+F3	f	MESS
HM2M20.wav	hap	1	eng	en-us	MESS+M2	m	MESS
CM2M23.wav	cal	1	eng	en-us	MESS+M2	m	MESS
CM2V20.wav	cal	1	eng	en-us	MESS+M2	m	MESS
CF3M26.wav	cal	1	eng	en-us	MESS+F3	f	MESS
HM1M27.wav	hap	1	eng	en-us	MESS+M1	m	MESS
CF3M13.wav	cal	1	eng	en-us	MESS+F3	f	MESS
HF3M27.wav	hap	1	eng	en-us	MESS+F3	f	MESS
HM2M17.wav	hap	1	eng	en-us	MESS+M2	m	MESS
SF1M29.wav	sad	-1	eng	en-us	MESS+F1	f	MESS
HF3V22.wav	hap	1	eng	en-us	MESS+F3	f	MESS
CF2M17.wav	cal	1	eng	en-us	MESS+F2	f	MESS
SM1T10.wav	sad	-1	eng	en-us	MESS+M1	m	MESS
HF1V06.wav	hap	1	eng	en-us	MESS+F1	f	MESS
HF3M16.wav	hap	1	eng	en-us	MESS+F3	f	MESS
CM2T10.wav	cal	1	eng	en-us	MESS+M2	m	MESS
AF2V24.wav	ang	-1	eng	en-us	MESS+F2	f	MESS
HF3V24.wav	hap	1	eng	en-us	MESS+F3	f	MESS
CF3V21.wav	cal	1	eng	en-us	MESS+F3	f	MESS
SF3T05.wav	sad	-1	eng	en-us	MESS+F3	f	MESS
HM1T16.wav	hap	1	eng	en-us	MESS+M1	m	MESS
HM1M23.wav	hap	1	eng	en-us	MESS+M1	m	MESS
CM3M03.wav	cal	1	eng	en-us	MESS+M3	m	MESS
HM2M28.wav	hap	1	eng	en-us	MESS+M2	m	MESS
CF3V16.wav	cal	1	eng	en-us	MESS+F3	f	MESS
AM1M05.wav	ang	-1	eng	en-us	MESS+M1	m	MESS
CM3T04.wav	cal	1	eng	en-us	MESS+M3	m	MESS
CF3T28.wav	cal	1	eng	en-us	MESS+F3	f	MESS
HF3M06.wav	hap	1	eng	en-us	MESS+F3	f	MESS
HF2T10.wav	hap	1	eng	en-us	MESS+F2	f	MESS
CF1T30.wav	cal	1	eng	en-us	MESS+F1	f	MESS
CM2T15.wav	cal	1	eng	en-us	MESS+M2	m	MESS
CF2M26.wav	cal	1	eng	en-us	MESS+F2	f	MESS
CF3M03.wav	cal	1	eng	en-us	MESS+F3	f	MESS
SM3V07.wav	sad	-1	eng	en-us	MESS+M3	m	MESS
CF2T28.wav	cal	1	eng	en-us	MESS+F2	f	MESS
HM2T09.wav	hap	1	eng	en-us	MESS+M2	m	MESS
HM3V17.wav	hap	1	eng	en-us	MESS+M3	m	MESS
CF3M27.wav	cal	1	eng	en-us	MESS+F3	f	MESS
AM1T06.wav	ang	-1	eng	en-us	MESS+M1	m	MESS
HM1T03.wav	hap	1	eng	en-us	MESS+M1	m	MESS
HF1M30.wav	hap	1	eng	en-us	MESS+F1	f	MESS
HM2T30.wav	hap	1	eng	en-us	MESS+M2	m	MESS
SM1T01.wav	sad	-1	eng	en-us	MESS+M1	m	MESS
CF2M07.wav	cal	1	eng	en-us	MESS+F2	f	MESS
HM3V08.wav	hap	1	eng	en-us	MESS+M3	m	MESS
HF1V05.wav	hap	1	eng	en-us	MESS+F1	f	MESS
CM2T28.wav	cal	1	eng	en-us	MESS+M2	m	MESS
AF2V14.wav	ang	-1	eng	en-us	MESS+F2	f	MESS
AM1T14.wav	ang	-1	eng	en-us	MESS+M1	m	MESS
CM1T06.wav	cal	1	eng	en-us	MESS+M1	m	MESS
CF2M12.wav	cal	1	eng	en-us	MESS+F2	f	MESS
HM3T08.wav	hap	1	eng	en-us	MESS+M3	m	MESS
SM3M25.wav	sad	-1	eng	en-us	MESS+M3	m	MESS
HM3V13.wav	hap	1	eng	en-us	MESS+M3	m	MESS
HF1T21.wav	hap	1	eng	en-us	MESS+F1	f	MESS
CF3V10.wav	cal	1	eng	en-us	MESS+F3	f	MESS
HM1T28.wav	hap	1	eng	en-us	MESS+M1	m	MESS
CM2T26.wav	cal	1	eng	en-us	MESS+M2	m	MESS
SM1T08.wav	sad	-1	eng	en-us	MESS+M1	m	MESS
SM1V15.wav	sad	-1	eng	en-us	MESS+M1	m	MESS
CF2V22.wav	cal	1	eng	en-us	MESS+F2	f	MESS
SM1T16.wav	sad	-1	eng	en-us	MESS+M1	m	MESS
CM2T18.wav	cal	1	eng	en-us	MESS+M2	m	MESS
HF3T18.wav	hap	1	eng	en-us	MESS+F3	f	MESS
CF1M27.wav	cal	1	eng	en-us	MESS+F1	f	MESS
HM2T04.wav	hap	1	eng	en-us	MESS+M2	m	MESS
CM2T27.wav	cal	1	eng	en-us	MESS+M2	m	MESS
CM2V07.wav	cal	1	eng	en-us	MESS+M2	m	MESS
AM1V11.wav	ang	-1	eng	en-us	MESS+M1	m	MESS
SM1M11.wav	sad	-1	eng	en-us	MESS+M1	m	MESS
HM1T04.wav	hap	1	eng	en-us	MESS+M1	m	MESS
HM2T01.wav	hap	1	eng	en-us	MESS+M2	m	MESS
HF1M15.wav	hap	1	eng	en-us	MESS+F1	f	MESS
CF3T07.wav	cal	1	eng	en-us	MESS+F3	f	MESS
HF3T28.wav	hap	1	eng	en-us	MESS+F3	f	MESS
CM2M06.wav	cal	1	eng	en-us	MESS+M2	m	MESS
CM2T20.wav	cal	1	eng	en-us	MESS+M2	m	MESS
HM2M27.wav	hap	1	eng	en-us	MESS+M2	m	MESS
SM3T11.wav	sad	-1	eng	en-us	MESS+M3	m	MESS
CF3M07.wav	cal	1	eng	en-us	MESS+F3	f	MESS
HM1M07.wav	hap	1	eng	en-us	MESS+M1	m	MESS
HF1V04.wav	hap	1	eng	en-us	MESS+F1	f	MESS
SM3M28.wav	sad	-1	eng	en-us	MESS+M3	m	MESS
HF1V17.wav	hap	1	eng	en-us	MESS+F1	f	MESS
HF1M01.wav	hap	1	eng	en-us	MESS+F1	f	MESS
CF3V14.wav	cal	1	eng	en-us	MESS+F3	f	MESS
HF3T14.wav	hap	1	eng	en-us	MESS+F3	f	MESS
HF3M08.wav	hap	1	eng	en-us	MESS+F3	f	MESS
SM1M03.wav	sad	-1	eng	en-us	MESS+M1	m	MESS
HF1M17.wav	hap	1	eng	en-us	MESS+F1	f	MESS
AF2V17.wav	ang	-1	eng	en-us	MESS+F2	f	MESS
HM3V23.wav	hap	1	eng	en-us	MESS+M3	m	MESS
SM1T12.wav	sad	-1	eng	en-us	MESS+M1	m	MESS
CM1V09.wav	cal	1	eng	en-us	MESS+M1	m	MESS
SM3M07.wav	sad	-1	eng	en-us	MESS+M3	m	MESS
CM2M01.wav	cal	1	eng	en-us	MESS+M2	m	MESS
HM3M06.wav	hap	1	eng	en-us	MESS+M3	m	MESS
AM1T09.wav	ang	-1	eng	en-us	MESS+M1	m	MESS
CF3T03.wav	cal	1	eng	en-us	MESS+F3	f	MESS
CM3T26.wav	cal	1	eng	en-us	MESS+M3	m	MESS
HF3T09.wav	hap	1	eng	en-us	MESS+F3	f	MESS
CF3V03.wav	cal	1	eng	en-us	MESS+F3	f	MESS
HM2M05.wav	hap	1	eng	en-us	MESS+M2	m	MESS
HF3T19.wav	hap	1	eng	en-us	MESS+F3	f	MESS
CF2M22.wav	cal	1	eng	en-us	MESS+F2	f	MESS
CF3M18.wav	cal	1	eng	en-us	MESS+F3	f	MESS
AM1T21.wav	ang	-1	eng	en-us	MESS+M1	m	MESS
HF2V03.wav	hap	1	eng	en-us	MESS+F2	f	MESS
HF3T17.wav	hap	1	eng	en-us	MESS+F3	f	MESS
HF3T08.wav	hap	1	eng	en-us	MESS+F3	f	MESS
HM1T29.wav	hap	1	eng	en-us	MESS+M1	m	MESS
HF2V25.wav	hap	1	eng	en-us	MESS+F2	f	MESS
CF2T04.wav	cal	1	eng	en-us	MESS+F2	f	MESS
HF1M24.wav	hap	1	eng	en-us	MESS+F1	f	MESS
HF1M19.wav	hap	1	eng	en-us	MESS+F1	f	MESS
HF3V11.wav	hap	1	eng	en-us	MESS+F3	f	MESS
SM3M01.wav	sad	-1	eng	en-us	MESS+M3	m	MESS
CF3M01.wav	cal	1	eng	en-us	MESS+F3	f	MESS
HM1T02.wav	hap	1	eng	en-us	MESS+M1	m	MESS
HF1T06.wav	hap	1	eng	en-us	MESS+F1	f	MESS
CM3M13.wav	cal	1	eng	en-us	MESS+M3	m	MESS
CF3V24.wav	cal	1	eng	en-us	MESS+F3	f	MESS
CM1V07.wav	cal	1	eng	en-us	MESS+M1	m	MESS
HF3M22.wav	hap	1	eng	en-us	MESS+F3	f	MESS
HM3T28.wav	hap	1	eng	en-us	MESS+M3	m	MESS
HF3T13.wav	hap	1	eng	en-us	MESS+F3	f	MESS
HM1V18.wav	hap	1	eng	en-us	MESS+M1	m	MESS
CM3T15.wav	cal	1	eng	en-us	MESS+M3	m	MESS
HF3T16.wav	hap	1	eng	en-us	MESS+F3	f	MESS
HM3V03.wav	hap	1	eng	en-us	MESS+M3	m	MESS
CF1V12.wav	cal	1	eng	en-us	MESS+F1	f	MESS
CM3M07.wav	cal	1	eng	en-us	MESS+M3	m	MESS
HM3V01.wav	hap	1	eng	en-us	MESS+M3	m	MESS
CF2T18.wav	cal	1	eng	en-us	MESS+F2	f	MESS
SM3M26.wav	sad	-1	eng	en-us	MESS+M3	m	MESS
CM3M19.wav	cal	1	eng	en-us	MESS+M3	m	MESS
HM1M15.wav	hap	1	eng	en-us	MESS+M1	m	MESS
HF3V04.wav	hap	1	eng	en-us	MESS+F3	f	MESS
HF3V15.wav	hap	1	eng	en-us	MESS+F3	f	MESS
HF1T04.wav	hap	1	eng	en-us	MESS+F1	f	MESS
SM1M19.wav	sad	-1	eng	en-us	MESS+M1	m	MESS
HM3T23.wav	hap	1	eng	en-us	MESS+M3	m	MESS
HF3T01.wav	hap	1	eng	en-us	MESS+F3	f	MESS
CF2M16.wav	cal	1	eng	en-us	MESS+F2	f	MESS
CF3M12.wav	cal	1	eng	en-us	MESS+F3	f	MESS
CM3T12.wav	cal	1	eng	en-us	MESS+M3	m	MESS
HF3V14.wav	hap	1	eng	en-us	MESS+F3	f	MESS
CM1T02.wav	cal	1	eng	en-us	MESS+M1	m	MESS
CF2V12.wav	cal	1	eng	en-us	MESS+F2	f	MESS
CF2V26.wav	cal	1	eng	en-us	MESS+F2	f	MESS
CF2M27.wav	cal	1	eng	en-us	MESS+F2	f	MESS
HM3T06.wav	hap	1	eng	en-us	MESS+M3	m	MESS
HF2T13.wav	hap	1	eng	en-us	MESS+F2	f	MESS
HF1T17.wav	hap	1	eng	en-us	MESS+F1	f	MESS
HF1M09.wav	hap	1	eng	en-us	MESS+F1	f	MESS
HM1M30.wav	hap	1	eng	en-us	MESS+M1	m	MESS
HF3T05.wav	hap	1	eng	en-us	MESS+F3	f	MESS
HF3V01.wav	hap	1	eng	en-us	MESS+F3	f	MESS
HF1T16.wav	hap	1	eng	en-us	MESS+F1	f	MESS
HF1V26.wav	hap	1	eng	en-us	MESS+F1	f	MESS
CF3T11.wav	cal	1	eng	en-us	MESS+F3	f	MESS
HF1T15.wav	hap	1	eng	en-us	MESS+F1	f	MESS
HF2T05.wav	hap	1	eng	en-us	MESS+F2	f	MESS
HF3T30.wav	hap	1	eng	en-us	MESS+F3	f	MESS
HM1T21.wav	hap	1	eng	en-us	MESS+M1	m	MESS
AM1V19.wav	ang	-1	eng	en-us	MESS+M1	m	MESS
HF3V23.wav	hap	1	eng	en-us	MESS+F3	f	MESS
HF3M15.wav	hap	1	eng	en-us	MESS+F3	f	MESS
HF1T13.wav	hap	1	eng	en-us	MESS+F1	f	MESS
HM3T30.wav	hap	1	eng	en-us	MESS+M3	m	MESS
HF3M20.wav	hap	1	eng	en-us	MESS+F3	f	MESS
SM1T20.wav	sad	-1	eng	en-us	MESS+M1	m	MESS
SF1V13.wav	sad	-1	eng	en-us	MESS+F1	f	MESS
HF2V19.wav	hap	1	eng	en-us	MESS+F2	f	MESS
HM1V06.wav	hap	1	eng	en-us	MESS+M1	m	MESS
SM3M03.wav	sad	-1	eng	en-us	MESS+M3	m	MESS
SM3T13.wav	sad	-1	eng	en-us	MESS+M3	m	MESS
HF3V06.wav	hap	1	eng	en-us	MESS+F3	f	MESS
HM3T02.wav	hap	1	eng	en-us	MESS+M3	m	MESS
HF3M18.wav	hap	1	eng	en-us	MESS+F3	f	MESS
HF2V05.wav	hap	1	eng	en-us	MESS+F2	f	MESS
HF3V17.wav	hap	1	eng	en-us	MESS+F3	f	MESS
CM2T21.wav	cal	1	eng	en-us	MESS+M2	m	MESS
HM1V17.wav	hap	1	eng	en-us	MESS+M1	m	MESS
HM3M10.wav	hap	1	eng	en-us	MESS+M3	m	MESS
CF3M30.wav	cal	1	eng	en-us	MESS+F3	f	MESS
HF1V18.wav	hap	1	eng	en-us	MESS+F1	f	MESS
SM3V09.wav	sad	-1	eng	en-us	MESS+M3	m	MESS
SM3T29.wav	sad	-1	eng	en-us	MESS+M3	m	MESS
CM3V02.wav	cal	1	eng	en-us	MESS+M3	m	MESS
SM1M27.wav	sad	-1	eng	en-us	MESS+M1	m	MESS
SM1V26.wav	sad	-1	eng	en-us	MESS+M1	m	MESS
CM2M27.wav	cal	1	eng	en-us	MESS+M2	m	MESS
SM1T28.wav	sad	-1	eng	en-us	MESS+M1	m	MESS
HF2M15.wav	hap	1	eng	en-us	MESS+F2	f	MESS
HM1T14.wav	hap	1	eng	en-us	MESS+M1	m	MESS
SM3M06.wav	sad	-1	eng	en-us	MESS+M3	m	MESS
AF2T04.wav	ang	-1	eng	en-us	MESS+F2	f	MESS
CM1T22.wav	cal	1	eng	en-us	MESS+M1	m	MESS
AM1T02.wav	ang	-1	eng	en-us	MESS+M1	m	MESS
CF2T25.wav	cal	1	eng	en-us	MESS+F2	f	MESS
HM2T11.wav	hap	1	eng	en-us	MESS+M2	m	MESS
CF2T13.wav	cal	1	eng	en-us	MESS+F2	f	MESS
SM3M05.wav	sad	-1	eng	en-us	MESS+M3	m	MESS
CF3T08.wav	cal	1	eng	en-us	MESS+F3	f	MESS
CF2V10.wav	cal	1	eng	en-us	MESS+F2	f	MESS
AM1T25.wav	ang	-1	eng	en-us	MESS+M1	m	MESS
HF3M03.wav	hap	1	eng	en-us	MESS+F3	f	MESS
HF3M07.wav	hap	1	eng	en-us	MESS+F3	f	MESS
HF3M09.wav	hap	1	eng	en-us	MESS+F3	f	MESS
CM2M30.wav	cal	1	eng	en-us	MESS+M2	m	MESS
CF2T24.wav	cal	1	eng	en-us	MESS+F2	f	MESS
SF1V20.wav	sad	-1	eng	en-us	MESS+F1	f	MESS
CF3V15.wav	cal	1	eng	en-us	MESS+F3	f	MESS
HM1T01.wav	hap	1	eng	en-us	MESS+M1	m	MESS
HF1M02.wav	hap	1	eng	en-us	MESS+F1	f	MESS
SM3V13.wav	sad	-1	eng	en-us	MESS+M3	m	MESS
SM3T17.wav	sad	-1	eng	en-us	MESS+M3	m	MESS
CF1V10.wav	cal	1	eng	en-us	MESS+F1	f	MESS
HF1T25.wav	hap	1	eng	en-us	MESS+F1	f	MESS
CM1M01.wav	cal	1	eng	en-us	MESS+M1	m	MESS
HM3V02.wav	hap	1	eng	en-us	MESS+M3	m	MESS
AM1V05.wav	ang	-1	eng	en-us	MESS+M1	m	MESS
HF2T09.wav	hap	1	eng	en-us	MESS+F2	f	MESS
HF3T29.wav	hap	1	eng	en-us	MESS+F3	f	MESS
AF2V27.wav	ang	-1	eng	en-us	MESS+F2	f	MESS
HF3V25.wav	hap	1	eng	en-us	MESS+F3	f	MESS
HM3T26.wav	hap	1	eng	en-us	MESS+M3	m	MESS
CF2V24.wav	cal	1	eng	en-us	MESS+F2	f	MESS
CF2T26.wav	cal	1	eng	en-us	MESS+F2	f	MESS
CF2M20.wav	cal	1	eng	en-us	MESS+F2	f	MESS
CF2V25.wav	cal	1	eng	en-us	MESS+F2	f	MESS
HM1V24.wav	hap	1	eng	en-us	MESS+M1	m	MESS
AM1T12.wav	ang	-1	eng	en-us	MESS+M1	m	MESS
HM3V22.wav	hap	1	eng	en-us	MESS+M3	m	MESS
HF3M19.wav	hap	1	eng	en-us	MESS+F3	f	MESS
HF1T02.wav	hap	1	eng	en-us	MESS+F1	f	MESS
HM1V28.wav	hap	1	eng	en-us	MESS+M1	m	MESS
CF3T25.wav	cal	1	eng	en-us	MESS+F3	f	MESS
SM3M13.wav	sad	-1	eng	en-us	MESS+M3	m	MESS
HM1V23.wav	hap	1	eng	en-us	MESS+M1	m	MESS
HM1T09.wav	hap	1	eng	en-us	MESS+M1	m	MESS
CF3T17.wav	cal	1	eng	en-us	MESS+F3	f	MESS
HF2T08.wav	hap	1	eng	en-us	MESS+F2	f	MESS
HF3V27.wav	hap	1	eng	en-us	MESS+F3	f	MESS
HF1T23.wav	hap	1	eng	en-us	MESS+F1	f	MESS
HM3T19.wav	hap	1	eng	en-us	MESS+M3	m	MESS
CF2T10.wav	cal	1	eng	en-us	MESS+F2	f	MESS
HM1M28.wav	hap	1	eng	en-us	MESS+M1	m	MESS
CM3V15.wav	cal	1	eng	en-us	MESS+M3	m	MESS
CM3V19.wav	cal	1	eng	en-us	MESS+M3	m	MESS
HF1M16.wav	hap	1	eng	en-us	MESS+F1	f	MESS
HM3V12.wav	hap	1	eng	en-us	MESS+M3	m	MESS
CF3T24.wav	cal	1	eng	en-us	MESS+F3	f	MESS
HF3T11.wav	hap	1	eng	en-us	MESS+F3	f	MESS
HF3M24.wav	hap	1	eng	en-us	MESS+F3	f	MESS
HF3M26.wav	hap	1	eng	en-us	MESS+F3	f	MESS
HM3V20.wav	hap	1	eng	en-us	MESS+M3	m	MESS
HF1M23.wav	hap	1	eng	en-us	MESS+F1	f	MESS
HF3M10.wav	hap	1	eng	en-us	MESS+F3	f	MESS
SM1T11.wav	sad	-1	eng	en-us	MESS+M1	m	MESS
HF3M17.wav	hap	1	eng	en-us	MESS+F3	f	MESS
HF2V18.wav	hap	1	eng	en-us	MESS+F2	f	MESS
CF2V08.wav	cal	1	eng	en-us	MESS+F2	f	MESS
HM1T11.wav	hap	1	eng	en-us	MESS+M1	m	MESS
CF3V20.wav	cal	1	eng	en-us	MESS+F3	f	MESS
HF2V04.wav	hap	1	eng	en-us	MESS+F2	f	MESS
HM3T05.wav	hap	1	eng	en-us	MESS+M3	m	MESS
CF2M25.wav	cal	1	eng	en-us	MESS+F2	f	MESS
HF2M22.wav	hap	1	eng	en-us	MESS+F2	f	MESS
HF2V17.wav	hap	1	eng	en-us	MESS+F2	f	MESS
AF2V07.wav	ang	-1	eng	en-us	MESS+F2	f	MESS
HM3V09.wav	hap	1	eng	en-us	MESS+M3	m	MESS
CM2T09.wav	cal	1	eng	en-us	MESS+M2	m	MESS
HM3M01.wav	hap	1	eng	en-us	MESS+M3	m	MESS
CM3T23.wav	cal	1	eng	en-us	MESS+M3	m	MESS
CF3T30.wav	cal	1	eng	en-us	MESS+F3	f	MESS
HF1T30.wav	hap	1	eng	en-us	MESS+F1	f	MESS
HM3V05.wav	hap	1	eng	en-us	MESS+M3	m	MESS
HF1T29.wav	hap	1	eng	en-us	MESS+F1	f	MESS
HF1T20.wav	hap	1	eng	en-us	MESS+F1	f	MESS
HM1M19.wav	hap	1	eng	en-us	MESS+M1	m	MESS
SM3M10.wav	sad	-1	eng	en-us	MESS+M3	m	MESS
HM1T19.wav	hap	1	eng	en-us	MESS+M1	m	MESS
HM1V02.wav	hap	1	eng	en-us	MESS+M1	m	MESS
CF2T11.wav	cal	1	eng	en-us	MESS+F2	f	MESS
HF2V08.wav	hap	1	eng	en-us	MESS+F2	f	MESS
HF2T02.wav	hap	1	eng	en-us	MESS+F2	f	MESS
CF3M04.wav	cal	1	eng	en-us	MESS+F3	f	MESS
HF3V28.wav	hap	1	eng	en-us	MESS+F3	f	MESS
HF1M27.wav	hap	1	eng	en-us	MESS+F1	f	MESS
HM2V23.wav	hap	1	eng	en-us	MESS+M2	m	MESS
CM1M16.wav	cal	1	eng	en-us	MESS+M1	m	MESS
CM2M28.wav	cal	1	eng	en-us	MESS+M2	m	MESS
HM1M03.wav	hap	1	eng	en-us	MESS+M1	m	MESS
HF1T07.wav	hap	1	eng	en-us	MESS+F1	f	MESS
SM3V19.wav	sad	-1	eng	en-us	MESS+M3	m	MESS
CF1V25.wav	cal	1	eng	en-us	MESS+F1	f	MESS
SM3M18.wav	sad	-1	eng	en-us	MESS+M3	m	MESS
SM3M17.wav	sad	-1	eng	en-us	MESS+M3	m	MESS
HM3M17.wav	hap	1	eng	en-us	MESS+M3	m	MESS
HM3V19.wav	hap	1	eng	en-us	MESS+M3	m	MESS
HF3V29.wav	hap	1	eng	en-us	MESS+F3	f	MESS
HM3M03.wav	hap	1	eng	en-us	MESS+M3	m	MESS
CF2T05.wav	cal	1	eng	en-us	MESS+F2	f	MESS
HM3V16.wav	hap	1	eng	en-us	MESS+M3	m	MESS
SM3V27.wav	sad	-1	eng	en-us	MESS+M3	m	MESS
HF3V18.wav	hap	1	eng	en-us	MESS+F3	f	MESS
CF2V14.wav	cal	1	eng	en-us	MESS+F2	f	MESS
CF3T20.wav	cal	1	eng	en-us	MESS+F3	f	MESS
HF1V07.wav	hap	1	eng	en-us	MESS+F1	f	MESS
HF1V24.wav	hap	1	eng	en-us	MESS+F1	f	MESS
HM3V28.wav	hap	1	eng	en-us	MESS+M3	m	MESS
HF1V25.wav	hap	1	eng	en-us	MESS+F1	f	MESS
HF1V27.wav	hap	1	eng	en-us	MESS+F1	f	MESS
CF2M18.wav	cal	1	eng	en-us	MESS+F2	f	MESS
CF3V04.wav	cal	1	eng	en-us	MESS+F3	f	MESS
HF3T22.wav	hap	1	eng	en-us	MESS+F3	f	MESS
HF2V24.wav	hap	1	eng	en-us	MESS+F2	f	MESS
HF2T28.wav	hap	1	eng	en-us	MESS+F2	f	MESS
HF2V16.wav	hap	1	eng	en-us	MESS+F2	f	MESS
HF1M28.wav	hap	1	eng	en-us	MESS+F1	f	MESS
HF2M25.wav	hap	1	eng	en-us	MESS+F2	f	MESS
HM3V25.wav	hap	1	eng	en-us	MESS+M3	m	MESS
HM3T25.wav	hap	1	eng	en-us	MESS+M3	m	MESS
HM3M19.wav	hap	1	eng	en-us	MESS+M3	m	MESS
HM3V11.wav	hap	1	eng	en-us	MESS+M3	m	MESS
CF2T12.wav	cal	1	eng	en-us	MESS+F2	f	MESS
CF2V27.wav	cal	1	eng	en-us	MESS+F2	f	MESS
HF3T25.wav	hap	1	eng	en-us	MESS+F3	f	MESS
CM2M19.wav	cal	1	eng	en-us	MESS+M2	m	MESS
HM1V16.wav	hap	1	eng	en-us	MESS+M1	m	MESS
HM1M13.wav	hap	1	eng	en-us	MESS+M1	m	MESS
HM3M07.wav	hap	1	eng	en-us	MESS+M3	m	MESS
HM3M13.wav	hap	1	eng	en-us	MESS+M3	m	MESS
CF2M03.wav	cal	1	eng	en-us	MESS+F2	f	MESS
SM3T25.wav	sad	-1	eng	en-us	MESS+M3	m	MESS
HM1M24.wav	hap	1	eng	en-us	MESS+M1	m	MESS
CM2V04.wav	cal	1	eng	en-us	MESS+M2	m	MESS
HM3M16.wav	hap	1	eng	en-us	MESS+M3	m	MESS
CF2T27.wav	cal	1	eng	en-us	MESS+F2	f	MESS
HM3M09.wav	hap	1	eng	en-us	MESS+M3	m	MESS
HM3T04.wav	hap	1	eng	en-us	MESS+M3	m	MESS
CM1V22.wav	cal	1	eng	en-us	MESS+M1	m	MESS
HM3T22.wav	hap	1	eng	en-us	MESS+M3	m	MESS
HM3M20.wav	hap	1	eng	en-us	MESS+M3	m	MESS
HM1V01.wav	hap	1	eng	en-us	MESS+M1	m	MESS
CM2M05.wav	cal	1	eng	en-us	MESS+M2	m	MESS
HF2V12.wav	hap	1	eng	en-us	MESS+F2	f	MESS
HM3M26.wav	hap	1	eng	en-us	MESS+M3	m	MESS
HM2V01.wav	hap	1	eng	en-us	MESS+M2	m	MESS
HM3T17.wav	hap	1	eng	en-us	MESS+M3	m	MESS
HF1M11.wav	hap	1	eng	en-us	MESS+F1	f	MESS
CF2V16.wav	cal	1	eng	en-us	MESS+F2	f	MESS
HM1M02.wav	hap	1	eng	en-us	MESS+M1	m	MESS
SM3T04.wav	sad	-1	eng	en-us	MESS+M3	m	MESS
AF2V16.wav	ang	-1	eng	en-us	MESS+F2	f	MESS
HF2V26.wav	hap	1	eng	en-us	MESS+F2	f	MESS
HF2V02.wav	hap	1	eng	en-us	MESS+F2	f	MESS
CF2T03.wav	cal	1	eng	en-us	MESS+F2	f	MESS
HM3T15.wav	hap	1	eng	en-us	MESS+M3	m	MESS
SM3T12.wav	sad	-1	eng	en-us	MESS+M3	m	MESS
HF1M29.wav	hap	1	eng	en-us	MESS+F1	f	MESS
CF3M09.wav	cal	1	eng	en-us	MESS+F3	f	MESS
CM2M16.wav	cal	1	eng	en-us	MESS+M2	m	MESS
HM1T15.wav	hap	1	eng	en-us	MESS+M1	m	MESS
HF1V21.wav	hap	1	eng	en-us	MESS+F1	f	MESS
HM3T09.wav	hap	1	eng	en-us	MESS+M3	m	MESS
HF3V21.wav	hap	1	eng	en-us	MESS+F3	f	MESS
HF3T04.wav	hap	1	eng	en-us	MESS+F3	f	MESS
HF2T15.wav	hap	1	eng	en-us	MESS+F2	f	MESS
CM3T05.wav	cal	1	eng	en-us	MESS+M3	m	MESS
HF2M20.wav	hap	1	eng	en-us	MESS+F2	f	MESS
HF3V12.wav	hap	1	eng	en-us	MESS+F3	f	MESS
HF2V01.wav	hap	1	eng	en-us	MESS+F2	f	MESS
HM3T18.wav	hap	1	eng	en-us	MESS+M3	m	MESS
HF2V29.wav	hap	1	eng	en-us	MESS+F2	f	MESS
HF2M23.wav	hap	1	eng	en-us	MESS+F2	f	MESS
HF1T05.wav	hap	1	eng	en-us	MESS+F1	f	MESS
HM3M27.wav	hap	1	eng	en-us	MESS+M3	m	MESS
HM1V14.wav	hap	1	eng	en-us	MESS+M1	m	MESS
HF2M07.wav	hap	1	eng	en-us	MESS+F2	f	MESS
HM3M04.wav	hap	1	eng	en-us	MESS+M3	m	MESS
HF2T12.wav	hap	1	eng	en-us	MESS+F2	f	MESS
HF2T06.wav	hap	1	eng	en-us	MESS+F2	f	MESS
HM1V29.wav	hap	1	eng	en-us	MESS+M1	m	MESS
HF2T11.wav	hap	1	eng	en-us	MESS+F2	f	MESS
HF1M04.wav	hap	1	eng	en-us	MESS+F1	f	MESS
CF2T16.wav	cal	1	eng	en-us	MESS+F2	f	MESS
CF2T08.wav	cal	1	eng	en-us	MESS+F2	f	MESS
CF3M28.wav	cal	1	eng	en-us	MESS+F3	f	MESS
HF2M21.wav	hap	1	eng	en-us	MESS+F2	f	MESS
HF3V20.wav	hap	1	eng	en-us	MESS+F3	f	MESS
HF2T18.wav	hap	1	eng	en-us	MESS+F2	f	MESS
AF2T17.wav	ang	-1	eng	en-us	MESS+F2	f	MESS
HF2T04.wav	hap	1	eng	en-us	MESS+F2	f	MESS
HF3V26.wav	hap	1	eng	en-us	MESS+F3	f	MESS
HM1V10.wav	hap	1	eng	en-us	MESS+M1	m	MESS
HM3T27.wav	hap	1	eng	en-us	MESS+M3	m	MESS
HF3V30.wav	hap	1	eng	en-us	MESS+F3	f	MESS
HM3V07.wav	hap	1	eng	en-us	MESS+M3	m	MESS
HF2V06.wav	hap	1	eng	en-us	MESS+F2	f	MESS
HM3M24.wav	hap	1	eng	en-us	MESS+M3	m	MESS
HF2V15.wav	hap	1	eng	en-us	MESS+F2	f	MESS
HF2T24.wav	hap	1	eng	en-us	MESS+F2	f	MESS
HM3V24.wav	hap	1	eng	en-us	MESS+M3	m	MESS
HF2V10.wav	hap	1	eng	en-us	MESS+F2	f	MESS
HF1V09.wav	hap	1	eng	en-us	MESS+F1	f	MESS
HF2M19.wav	hap	1	eng	en-us	MESS+F2	f	MESS
HF3T21.wav	hap	1	eng	en-us	MESS+F3	f	MESS
HF3T06.wav	hap	1	eng	en-us	MESS+F3	f	MESS
HF2M28.wav	hap	1	eng	en-us	MESS+F2	f	MESS
HF2T20.wav	hap	1	eng	en-us	MESS+F2	f	MESS
HF2M16.wav	hap	1	eng	en-us	MESS+F2	f	MESS
HM3T21.wav	hap	1	eng	en-us	MESS+M3	m	MESS
HF2T27.wav	hap	1	eng	en-us	MESS+F2	f	MESS
HM1T30.wav	hap	1	eng	en-us	MESS+M1	m	MESS
HM3T13.wav	hap	1	eng	en-us	MESS+M3	m	MESS
HF1M22.wav	hap	1	eng	en-us	MESS+F1	f	MESS
HF2V23.wav	hap	1	eng	en-us	MESS+F2	f	MESS
HM3M15.wav	hap	1	eng	en-us	MESS+M3	m	MESS
HF2M11.wav	hap	1	eng	en-us	MESS+F2	f	MESS
CF2V29.wav	cal	1	eng	en-us	MESS+F2	f	MESS
HF1T26.wav	hap	1	eng	en-us	MESS+F1	f	MESS
SM3V01.wav	sad	-1	eng	en-us	MESS+M3	m	MESS
HM1T12.wav	hap	1	eng	en-us	MESS+M1	m	MESS
SF1M28.wav	sad	-1	eng	en-us	MESS+F1	f	MESS
HF2T22.wav	hap	1	eng	en-us	MESS+F2	f	MESS
CF2M28.wav	cal	1	eng	en-us	MESS+F2	f	MESS
CF2T17.wav	cal	1	eng	en-us	MESS+F2	f	MESS
HF2M30.wav	hap	1	eng	en-us	MESS+F2	f	MESS
HF2M04.wav	hap	1	eng	en-us	MESS+F2	f	MESS
HF2M02.wav	hap	1	eng	en-us	MESS+F2	f	MESS
HF2V22.wav	hap	1	eng	en-us	MESS+F2	f	MESS
CF3V07.wav	cal	1	eng	en-us	MESS+F3	f	MESS
HM3T10.wav	hap	1	eng	en-us	MESS+M3	m	MESS
HF2M27.wav	hap	1	eng	en-us	MESS+F2	f	MESS
CF2T22.wav	cal	1	eng	en-us	MESS+F2	f	MESS
HF2V30.wav	hap	1	eng	en-us	MESS+F2	f	MESS
HF2M26.wav	hap	1	eng	en-us	MESS+F2	f	MESS
CF2V06.wav	cal	1	eng	en-us	MESS+F2	f	MESS
CM2M20.wav	cal	1	eng	en-us	MESS+M2	m	MESS
HF2M29.wav	hap	1	eng	en-us	MESS+F2	f	MESS
CF2T20.wav	cal	1	eng	en-us	MESS+F2	f	MESS
HF2T21.wav	hap	1	eng	en-us	MESS+F2	f	MESS
HF2V13.wav	hap	1	eng	en-us	MESS+F2	f	MESS
HM1T08.wav	hap	1	eng	en-us	MESS+M1	m	MESS
HF2T03.wav	hap	1	eng	en-us	MESS+F2	f	MESS
HF2M06.wav	hap	1	eng	en-us	MESS+F2	f	MESS
HF2M05.wav	hap	1	eng	en-us	MESS+F2	f	MESS
HF2M08.wav	hap	1	eng	en-us	MESS+F2	f	MESS
HF2V09.wav	hap	1	eng	en-us	MESS+F2	f	MESS
HM3V04.wav	hap	1	eng	en-us	MESS+M3	m	MESS
CF2V07.wav	cal	1	eng	en-us	MESS+F2	f	MESS
HF2T30.wav	hap	1	eng	en-us	MESS+F2	f	MESS
CF2T21.wav	cal	1	eng	en-us	MESS+F2	f	MESS
HF2T07.wav	hap	1	eng	en-us	MESS+F2	f	MESS
HF2M24.wav	hap	1	eng	en-us	MESS+F2	f	MESS
CF2T19.wav	cal	1	eng	en-us	MESS+F2	f	MESS
HF2T17.wav	hap	1	eng	en-us	MESS+F2	f	MESS
SM3M27.wav	sad	-1	eng	en-us	MESS+M3	m	MESS
HF2M10.wav	hap	1	eng	en-us	MESS+F2	f	MESS
HF2V27.wav	hap	1	eng	en-us	MESS+F2	f	MESS
HM1T23.wav	hap	1	eng	en-us	MESS+M1	m	MESS
HF2T16.wav	hap	1	eng	en-us	MESS+F2	f	MESS
HF2M13.wav	hap	1	eng	en-us	MESS+F2	f	MESS
HM1T07.wav	hap	1	eng	en-us	MESS+M1	m	MESS
CM1M28.wav	cal	0	eng	en-us	MESS+M1	m	MESS
CM1M27.wav	cal	0	eng	en-us	MESS+M1	m	MESS
CM1M12.wav	cal	0	eng	en-us	MESS+M1	m	MESS
CF1M06.wav	cal	0	eng	en-us	MESS+F1	f	MESS
CF1V21.wav	cal	0	eng	en-us	MESS+F1	f	MESS
CM3V12.wav	cal	0	eng	en-us	MESS+M3	m	MESS
CF1V09.wav	cal	0	eng	en-us	MESS+F1	f	MESS
CM1T19.wav	cal	0	eng	en-us	MESS+M1	m	MESS
CM1V18.wav	cal	0	eng	en-us	MESS+M1	m	MESS
CF1T16.wav	cal	0	eng	en-us	MESS+F1	f	MESS
CF1T14.wav	cal	0	eng	en-us	MESS+F1	f	MESS
CM1V28.wav	cal	0	eng	en-us	MESS+M1	m	MESS
CF1T25.wav	cal	0	eng	en-us	MESS+F1	f	MESS
CM1V24.wav	cal	0	eng	en-us	MESS+M1	m	MESS
CM3V04.wav	cal	0	eng	en-us	MESS+M3	m	MESS
CM3V26.wav	cal	0	eng	en-us	MESS+M3	m	MESS
CF1M17.wav	cal	0	eng	en-us	MESS+F1	f	MESS
CM1V30.wav	cal	0	eng	en-us	MESS+M1	m	MESS
CF1V26.wav	cal	0	eng	en-us	MESS+F1	f	MESS
CM3V11.wav	cal	0	eng	en-us	MESS+M3	m	MESS
CM1M13.wav	cal	0	eng	en-us	MESS+M1	m	MESS
CF1T06.wav	cal	0	eng	en-us	MESS+F1	f	MESS
CM3T13.wav	cal	0	eng	en-us	MESS+M3	m	MESS
CM1V06.wav	cal	0	eng	en-us	MESS+M1	m	MESS
CF1M25.wav	cal	0	eng	en-us	MESS+F1	f	MESS
CF1M07.wav	cal	0	eng	en-us	MESS+F1	f	MESS
CM1T24.wav	cal	0	eng	en-us	MESS+M1	m	MESS
CF1V17.wav	cal	0	eng	en-us	MESS+F1	f	MESS
CM3T10.wav	cal	0	eng	en-us	MESS+M3	m	MESS
CM1T13.wav	cal	0	eng	en-us	MESS+M1	m	MESS
CM3T16.wav	cal	0	eng	en-us	MESS+M3	m	MESS
CF1T24.wav	cal	0	eng	en-us	MESS+F1	f	MESS
CF1V16.wav	cal	0	eng	en-us	MESS+F1	f	MESS
CM3T07.wav	cal	0	eng	en-us	MESS+M3	m	MESS
CM1T05.wav	cal	0	eng	en-us	MESS+M1	m	MESS
CF1M15.wav	cal	0	eng	en-us	MESS+F1	f	MESS
CF1V19.wav	cal	0	eng	en-us	MESS+F1	f	MESS
CF1T12.wav	cal	0	eng	en-us	MESS+F1	f	MESS
CM3V08.wav	cal	0	eng	en-us	MESS+M3	m	MESS
CF1T09.wav	cal	0	eng	en-us	MESS+F1	f	MESS
CM1M24.wav	cal	0	eng	en-us	MESS+M1	m	MESS
CM3M14.wav	cal	0	eng	en-us	MESS+M3	m	MESS
CF1V07.wav	cal	0	eng	en-us	MESS+F1	f	MESS
CM1M04.wav	cal	0	eng	en-us	MESS+M1	m	MESS
CM1M05.wav	cal	0	eng	en-us	MESS+M1	m	MESS
CM1V05.wav	cal	0	eng	en-us	MESS+M1	m	MESS
CM1V12.wav	cal	0	eng	en-us	MESS+M1	m	MESS
CM1M09.wav	cal	0	eng	en-us	MESS+M1	m	MESS
CM1T30.wav	cal	0	eng	en-us	MESS+M1	m	MESS
CM1V04.wav	cal	0	eng	en-us	MESS+M1	m	MESS
CM1T25.wav	cal	0	eng	en-us	MESS+M1	m	MESS
CF1V01.wav	cal	0	eng	en-us	MESS+F1	f	MESS
CF1T17.wav	cal	0	eng	en-us	MESS+F1	f	MESS
CM1M03.wav	cal	0	eng	en-us	MESS+M1	m	MESS
CM1T08.wav	cal	0	eng	en-us	MESS+M1	m	MESS
CF1M26.wav	cal	0	eng	en-us	MESS+F1	f	MESS
CM3V21.wav	cal	0	eng	en-us	MESS+M3	m	MESS
CM1M21.wav	cal	0	eng	en-us	MESS+M1	m	MESS
CM1V10.wav	cal	0	eng	en-us	MESS+M1	m	MESS
CM1V20.wav	cal	0	eng	en-us	MESS+M1	m	MESS
CM1T29.wav	cal	0	eng	en-us	MESS+M1	m	MESS
CM1T01.wav	cal	0	eng	en-us	MESS+M1	m	MESS
CM1T04.wav	cal	0	eng	en-us	MESS+M1	m	MESS
CF1V11.wav	cal	0	eng	en-us	MESS+F1	f	MESS
CM3T01.wav	cal	0	eng	en-us	MESS+M3	m	MESS
CM1M06.wav	cal	0	eng	en-us	MESS+M1	m	MESS
CM1M15.wav	cal	0	eng	en-us	MESS+M1	m	MESS
CM3M26.wav	cal	0	eng	en-us	MESS+M3	m	MESS
CM3V07.wav	cal	0	eng	en-us	MESS+M3	m	MESS
CF1T08.wav	cal	0	eng	en-us	MESS+F1	f	MESS
CM3M16.wav	cal	0	eng	en-us	MESS+M3	m	MESS
CF1V20.wav	cal	0	eng	en-us	MESS+F1	f	MESS
CM1T18.wav	cal	0	eng	en-us	MESS+M1	m	MESS
CF1M21.wav	cal	0	eng	en-us	MESS+F1	f	MESS
CM1M29.wav	cal	0	eng	en-us	MESS+M1	m	MESS
CF1T15.wav	cal	0	eng	en-us	MESS+F1	f	MESS
CM1T03.wav	cal	0	eng	en-us	MESS+M1	m	MESS
CF1T22.wav	cal	0	eng	en-us	MESS+F1	f	MESS
CM3V06.wav	cal	0	eng	en-us	MESS+M3	m	MESS
CM1M07.wav	cal	0	eng	en-us	MESS+M1	m	MESS
CF1T11.wav	cal	0	eng	en-us	MESS+F1	f	MESS
CM1M11.wav	cal	0	eng	en-us	MESS+M1	m	MESS
CF1T20.wav	cal	0	eng	en-us	MESS+F1	f	MESS
CF1M10.wav	cal	0	eng	en-us	MESS+F1	f	MESS
CF1M04.wav	cal	0	eng	en-us	MESS+F1	f	MESS
CM3V23.wav	cal	0	eng	en-us	MESS+M3	m	MESS
CM1V02.wav	cal	0	eng	en-us	MESS+M1	m	MESS
CM1V01.wav	cal	0	eng	en-us	MESS+M1	m	MESS
CM1V08.wav	cal	0	eng	en-us	MESS+M1	m	MESS
CM3V10.wav	cal	0	eng	en-us	MESS+M3	m	MESS
CF1V18.wav	cal	0	eng	en-us	MESS+F1	f	MESS
