Data/train/80'sTOYS118_2.mp4	unk	1	eng	en	EmoReact_V_1.0+train4	m	EmoReact_V_1.0
Data/train/80'sTOYS129_2.mp4	hap	1	eng	en	EmoReact_V_1.0+train8	f	EmoReact_V_1.0
Data/train/80'sTOYS134_2.mp4	unk	1	eng	en	EmoReact_V_1.0+train3	m	EmoReact_V_1.0
Data/train/80'sTOYS24_2.mp4	unk	1	eng	en	EmoReact_V_1.0+train2	f	EmoReact_V_1.0
Data/train/80'sTOYS2_2.mp4	unk	1	eng	en	EmoReact_V_1.0+train1	m	EmoReact_V_1.0
Data/train/80'sTOYS30_2.mp4	unk	-1	eng	en	EmoReact_V_1.0+train1	m	EmoReact_V_1.0
Data/train/80'sTOYS36_2.mp4	cur	1	eng	en	EmoReact_V_1.0+train3	m	EmoReact_V_1.0
Data/train/80'sTOYS96_2.mp4	unc	-1	eng	en	EmoReact_V_1.0+train1	m	EmoReact_V_1.0
Data/train/ANNOYING_ORANGE105_2.mp4	unk	1	eng	en	EmoReact_V_1.0+train5	f	EmoReact_V_1.0
Data/train/ANNOYING_ORANGE119_2.mp4	hap	1	eng	en	EmoReact_V_1.0+train7	m	EmoReact_V_1.0
Data/train/ANNOYING_ORANGE11_2.mp4	unk	-1	eng	en	EmoReact_V_1.0+train7	m	EmoReact_V_1.0
Data/train/ANNOYING_ORANGE123_2.mp4	unk	1	eng	en	EmoReact_V_1.0+train5	f	EmoReact_V_1.0
Data/train/ANNOYING_ORANGE155_2.mp4	hap	1	eng	en	EmoReact_V_1.0+train5	f	EmoReact_V_1.0
Data/train/ANNOYING_ORANGE157_2.mp4	unk	1	eng	en	EmoReact_V_1.0+train5	f	EmoReact_V_1.0
Data/train/ANNOYING_ORANGE159_2.mp4	unk	1	eng	en	EmoReact_V_1.0+train5	f	EmoReact_V_1.0
Data/train/ANNOYING_ORANGE162_2.mp4	unk	-1	eng	en	EmoReact_V_1.0+train6	f	EmoReact_V_1.0
Data/train/ANNOYING_ORANGE166_2.mp4	unk	1	eng	en	EmoReact_V_1.0+train5	f	EmoReact_V_1.0
Data/train/ANNOYING_ORANGE169_2.mp4	unk	1	eng	en	EmoReact_V_1.0+train5	f	EmoReact_V_1.0
Data/train/ANNOYING_ORANGE175_2.mp4	hap	1	eng	en	EmoReact_V_1.0+train5	f	EmoReact_V_1.0
Data/train/ANNOYING_ORANGE30_2.mp4	unk	-1	eng	en	EmoReact_V_1.0+train7	m	EmoReact_V_1.0
Data/train/ANNOYING_ORANGE39_2.mp4	hap	1	eng	en	EmoReact_V_1.0+train5	f	EmoReact_V_1.0
Data/train/ANNOYING_ORANGE72_2.mp4	unk	1	eng	en	EmoReact_V_1.0+train5	f	EmoReact_V_1.0
Data/train/ANNOYING_ORANGE93_2.mp4	unk	1	eng	en	EmoReact_V_1.0+train5	f	EmoReact_V_1.0
Data/train/APPLEWATCH16_2.mp4	unk	1	eng	en	EmoReact_V_1.0+train8	f	EmoReact_V_1.0
Data/train/APPLEWATCH18_2.mp4	cur	1	eng	en	EmoReact_V_1.0+train8	f	EmoReact_V_1.0
Data/train/APPLEWATCH19_2.mp4	unk	-1	eng	en	EmoReact_V_1.0+train9	m	EmoReact_V_1.0
Data/train/APPLEWATCH2_2.mp4	unk	1	eng	en	EmoReact_V_1.0+train3	m	EmoReact_V_1.0
Data/train/APPLEWATCH31_2.mp4	unk	1	eng	en	EmoReact_V_1.0+train3	m	EmoReact_V_1.0
Data/train/APPLEWATCH4_2.mp4	unk	1	eng	en	EmoReact_V_1.0+train3	m	EmoReact_V_1.0
Data/train/BRUSSELSSPROUTS11_2.mp4	unk	1	eng	en	EmoReact_V_1.0+train5	f	EmoReact_V_1.0
Data/train/BRUSSELSSPROUTS16_2.mp4	unk	1	eng	en	EmoReact_V_1.0+train5	f	EmoReact_V_1.0
Data/train/BRUSSELSSPROUTS26_2.mp4	unk	1	eng	en	EmoReact_V_1.0+train3	m	EmoReact_V_1.0
Data/train/BRUSSELSSPROUTS53_2.mp4	unk	1	eng	en	EmoReact_V_1.0+train3	m	EmoReact_V_1.0
Data/train/BRUSSELSSPROUTS75_2.mp4	unk	1	eng	en	EmoReact_V_1.0+train5	f	EmoReact_V_1.0
Data/train/BULLYING101_2.mp4	hap	1	eng	en	EmoReact_V_1.0+train11	m	EmoReact_V_1.0
Data/train/BULLYING109_2.mp4	unk	-1	eng	en	EmoReact_V_1.0+train12	m	EmoReact_V_1.0
Data/train/BULLYING116_2.mp4	unk	1	eng	en	EmoReact_V_1.0+train7	m	EmoReact_V_1.0
Data/train/BULLYING131_2.mp4	unk	-1	eng	en	EmoReact_V_1.0+train14	f	EmoReact_V_1.0
Data/train/BULLYING133_2.mp4	unc	-1	eng	en	EmoReact_V_1.0+train12	m	EmoReact_V_1.0
Data/train/BULLYING146_2.mp4	dis	-1	eng	en	EmoReact_V_1.0+train5	f	EmoReact_V_1.0
Data/train/BULLYING16_2.mp4	unk	-1	eng	en	EmoReact_V_1.0+train5	f	EmoReact_V_1.0
Data/train/BULLYING24_2.mp4	unk	1	eng	en	EmoReact_V_1.0+train11	m	EmoReact_V_1.0
Data/train/BULLYING26_2.mp4	dis	-1	eng	en	EmoReact_V_1.0+train6	f	EmoReact_V_1.0
Data/train/BULLYING47_2.mp4	dis	-1	eng	en	EmoReact_V_1.0+train11	m	EmoReact_V_1.0
Data/train/BULLYING79_2.mp4	unk	-1	eng	en	EmoReact_V_1.0+train6	f	EmoReact_V_1.0
Data/train/CAN_YOUR_PET23_2.mp4	unk	1	eng	en	EmoReact_V_1.0+train3	m	EmoReact_V_1.0
Data/train/CAN_YOUR_PET26_2.mp4	unk	1	eng	en	EmoReact_V_1.0+train4	m	EmoReact_V_1.0
Data/train/CAN_YOUR_PET27_2.mp4	unk	1	eng	en	EmoReact_V_1.0+train3	m	EmoReact_V_1.0
Data/train/CAN_YOUR_PET37_2.mp4	unk	1	eng	en	EmoReact_V_1.0+train14	f	EmoReact_V_1.0
Data/train/CAN_YOUR_PET46_2.mp4	unk	-1	eng	en	EmoReact_V_1.0+train3	m	EmoReact_V_1.0
Data/train/CAN_YOUR_PET51_2.mp4	unk	1	eng	en	EmoReact_V_1.0+train3	m	EmoReact_V_1.0
Data/train/CAN_YOUR_PET62_2.mp4	unk	-1	eng	en	EmoReact_V_1.0+train3	m	EmoReact_V_1.0
Data/train/CAN_YOUR_PET72_2.mp4	unk	1	eng	en	EmoReact_V_1.0+train3	m	EmoReact_V_1.0
Data/train/CAN_YOUR_PET78_2.mp4	unk	-1	eng	en	EmoReact_V_1.0+train4	m	EmoReact_V_1.0
Data/train/CAN_YOUR_PET80_2.mp4	unk	-1	eng	en	EmoReact_V_1.0+train3	m	EmoReact_V_1.0
Data/train/CAN_YOUR_PET88_2.mp4	unk	-1	eng	en	EmoReact_V_1.0+train14	f	EmoReact_V_1.0
Data/train/CAN_YOUR_PET92_2.mp4	unk	-1	eng	en	EmoReact_V_1.0+train3	m	EmoReact_V_1.0
Data/train/CAN_YOUR_PET96_2.mp4	unk	-1	eng	en	EmoReact_V_1.0+train14	f	EmoReact_V_1.0
Data/train/CAVIAR11_2.mp4	dis	-1	eng	en	EmoReact_V_1.0+train8	f	EmoReact_V_1.0
Data/train/CAVIAR75_2.mp4	unk	1	eng	en	EmoReact_V_1.0+train5	f	EmoReact_V_1.0
Data/train/CAVIAR84_2.mp4	dis	-1	eng	en	EmoReact_V_1.0+train8	f	EmoReact_V_1.0
Data/train/COWTONGUE102_2.mp4	dis	-1	eng	en	EmoReact_V_1.0+train3	m	EmoReact_V_1.0
Data/train/COWTONGUE40_2.mp4	unk	-1	eng	en	EmoReact_V_1.0+train5	f	EmoReact_V_1.0
Data/train/COWTONGUE44_2.mp4	unk	-1	eng	en	EmoReact_V_1.0+train3	m	EmoReact_V_1.0
Data/train/COWTONGUE5_2.mp4	unk	-1	eng	en	EmoReact_V_1.0+train5	f	EmoReact_V_1.0
Data/train/COWTONGUE69_2.mp4	unk	-1	eng	en	EmoReact_V_1.0+train3	m	EmoReact_V_1.0
Data/train/COWTONGUE97_2.mp4	unk	1	eng	en	EmoReact_V_1.0+train5	f	EmoReact_V_1.0
Data/train/DUBSTEP10_2.mp4	unk	1	eng	en	EmoReact_V_1.0+train7	m	EmoReact_V_1.0
Data/train/DUBSTEP22_2.mp4	unk	1	eng	en	EmoReact_V_1.0+train5	f	EmoReact_V_1.0
Data/train/DUBSTEP27_2.mp4	unk	1	eng	en	EmoReact_V_1.0+train12	m	EmoReact_V_1.0
Data/train/DUBSTEP40_2.mp4	unk	1	eng	en	EmoReact_V_1.0+train12	m	EmoReact_V_1.0
Data/train/DUBSTEP45_2.mp4	neu	0	eng	en	EmoReact_V_1.0+train6	f	EmoReact_V_1.0
Data/train/DUBSTEP63_2.mp4	unk	1	eng	en	EmoReact_V_1.0+train5	f	EmoReact_V_1.0
Data/train/DUBSTEP77_2.mp4	hap	1	eng	en	EmoReact_V_1.0+train11	m	EmoReact_V_1.0
Data/train/DUBSTEP99_2.mp4	unk	1	eng	en	EmoReact_V_1.0+train7	m	EmoReact_V_1.0
Data/train/ESCARGOT103_2.mp4	unk	-1	eng	en	EmoReact_V_1.0+train4	m	EmoReact_V_1.0
Data/train/ESCARGOT104_2.mp4	unk	1	eng	en	EmoReact_V_1.0+train5	f	EmoReact_V_1.0
Data/train/ESCARGOT110_2.mp4	unk	1	eng	en	EmoReact_V_1.0+train5	f	EmoReact_V_1.0
Data/train/ESCARGOT47_2.mp4	dis	-1	eng	en	EmoReact_V_1.0+train4	m	EmoReact_V_1.0
Data/train/ESCARGOT76_2.mp4	unk	1	eng	en	EmoReact_V_1.0+train5	f	EmoReact_V_1.0
Data/train/ESCARGOT92_2.mp4	exc	1	eng	en	EmoReact_V_1.0+train5	f	EmoReact_V_1.0
Data/train/ESCARGOT98_2.mp4	unk	1	eng	en	EmoReact_V_1.0+train3	m	EmoReact_V_1.0
Data/train/FROGLEGS18_2.mp4	unk	1	eng	en	EmoReact_V_1.0+train3	m	EmoReact_V_1.0
Data/train/FROGLEGS27_2.mp4	unk	-1	eng	en	EmoReact_V_1.0+train8	f	EmoReact_V_1.0
Data/train/FROGLEGS28_2.mp4	unk	-1	eng	en	EmoReact_V_1.0+train5	f	EmoReact_V_1.0
Data/train/FROGLEGS2_2.mp4	unk	-1	eng	en	EmoReact_V_1.0+train5	f	EmoReact_V_1.0
Data/train/FROGLEGS32_2.mp4	dis	-1	eng	en	EmoReact_V_1.0+train5	f	EmoReact_V_1.0
Data/train/FROGLEGS57_2.mp4	unk	1	eng	en	EmoReact_V_1.0+train3	m	EmoReact_V_1.0
Data/train/FROGLEGS60_2.mp4	unk	1	eng	en	EmoReact_V_1.0+train9	m	EmoReact_V_1.0
Data/train/FROGLEGS61_2.mp4	unk	1	eng	en	EmoReact_V_1.0+train3	m	EmoReact_V_1.0
Data/train/FROGLEGS63_2.mp4	unk	-1	eng	en	EmoReact_V_1.0+train8	f	EmoReact_V_1.0
Data/train/FROGLEGS87_2.mp4	unk	-1	eng	en	EmoReact_V_1.0+train8	f	EmoReact_V_1.0
Data/train/FROGLEGS94_2.mp4	unk	1	eng	en	EmoReact_V_1.0+train3	m	EmoReact_V_1.0
Data/train/GAMEBOY15_2.mp4	exc	1	eng	en	EmoReact_V_1.0+train4	m	EmoReact_V_1.0
Data/train/Gay_Marriage119_2.mp4	unk	1	eng	en	EmoReact_V_1.0+train15	m	EmoReact_V_1.0
Data/train/Gay_Marriage11_2.mp4	unk	1	eng	en	EmoReact_V_1.0+train5	f	EmoReact_V_1.0
Data/train/Gay_Marriage143_2.mp4	dis	-1	eng	en	EmoReact_V_1.0+train2	f	EmoReact_V_1.0
Data/train/Gay_Marriage155_2.mp4	unk	1	eng	en	EmoReact_V_1.0+train2	f	EmoReact_V_1.0
Data/train/Gay_Marriage174_2.mp4	unk	1	eng	en	EmoReact_V_1.0+train5	f	EmoReact_V_1.0
Data/train/Gay_Marriage201_2.mp4	unk	-1	eng	en	EmoReact_V_1.0+train2	f	EmoReact_V_1.0
Data/train/Gay_Marriage217_2.mp4	hap	1	eng	en	EmoReact_V_1.0+train5	f	EmoReact_V_1.0
Data/train/Gay_Marriage224_2.mp4	neu	0	eng	en	EmoReact_V_1.0+train15	m	EmoReact_V_1.0
Data/train/Gay_Marriage225_2.mp4	unk	1	eng	en	EmoReact_V_1.0+train5	f	EmoReact_V_1.0
Data/train/Gay_Marriage240_2.mp4	neu	0	eng	en	EmoReact_V_1.0+train15	m	EmoReact_V_1.0
Data/train/Gay_Marriage26_2.mp4	unk	-1	eng	en	EmoReact_V_1.0+train15	m	EmoReact_V_1.0
Data/train/Gay_Marriage277_2.mp4	unk	1	eng	en	EmoReact_V_1.0+train5	f	EmoReact_V_1.0
Data/train/Gay_Marriage295_2.mp4	unk	1	eng	en	EmoReact_V_1.0+train8	f	EmoReact_V_1.0
Data/train/Gay_Marriage296_2.mp4	unk	1	eng	en	EmoReact_V_1.0+train5	f	EmoReact_V_1.0
Data/train/Gay_Marriage304_2.mp4	hap	1	eng	en	EmoReact_V_1.0+train15	m	EmoReact_V_1.0
Data/train/Gay_Marriage326_2.mp4	unk	-1	eng	en	EmoReact_V_1.0+train5	f	EmoReact_V_1.0
Data/train/Gay_Marriage35_2.mp4	unk	1	eng	en	EmoReact_V_1.0+train8	f	EmoReact_V_1.0
Data/train/Gay_Marriage36_2.mp4	unk	1	eng	en	EmoReact_V_1.0+train5	f	EmoReact_V_1.0
Data/train/Gay_Marriage52_2.mp4	hap	1	eng	en	EmoReact_V_1.0+train5	f	EmoReact_V_1.0
Data/train/Gay_Marriage55_2.mp4	unk	1	eng	en	EmoReact_V_1.0+train3	m	EmoReact_V_1.0
Data/train/Gay_Marriage6_2.mp4	unk	1	eng	en	EmoReact_V_1.0+train8	f	EmoReact_V_1.0
Data/train/Gay_Marriage74_2.mp4	neu	0	eng	en	EmoReact_V_1.0+train15	m	EmoReact_V_1.0
Data/train/Gay_Marriage88_2.mp4	unc	-1	eng	en	EmoReact_V_1.0+train3	m	EmoReact_V_1.0
Data/train/Gay_Marriage89_2.mp4	unk	1	eng	en	EmoReact_V_1.0+train8	f	EmoReact_V_1.0
Data/train/HARLEMSHAKE110_2.mp4	hap	1	eng	en	EmoReact_V_1.0+train2	f	EmoReact_V_1.0
Data/train/HARLEMSHAKE136_2.mp4	hap	1	eng	en	EmoReact_V_1.0+train2	f	EmoReact_V_1.0
Data/train/HARLEMSHAKE140_2.mp4	unk	-1	eng	en	EmoReact_V_1.0+train8	f	EmoReact_V_1.0
Data/train/HARLEMSHAKE15_2.mp4	unk	1	eng	en	EmoReact_V_1.0+train8	f	EmoReact_V_1.0
Data/train/HARLEMSHAKE35_2.mp4	unk	1	eng	en	EmoReact_V_1.0+train8	f	EmoReact_V_1.0
Data/train/HARLEMSHAKE65_2.mp4	unk	1	eng	en	EmoReact_V_1.0+train8	f	EmoReact_V_1.0
Data/train/HARLEMSHAKE8_2.mp4	unk	1	eng	en	EmoReact_V_1.0+train8	f	EmoReact_V_1.0
Data/train/HARLEMSHAKE90_2.mp4	unk	1	eng	en	EmoReact_V_1.0+train8	f	EmoReact_V_1.0
Data/train/HARLEMSHAKE98_2.mp4	unk	1	eng	en	EmoReact_V_1.0+train2	f	EmoReact_V_1.0
Data/train/KIMCHI50_2.mp4	unk	1	eng	en	EmoReact_V_1.0+train14	f	EmoReact_V_1.0
Data/train/KIMCHI52_2.mp4	unk	1	eng	en	EmoReact_V_1.0+train14	f	EmoReact_V_1.0
Data/train/KIMCHI70_2.mp4	unk	1	eng	en	EmoReact_V_1.0+train16	m	EmoReact_V_1.0
Data/train/KIMCHI72_2.mp4	unk	1	eng	en	EmoReact_V_1.0+train14	f	EmoReact_V_1.0
Data/train/MAKEUP_APPS112_2.mp4	unk	1	eng	en	EmoReact_V_1.0+train3	m	EmoReact_V_1.0
Data/train/MAKEUP_APPS114_2.mp4	unk	1	eng	en	EmoReact_V_1.0+train3	m	EmoReact_V_1.0
Data/train/MAKEUP_APPS116_2.mp4	unk	1	eng	en	EmoReact_V_1.0+train3	m	EmoReact_V_1.0
Data/train/MAKEUP_APPS11_2.mp4	unk	1	eng	en	EmoReact_V_1.0+train3	m	EmoReact_V_1.0
Data/train/MAKEUP_APPS187_2.mp4	unk	1	eng	en	EmoReact_V_1.0+train3	m	EmoReact_V_1.0
Data/train/MAKEUP_APPS25_2.mp4	unk	-1	eng	en	EmoReact_V_1.0+train3	m	EmoReact_V_1.0
Data/train/MAKEUP_APPS41_2.mp4	unk	1	eng	en	EmoReact_V_1.0+train3	m	EmoReact_V_1.0
Data/train/MAKEUP_APPS43_2.mp4	unk	1	eng	en	EmoReact_V_1.0+train3	m	EmoReact_V_1.0
Data/train/MAKEUP_APPS53_2.mp4	cur	1	eng	en	EmoReact_V_1.0+train3	m	EmoReact_V_1.0
Data/train/MAKEUP_APPS58_2.mp4	unk	1	eng	en	EmoReact_V_1.0+train3	m	EmoReact_V_1.0
Data/train/MAKEUP_APPS95_2.mp4	unk	1	eng	en	EmoReact_V_1.0+train3	m	EmoReact_V_1.0
Data/train/MINECRAFT108_2.mp4	unk	1	eng	en	EmoReact_V_1.0+train5	f	EmoReact_V_1.0
Data/train/MINECRAFT114_2.mp4	unk	1	eng	en	EmoReact_V_1.0+train7	m	EmoReact_V_1.0
Data/train/MINECRAFT123_2.mp4	unk	1	eng	en	EmoReact_V_1.0+train7	m	EmoReact_V_1.0
Data/train/MINECRAFT130_2.mp4	unk	1	eng	en	EmoReact_V_1.0+train7	m	EmoReact_V_1.0
Data/train/MINECRAFT131_2.mp4	unk	1	eng	en	EmoReact_V_1.0+train6	f	EmoReact_V_1.0
Data/train/MINECRAFT16_2.mp4	unk	-1	eng	en	EmoReact_V_1.0+train7	m	EmoReact_V_1.0
Data/train/MINECRAFT25_2.mp4	unk	1	eng	en	EmoReact_V_1.0+train7	m	EmoReact_V_1.0
Data/train/MINECRAFT35_2.mp4	unk	1	eng	en	EmoReact_V_1.0+train5	f	EmoReact_V_1.0
Data/train/MINECRAFT41_2.mp4	unk	-1	eng	en	EmoReact_V_1.0+train6	f	EmoReact_V_1.0
Data/train/MINECRAFT43_2.mp4	unk	1	eng	en	EmoReact_V_1.0+train17	m	EmoReact_V_1.0
Data/train/MINECRAFT48_2.mp4	unk	1	eng	en	EmoReact_V_1.0+train7	m	EmoReact_V_1.0
Data/train/MINECRAFT54_2.mp4	unk	1	eng	en	EmoReact_V_1.0+train7	m	EmoReact_V_1.0
Data/train/MINECRAFT6_2.mp4	unk	1	eng	en	EmoReact_V_1.0+train6	f	EmoReact_V_1.0
Data/train/MINECRAFT72_2.mp4	unk	1	eng	en	EmoReact_V_1.0+train6	f	EmoReact_V_1.0
Data/train/MINECRAFT76_2.mp4	unk	1	eng	en	EmoReact_V_1.0+train5	f	EmoReact_V_1.0
Data/train/MINECRAFT79_2.mp4	unk	1	eng	en	EmoReact_V_1.0+train6	f	EmoReact_V_1.0
Data/train/MINECRAFT7_2.mp4	unk	1	eng	en	EmoReact_V_1.0+train7	m	EmoReact_V_1.0
Data/train/NYAN_CAT110_2.mp4	hap	1	eng	en	EmoReact_V_1.0+train14	f	EmoReact_V_1.0
Data/train/NYAN_CAT45_2.mp4	unk	1	eng	en	EmoReact_V_1.0+train12	m	EmoReact_V_1.0
Data/train/NYAN_CAT47_2.mp4	unk	1	eng	en	EmoReact_V_1.0+train14	f	EmoReact_V_1.0
Data/train/NYAN_CAT4_2.mp4	unk	1	eng	en	EmoReact_V_1.0+train6	f	EmoReact_V_1.0
Data/train/NYAN_CAT60_2.mp4	unc	-1	eng	en	EmoReact_V_1.0+train14	f	EmoReact_V_1.0
Data/train/NYAN_CAT78_2.mp4	unk	1	eng	en	EmoReact_V_1.0+train6	f	EmoReact_V_1.0
Data/train/NYAN_CAT79_2.mp4	unk	1	eng	en	EmoReact_V_1.0+train12	m	EmoReact_V_1.0
Data/train/NYAN_CAT87_2.mp4	hap	1	eng	en	EmoReact_V_1.0+train14	f	EmoReact_V_1.0
Data/train/NYAN_CAT94_2.mp4	unk	-1	eng	en	EmoReact_V_1.0+train12	m	EmoReact_V_1.0
Data/train/OLDCAMERAS33_2.mp4	fru	-1	eng	en	EmoReact_V_1.0+train19	m	EmoReact_V_1.0
Data/train/OLDCAMERAS60_2.mp4	neu	0	eng	en	EmoReact_V_1.0+train19	m	EmoReact_V_1.0
Data/train/OLDCOMPUTERS103_2.mp4	unk	1	eng	en	EmoReact_V_1.0+train3	m	EmoReact_V_1.0
Data/train/OLDCOMPUTERS14_2.mp4	unk	-1	eng	en	EmoReact_V_1.0+train8	f	EmoReact_V_1.0
Data/train/OLDCOMPUTERS40_2.mp4	fru	-1	eng	en	EmoReact_V_1.0+train8	f	EmoReact_V_1.0
Data/train/OLDCOMPUTERS85_2.mp4	sur	-1	eng	en	EmoReact_V_1.0+train8	f	EmoReact_V_1.0
Data/train/PIZZATOPPINGS110_2.mp4	unk	-1	eng	en	EmoReact_V_1.0+train3	m	EmoReact_V_1.0
Data/train/PIZZATOPPINGS112_2.mp4	unk	-1	eng	en	EmoReact_V_1.0+train3	m	EmoReact_V_1.0
Data/train/PIZZATOPPINGS146_2.mp4	unk	1	eng	en	EmoReact_V_1.0+train3	m	EmoReact_V_1.0
Data/train/PIZZATOPPINGS36_2.mp4	unk	1	eng	en	EmoReact_V_1.0+train15	m	EmoReact_V_1.0
Data/train/REBECCA14_2.mp4	unk	-1	eng	en	EmoReact_V_1.0+train6	f	EmoReact_V_1.0
Data/train/REBECCA17_2.mp4	unk	1	eng	en	EmoReact_V_1.0+train12	m	EmoReact_V_1.0
Data/train/REBECCA21_2.mp4	unk	-1	eng	en	EmoReact_V_1.0+train6	f	EmoReact_V_1.0
Data/train/REBECCA33_2.mp4	neu	0	eng	en	EmoReact_V_1.0+train14	f	EmoReact_V_1.0
Data/train/REBECCA40_2.mp4	unk	-1	eng	en	EmoReact_V_1.0+train6	f	EmoReact_V_1.0
Data/train/REBECCA41_2.mp4	unk	-1	eng	en	EmoReact_V_1.0+train12	m	EmoReact_V_1.0
Data/train/REBECCA50_2.mp4	unk	-1	eng	en	EmoReact_V_1.0+train6	f	EmoReact_V_1.0
Data/train/REBECCA57_2.mp4	unc	-1	eng	en	EmoReact_V_1.0+train14	f	EmoReact_V_1.0
Data/train/REBECCA68_2.mp4	unk	1	eng	en	EmoReact_V_1.0+train7	m	EmoReact_V_1.0
Data/train/REBECCA70_2.mp4	unk	-1	eng	en	EmoReact_V_1.0+train7	m	EmoReact_V_1.0
Data/train/REBECCA77_2.mp4	hap	1	eng	en	EmoReact_V_1.0+train11	m	EmoReact_V_1.0
Data/train/REBECCA78_2.mp4	unc	-1	eng	en	EmoReact_V_1.0+train6	f	EmoReact_V_1.0
Data/train/REBECCA79_2.mp4	unk	1	eng	en	EmoReact_V_1.0+train7	m	EmoReact_V_1.0
Data/train/REBECCA80_2.mp4	unk	-1	eng	en	EmoReact_V_1.0+train12	m	EmoReact_V_1.0
Data/train/ROTARYPHONES19_2.mp4	hap	1	eng	en	EmoReact_V_1.0+train2	f	EmoReact_V_1.0
Data/train/ROTARYPHONES21_2.mp4	neu	0	eng	en	EmoReact_V_1.0+train2	f	EmoReact_V_1.0
Data/train/ROTARYPHONES22_2.mp4	fru	-1	eng	en	EmoReact_V_1.0+train3	m	EmoReact_V_1.0
Data/train/ROTARYPHONES23_2.mp4	neu	0	eng	en	EmoReact_V_1.0+train2	f	EmoReact_V_1.0
Data/train/ROTARYPHONES27_2.mp4	unk	1	eng	en	EmoReact_V_1.0+train15	m	EmoReact_V_1.0
Data/train/ROTARYPHONES34_2.mp4	unk	1	eng	en	EmoReact_V_1.0+train15	m	EmoReact_V_1.0
Data/train/ROTARYPHONES3_2.mp4	unk	-1	eng	en	EmoReact_V_1.0+train3	m	EmoReact_V_1.0
Data/train/ROTARYPHONES5_2.mp4	unk	-1	eng	en	EmoReact_V_1.0+train3	m	EmoReact_V_1.0
Data/train/SKIPIT111_2.mp4	neu	0	eng	en	EmoReact_V_1.0+train8	f	EmoReact_V_1.0
Data/train/SKIPIT116_2.mp4	unk	1	eng	en	EmoReact_V_1.0+train14	f	EmoReact_V_1.0
Data/train/SKIPIT124_2.mp4	neu	0	eng	en	EmoReact_V_1.0+train14	f	EmoReact_V_1.0
Data/train/SKIPIT134_2.mp4	hap	1	eng	en	EmoReact_V_1.0+train8	f	EmoReact_V_1.0
Data/train/SKIPIT15_2.mp4	unk	1	eng	en	EmoReact_V_1.0+train14	f	EmoReact_V_1.0
Data/train/SKIPIT28_2.mp4	unk	1	eng	en	EmoReact_V_1.0+train3	m	EmoReact_V_1.0
Data/train/SKIPIT48_2.mp4	unk	1	eng	en	EmoReact_V_1.0+train4	m	EmoReact_V_1.0
Data/train/SKIPIT4_2.mp4	unk	1	eng	en	EmoReact_V_1.0+train3	m	EmoReact_V_1.0
Data/train/SKIPIT64_2.mp4	unk	1	eng	en	EmoReact_V_1.0+train14	f	EmoReact_V_1.0
Data/train/SKIPIT65_2.mp4	hap	1	eng	en	EmoReact_V_1.0+train8	f	EmoReact_V_1.0
Data/train/SKIPIT70_2.mp4	hap	1	eng	en	EmoReact_V_1.0+train8	f	EmoReact_V_1.0
Data/train/SKIPIT83_2.mp4	unk	1	eng	en	EmoReact_V_1.0+train4	m	EmoReact_V_1.0
Data/train/SKIPIT84_2.mp4	hap	1	eng	en	EmoReact_V_1.0+train14	f	EmoReact_V_1.0
Data/train/SKIPIT92_2.mp4	unk	1	eng	en	EmoReact_V_1.0+train4	m	EmoReact_V_1.0
Data/train/SPAM75_2.mp4	unk	-1	eng	en	EmoReact_V_1.0+train3	m	EmoReact_V_1.0
Data/train/SQUID3_2.mp4	unk	-1	eng	en	EmoReact_V_1.0+train3	m	EmoReact_V_1.0
Data/train/SQUID82_2.mp4	unk	-1	eng	en	EmoReact_V_1.0+train3	m	EmoReact_V_1.0
Data/train/SQUID87_2.mp4	unk	-1	eng	en	EmoReact_V_1.0+train9	m	EmoReact_V_1.0
Data/train/SUSHI100_2.mp4	unk	-1	eng	en	EmoReact_V_1.0+train4	m	EmoReact_V_1.0
Data/train/SUSHI101_2.mp4	unk	-1	eng	en	EmoReact_V_1.0+train8	f	EmoReact_V_1.0
Data/train/SUSHI103_2.mp4	unk	1	eng	en	EmoReact_V_1.0+train16	m	EmoReact_V_1.0
Data/train/SUSHI10_2.mp4	unk	1	eng	en	EmoReact_V_1.0+train16	m	EmoReact_V_1.0
Data/train/SUSHI125_2.mp4	unk	-1	eng	en	EmoReact_V_1.0+train8	f	EmoReact_V_1.0
Data/train/SUSHI14_2.mp4	unk	-1	eng	en	EmoReact_V_1.0+train4	m	EmoReact_V_1.0
Data/train/SUSHI2_2.mp4	unk	-1	eng	en	EmoReact_V_1.0+train4	m	EmoReact_V_1.0
Data/train/SUSHI39_2.mp4	unk	-1	eng	en	EmoReact_V_1.0+train16	m	EmoReact_V_1.0
Data/train/SUSHI41_2.mp4	unk	1	eng	en	EmoReact_V_1.0+train8	f	EmoReact_V_1.0
Data/train/SUSHI73_2.mp4	unk	-1	eng	en	EmoReact_V_1.0+train4	m	EmoReact_V_1.0
Data/train/SUSHI79_2.mp4	unk	-1	eng	en	EmoReact_V_1.0+train8	f	EmoReact_V_1.0
Data/train/SUSHI92_2.mp4	unk	-1	eng	en	EmoReact_V_1.0+train8	f	EmoReact_V_1.0
Data/train/SWING_COPTERS104_2.mp4	unk	1	eng	en	EmoReact_V_1.0+train14	f	EmoReact_V_1.0
Data/train/SWING_COPTERS105_2.mp4	fru	-1	eng	en	EmoReact_V_1.0+train3	m	EmoReact_V_1.0
Data/train/SWING_COPTERS114_2.mp4	unk	1	eng	en	EmoReact_V_1.0+train3	m	EmoReact_V_1.0
Data/train/SWING_COPTERS122_2.mp4	unk	-1	eng	en	EmoReact_V_1.0+train14	f	EmoReact_V_1.0
Data/train/SWING_COPTERS124_2.mp4	unk	-1	eng	en	EmoReact_V_1.0+train14	f	EmoReact_V_1.0
Data/train/SWING_COPTERS130_2.mp4	unk	-1	eng	en	EmoReact_V_1.0+train14	f	EmoReact_V_1.0
Data/train/SWING_COPTERS132_2.mp4	unk	1	eng	en	EmoReact_V_1.0+train14	f	EmoReact_V_1.0
Data/train/SWING_COPTERS134_2.mp4	unk	1	eng	en	EmoReact_V_1.0+train14	f	EmoReact_V_1.0
Data/train/SWING_COPTERS158_2.mp4	fru	-1	eng	en	EmoReact_V_1.0+train3	m	EmoReact_V_1.0
Data/train/SWING_COPTERS15_2.mp4	unk	1	eng	en	EmoReact_V_1.0+train14	f	EmoReact_V_1.0
Data/train/SWING_COPTERS162_2.mp4	unk	-1	eng	en	EmoReact_V_1.0+train3	m	EmoReact_V_1.0
Data/train/SWING_COPTERS164_2.mp4	unk	1	eng	en	EmoReact_V_1.0+train3	m	EmoReact_V_1.0
Data/train/SWING_COPTERS178_2.mp4	unk	1	eng	en	EmoReact_V_1.0+train8	f	EmoReact_V_1.0
Data/train/SWING_COPTERS180_2.mp4	unk	1	eng	en	EmoReact_V_1.0+train8	f	EmoReact_V_1.0
Data/train/SWING_COPTERS182_2.mp4	unk	1	eng	en	EmoReact_V_1.0+train8	f	EmoReact_V_1.0
Data/train/SWING_COPTERS184_2.mp4	unk	1	eng	en	EmoReact_V_1.0+train8	f	EmoReact_V_1.0
Data/train/SWING_COPTERS188_2.mp4	unk	1	eng	en	EmoReact_V_1.0+train14	f	EmoReact_V_1.0
Data/train/SWING_COPTERS54_2.mp4	fru	-1	eng	en	EmoReact_V_1.0+train3	m	EmoReact_V_1.0
Data/train/SWING_COPTERS56_2.mp4	unk	-1	eng	en	EmoReact_V_1.0+train3	m	EmoReact_V_1.0
Data/train/SWING_COPTERS62_2.mp4	unk	-1	eng	en	EmoReact_V_1.0+train3	m	EmoReact_V_1.0
Data/train/SWING_COPTERS64_2.mp4	unk	-1	eng	en	EmoReact_V_1.0+train3	m	EmoReact_V_1.0
Data/train/SWING_COPTERS6_2.mp4	unk	-1	eng	en	EmoReact_V_1.0+train3	m	EmoReact_V_1.0
Data/train/SWING_COPTERS92_2.mp4	unk	1	eng	en	EmoReact_V_1.0+train14	f	EmoReact_V_1.0
Data/train/SWING_COPTERS97_2.mp4	unk	1	eng	en	EmoReact_V_1.0+train14	f	EmoReact_V_1.0
Data/train/TOFU18_2.mp4	unk	-1	eng	en	EmoReact_V_1.0+train21	f	EmoReact_V_1.0
Data/train/TOFU35_2.mp4	unk	1	eng	en	EmoReact_V_1.0+train3	m	EmoReact_V_1.0
Data/train/TOFU39_2.mp4	unk	-1	eng	en	EmoReact_V_1.0+train21	f	EmoReact_V_1.0
Data/train/TOFU41_2.mp4	unk	-1	eng	en	EmoReact_V_1.0+train21	f	EmoReact_V_1.0
Data/train/TOFU56_2.mp4	cur	1	eng	en	EmoReact_V_1.0+train3	m	EmoReact_V_1.0
Data/train/TOFU69_2.mp4	unk	1	eng	en	EmoReact_V_1.0+train3	m	EmoReact_V_1.0
Data/train/TOFU85_2.mp4	unk	-1	eng	en	EmoReact_V_1.0+train21	f	EmoReact_V_1.0
Data/train/TOILET19_2.mp4	hap	1	eng	en	EmoReact_V_1.0+train11	m	EmoReact_V_1.0
Data/train/TOILET29_2.mp4	unk	1	eng	en	EmoReact_V_1.0+train11	m	EmoReact_V_1.0
Data/train/TOILET2_2.mp4	unk	1	eng	en	EmoReact_V_1.0+train17	m	EmoReact_V_1.0
Data/train/TOILET34_2.mp4	unk	1	eng	en	EmoReact_V_1.0+train14	f	EmoReact_V_1.0
Data/train/TOILET37_2.mp4	unk	1	eng	en	EmoReact_V_1.0+train6	f	EmoReact_V_1.0
Data/train/TOILET62_2.mp4	sur	-1	eng	en	EmoReact_V_1.0+train11	m	EmoReact_V_1.0
Data/train/TOILET67_2.mp4	unk	1	eng	en	EmoReact_V_1.0+train14	f	EmoReact_V_1.0
Data/train/TOILET74_2.mp4	unk	1	eng	en	EmoReact_V_1.0+train7	m	EmoReact_V_1.0
Data/train/TOILET77_2.mp4	hap	1	eng	en	EmoReact_V_1.0+train11	m	EmoReact_V_1.0
Data/train/TOILET79_2.mp4	hap	1	eng	en	EmoReact_V_1.0+train7	m	EmoReact_V_1.0
Data/train/TOILET88_2.mp4	unk	1	eng	en	EmoReact_V_1.0+train17	m	EmoReact_V_1.0
Data/train/TYPEWRITERS15_2.mp4	hap	1	eng	en	EmoReact_V_1.0+train8	f	EmoReact_V_1.0
Data/train/TYPEWRITERS24_2.mp4	unk	1	eng	en	EmoReact_V_1.0+train5	f	EmoReact_V_1.0
Data/train/TYPEWRITERS31_2.mp4	unk	-1	eng	en	EmoReact_V_1.0+train19	m	EmoReact_V_1.0
Data/train/TYPEWRITERS34_2.mp4	unk	1	eng	en	EmoReact_V_1.0+train3	m	EmoReact_V_1.0
Data/train/TYPEWRITERS37_2.mp4	unk	-1	eng	en	EmoReact_V_1.0+train8	f	EmoReact_V_1.0
Data/train/TYPEWRITERS39_2.mp4	unk	1	eng	en	EmoReact_V_1.0+train3	m	EmoReact_V_1.0
Data/train/TYPEWRITERS6_2.mp4	unk	-1	eng	en	EmoReact_V_1.0+train19	m	EmoReact_V_1.0
Data/train/VCR105_2.mp4	unk	1	eng	en	EmoReact_V_1.0+train3	m	EmoReact_V_1.0
Data/train/VCR106_2.mp4	unk	1	eng	en	EmoReact_V_1.0+train10	f	EmoReact_V_1.0
Data/train/VCR119_2.mp4	hap	1	eng	en	EmoReact_V_1.0+train14	f	EmoReact_V_1.0
Data/train/VCR121_2.mp4	unk	1	eng	en	EmoReact_V_1.0+train14	f	EmoReact_V_1.0
Data/train/VCR122_2.mp4	hap	1	eng	en	EmoReact_V_1.0+train19	m	EmoReact_V_1.0
Data/train/VCR126_2.mp4	hap	1	eng	en	EmoReact_V_1.0+train10	f	EmoReact_V_1.0
Data/train/VCR128_2.mp4	hap	1	eng	en	EmoReact_V_1.0+train14	f	EmoReact_V_1.0
Data/train/VCR22_2.mp4	unk	-1	eng	en	EmoReact_V_1.0+train14	f	EmoReact_V_1.0
Data/train/VCR44_2.mp4	hap	1	eng	en	EmoReact_V_1.0+train14	f	EmoReact_V_1.0
Data/train/VCR49_2.mp4	unk	-1	eng	en	EmoReact_V_1.0+train3	m	EmoReact_V_1.0
Data/train/VCR54_2.mp4	unk	-1	eng	en	EmoReact_V_1.0+train1	m	EmoReact_V_1.0
Data/train/VCR57_2.mp4	unk	1	eng	en	EmoReact_V_1.0+train3	m	EmoReact_V_1.0
Data/train/VCR65_2.mp4	unk	1	eng	en	EmoReact_V_1.0+train14	f	EmoReact_V_1.0
Data/train/VCR77_2.mp4	unk	1	eng	en	EmoReact_V_1.0+train19	m	EmoReact_V_1.0
Data/train/VCR98_2.mp4	neu	0	eng	en	EmoReact_V_1.0+train9	m	EmoReact_V_1.0
Data/train/VEGEMITE20_2.mp4	unk	-1	eng	en	EmoReact_V_1.0+train21	f	EmoReact_V_1.0
Data/train/VEGEMITE28_2.mp4	unk	1	eng	en	EmoReact_V_1.0+train3	m	EmoReact_V_1.0
Data/train/VEGEMITE53_2.mp4	dis	-1	eng	en	EmoReact_V_1.0+train3	m	EmoReact_V_1.0
Data/train/VEGEMITE62_2.mp4	unk	-1	eng	en	EmoReact_V_1.0+train2	f	EmoReact_V_1.0
Data/train/VEGEMITE66_2.mp4	unk	-1	eng	en	EmoReact_V_1.0+train21	f	EmoReact_V_1.0
Data/train/VEGEMITE69_2.mp4	dis	-1	eng	en	EmoReact_V_1.0+train15	m	EmoReact_V_1.0
Data/train/VEGEMITE74_2.mp4	unk	-1	eng	en	EmoReact_V_1.0+train15	m	EmoReact_V_1.0
Data/train/VEGEMITE75_2.mp4	unk	1	eng	en	EmoReact_V_1.0+train21	f	EmoReact_V_1.0
Data/train/VEGEMITE77_2.mp4	unk	1	eng	en	EmoReact_V_1.0+train21	f	EmoReact_V_1.0
Data/train/VEGEMITE96_2.mp4	unk	-1	eng	en	EmoReact_V_1.0+train3	m	EmoReact_V_1.0
Data/train/WALKMANS104_2.mp4	unk	1	eng	en	EmoReact_V_1.0+train5	f	EmoReact_V_1.0
Data/train/WALKMANS109_2.mp4	unk	1	eng	en	EmoReact_V_1.0+train5	f	EmoReact_V_1.0
Data/train/WALKMANS12_2.mp4	unk	-1	eng	en	EmoReact_V_1.0+train8	f	EmoReact_V_1.0
Data/train/WALKMANS21_2.mp4	unk	1	eng	en	EmoReact_V_1.0+train5	f	EmoReact_V_1.0
Data/train/WALKMANS28_2.mp4	unk	1	eng	en	EmoReact_V_1.0+train5	f	EmoReact_V_1.0
Data/train/WALKMANS30_2.mp4	unk	1	eng	en	EmoReact_V_1.0+train8	f	EmoReact_V_1.0
Data/train/WALKMANS4_2.mp4	unk	-1	eng	en	EmoReact_V_1.0+train5	f	EmoReact_V_1.0
Data/train/WALKMANS56_2.mp4	unk	-1	eng	en	EmoReact_V_1.0+train8	f	EmoReact_V_1.0
Data/train/WALKMANS58_2.mp4	unk	1	eng	en	EmoReact_V_1.0+train19	m	EmoReact_V_1.0
Data/train/WALKMANS60_2.mp4	unk	-1	eng	en	EmoReact_V_1.0+train19	m	EmoReact_V_1.0
Data/train/WALKMANS61_2.mp4	unk	1	eng	en	EmoReact_V_1.0+train5	f	EmoReact_V_1.0
Data/train/WALKMANS69_2.mp4	unk	1	eng	en	EmoReact_V_1.0+train19	m	EmoReact_V_1.0
Data/train/WALKMANS80_2.mp4	unk	1	eng	en	EmoReact_V_1.0+train15	m	EmoReact_V_1.0
Data/train/WALKMANS81_2.mp4	fru	-1	eng	en	EmoReact_V_1.0+train8	f	EmoReact_V_1.0
Data/train/WALKMANS83_2.mp4	unk	1	eng	en	EmoReact_V_1.0+train5	f	EmoReact_V_1.0
Data/train/WALKMANS89_2.mp4	unk	1	eng	en	EmoReact_V_1.0+train5	f	EmoReact_V_1.0
Data/train/WALKMANS94_2.mp4	unk	-1	eng	en	EmoReact_V_1.0+train19	m	EmoReact_V_1.0
Data/train/WHEATGRASS86_2.mp4	dis	-1	eng	en	EmoReact_V_1.0+train4	m	EmoReact_V_1.0
Data/train/iPOD116_2.mp4	unk	1	eng	en	EmoReact_V_1.0+train18	f	EmoReact_V_1.0
Data/train/iPOD117_2.mp4	unk	1	eng	en	EmoReact_V_1.0+train20	f	EmoReact_V_1.0
Data/train/iPOD119_2.mp4	unc	-1	eng	en	EmoReact_V_1.0+train15	m	EmoReact_V_1.0
Data/train/iPOD120_2.mp4	unk	1	eng	en	EmoReact_V_1.0+train18	f	EmoReact_V_1.0
Data/train/iPOD13_2.mp4	unk	1	eng	en	EmoReact_V_1.0+train18	f	EmoReact_V_1.0
Data/train/iPOD21_2.mp4	unk	1	eng	en	EmoReact_V_1.0+train16	m	EmoReact_V_1.0
Data/train/iPOD3_2.mp4	unk	1	eng	en	EmoReact_V_1.0+train18	f	EmoReact_V_1.0
Data/train/iPOD47_2.mp4	unk	1	eng	en	EmoReact_V_1.0+train20	f	EmoReact_V_1.0
Data/train/iPOD49_2.mp4	unk	1	eng	en	EmoReact_V_1.0+train18	f	EmoReact_V_1.0
Data/train/iPOD58_2.mp4	unk	-1	eng	en	EmoReact_V_1.0+train18	f	EmoReact_V_1.0
Data/train/iPOD63_2.mp4	unk	1	eng	en	EmoReact_V_1.0+train20	f	EmoReact_V_1.0
Data/train/iPOD69_2.mp4	unk	1	eng	en	EmoReact_V_1.0+train16	m	EmoReact_V_1.0
Data/train/iPOD92_2.mp4	unk	1	eng	en	EmoReact_V_1.0+train18	f	EmoReact_V_1.0
Data/train/iPOD94_2.mp4	unk	1	eng	en	EmoReact_V_1.0+train15	m	EmoReact_V_1.0
Data/train/iPOD9_2.mp4	unk	1	eng	en	EmoReact_V_1.0+train16	m	EmoReact_V_1.0
Data/test/80'sTOYS123_2.mp4	unk	1	eng	en	EmoReact_V_1.0+test1	f	EmoReact_V_1.0
Data/test/80'sTOYS130_2.mp4	unk	1	eng	en	EmoReact_V_1.0+test3	f	EmoReact_V_1.0
Data/test/80'sTOYS139_2.mp4	unk	-1	eng	en	EmoReact_V_1.0+test3	f	EmoReact_V_1.0
Data/test/80'sTOYS28_2.mp4	unk	1	eng	en	EmoReact_V_1.0+test1	f	EmoReact_V_1.0
Data/test/80'sTOYS32_2.mp4	unk	1	eng	en	EmoReact_V_1.0+test3	f	EmoReact_V_1.0
Data/test/80'sTOYS49_2.mp4	unk	-1	eng	en	EmoReact_V_1.0+test3	f	EmoReact_V_1.0
Data/test/80'sTOYS4_2.mp4	unk	1	eng	en	EmoReact_V_1.0+test1	f	EmoReact_V_1.0
Data/test/80'sTOYS9_2.mp4	unk	1	eng	en	EmoReact_V_1.0+test2	m	EmoReact_V_1.0
Data/test/ANNOYING_ORANGE120_2.mp4	unk	1	eng	en	EmoReact_V_1.0+test5	f	EmoReact_V_1.0
Data/test/ANNOYING_ORANGE127_2.mp4	unk	1	eng	en	EmoReact_V_1.0+test5	f	EmoReact_V_1.0
Data/test/ANNOYING_ORANGE158_2.mp4	unk	1	eng	en	EmoReact_V_1.0+test5	f	EmoReact_V_1.0
Data/test/ANNOYING_ORANGE168_2.mp4	unk	1	eng	en	EmoReact_V_1.0+test5	f	EmoReact_V_1.0
Data/test/ANNOYING_ORANGE170_2.mp4	hap	1	eng	en	EmoReact_V_1.0+test5	f	EmoReact_V_1.0
Data/test/ANNOYING_ORANGE176_2.mp4	unk	1	eng	en	EmoReact_V_1.0+test5	f	EmoReact_V_1.0
Data/test/ANNOYING_ORANGE83_2.mp4	hap	1	eng	en	EmoReact_V_1.0+test4	f	EmoReact_V_1.0
Data/test/ANNOYING_ORANGE89_2.mp4	hap	1	eng	en	EmoReact_V_1.0+test5	f	EmoReact_V_1.0
Data/test/APPLEWATCH11_2.mp4	unk	1	eng	en	EmoReact_V_1.0+test1	f	EmoReact_V_1.0
Data/test/APPLEWATCH13_2.mp4	unk	-1	eng	en	EmoReact_V_1.0+test1	f	EmoReact_V_1.0
Data/test/APPLEWATCH15_2.mp4	unk	1	eng	en	EmoReact_V_1.0+test7	f	EmoReact_V_1.0
Data/test/APPLEWATCH17_2.mp4	unk	1	eng	en	EmoReact_V_1.0+test1	f	EmoReact_V_1.0
Data/test/APPLEWATCH20_2.mp4	unk	-1	eng	en	EmoReact_V_1.0+test1	f	EmoReact_V_1.0
Data/test/APPLEWATCH21_2.mp4	sur	-1	eng	en	EmoReact_V_1.0+test7	f	EmoReact_V_1.0
Data/test/APPLEWATCH37_2.mp4	neu	0	eng	en	EmoReact_V_1.0+test7	f	EmoReact_V_1.0
Data/test/APPLEWATCH39_2.mp4	unk	1	eng	en	EmoReact_V_1.0+test7	f	EmoReact_V_1.0
Data/test/APPLEWATCH43_2.mp4	unk	1	eng	en	EmoReact_V_1.0+test8	f	EmoReact_V_1.0
Data/test/APPLEWATCH5_2.mp4	cur	1	eng	en	EmoReact_V_1.0+test6	m	EmoReact_V_1.0
Data/test/BRUSSELSSPROUTS15_2.mp4	dis	-1	eng	en	EmoReact_V_1.0+test10	m	EmoReact_V_1.0
Data/test/BRUSSELSSPROUTS24_2.mp4	unk	-1	eng	en	EmoReact_V_1.0+test9	f	EmoReact_V_1.0
Data/test/BRUSSELSSPROUTS27_2.mp4	dis	-1	eng	en	EmoReact_V_1.0+test10	m	EmoReact_V_1.0
Data/test/BRUSSELSSPROUTS2_2.mp4	unk	-1	eng	en	EmoReact_V_1.0+test9	f	EmoReact_V_1.0
Data/test/BRUSSELSSPROUTS43_2.mp4	unk	-1	eng	en	EmoReact_V_1.0+test10	m	EmoReact_V_1.0
Data/test/BRUSSELSSPROUTS51_2.mp4	dis	-1	eng	en	EmoReact_V_1.0+test10	m	EmoReact_V_1.0
Data/test/BRUSSELSSPROUTS61_2.mp4	hap	1	eng	en	EmoReact_V_1.0+test6	m	EmoReact_V_1.0
Data/test/BRUSSELSSPROUTS78_2.mp4	unk	-1	eng	en	EmoReact_V_1.0+test10	m	EmoReact_V_1.0
Data/test/BULLYING134_2.mp4	neu	0	eng	en	EmoReact_V_1.0+test12	m	EmoReact_V_1.0
Data/test/BULLYING151_2.mp4	hap	1	eng	en	EmoReact_V_1.0+test12	m	EmoReact_V_1.0
Data/test/BULLYING153_2.mp4	unk	1	eng	en	EmoReact_V_1.0+test5	f	EmoReact_V_1.0
Data/test/BULLYING35_2.mp4	unc	-1	eng	en	EmoReact_V_1.0+test11	f	EmoReact_V_1.0
Data/test/CAKE18_2.mp4	unk	-1	eng	en	EmoReact_V_1.0+test8	f	EmoReact_V_1.0
Data/test/CAKE3_2.mp4	unk	-1	eng	en	EmoReact_V_1.0+test8	f	EmoReact_V_1.0
Data/test/CAKE63_2.mp4	unk	1	eng	en	EmoReact_V_1.0+test8	f	EmoReact_V_1.0
Data/test/CAN_YOUR_PET100_2.mp4	unk	-1	eng	en	EmoReact_V_1.0+test9	f	EmoReact_V_1.0
Data/test/CAN_YOUR_PET15_2.mp4	unk	1	eng	en	EmoReact_V_1.0+test9	f	EmoReact_V_1.0
Data/test/CAN_YOUR_PET22_2.mp4	unk	1	eng	en	EmoReact_V_1.0+test9	f	EmoReact_V_1.0
Data/test/CAN_YOUR_PET31_2.mp4	unk	1	eng	en	EmoReact_V_1.0+test2	m	EmoReact_V_1.0
Data/test/CAN_YOUR_PET33_2.mp4	unk	1	eng	en	EmoReact_V_1.0+test9	f	EmoReact_V_1.0
Data/test/CAN_YOUR_PET47_2.mp4	unk	1	eng	en	EmoReact_V_1.0+test9	f	EmoReact_V_1.0
Data/test/CAN_YOUR_PET7_2.mp4	unk	1	eng	en	EmoReact_V_1.0+test2	m	EmoReact_V_1.0
Data/test/CAN_YOUR_PET90_2.mp4	unk	1	eng	en	EmoReact_V_1.0+test2	m	EmoReact_V_1.0
Data/test/CAVIAR19_2.mp4	hap	1	eng	en	EmoReact_V_1.0+test13	m	EmoReact_V_1.0
Data/test/CAVIAR43_2.mp4	unk	-1	eng	en	EmoReact_V_1.0+test2	m	EmoReact_V_1.0
Data/test/CAVIAR76_2.mp4	unk	1	eng	en	EmoReact_V_1.0+test13	m	EmoReact_V_1.0
Data/test/CAVIAR85_2.mp4	hap	1	eng	en	EmoReact_V_1.0+test13	m	EmoReact_V_1.0
Data/test/COWTONGUE22_2.mp4	dis	-1	eng	en	EmoReact_V_1.0+test1	f	EmoReact_V_1.0
Data/test/COWTONGUE38_2.mp4	unk	1	eng	en	EmoReact_V_1.0+test1	f	EmoReact_V_1.0
Data/test/COWTONGUE41_2.mp4	unk	-1	eng	en	EmoReact_V_1.0+test13	m	EmoReact_V_1.0
Data/test/COWTONGUE42_2.mp4	unk	1	eng	en	EmoReact_V_1.0+test2	m	EmoReact_V_1.0
Data/test/COWTONGUE87_2.mp4	dis	-1	eng	en	EmoReact_V_1.0+test9	f	EmoReact_V_1.0
Data/test/DUBSTEP108_2.mp4	unk	1	eng	en	EmoReact_V_1.0+test15	m	EmoReact_V_1.0
Data/test/DUBSTEP113_2.mp4	unk	1	eng	en	EmoReact_V_1.0+test5	f	EmoReact_V_1.0
Data/test/DUBSTEP115_2.mp4	hap	1	eng	en	EmoReact_V_1.0+test14	m	EmoReact_V_1.0
Data/test/DUBSTEP13_2.mp4	unk	1	eng	en	EmoReact_V_1.0+test5	f	EmoReact_V_1.0
Data/test/DUBSTEP23_2.mp4	unk	1	eng	en	EmoReact_V_1.0+test5	f	EmoReact_V_1.0
Data/test/DUBSTEP33_2.mp4	unk	1	eng	en	EmoReact_V_1.0+test11	f	EmoReact_V_1.0
Data/test/DUBSTEP49_2.mp4	unk	1	eng	en	EmoReact_V_1.0+test11	f	EmoReact_V_1.0
Data/test/DUBSTEP59_2.mp4	unk	1	eng	en	EmoReact_V_1.0+test14	m	EmoReact_V_1.0
Data/test/DUBSTEP68_2.mp4	unk	1	eng	en	EmoReact_V_1.0+test15	m	EmoReact_V_1.0
Data/test/DUBSTEP85_2.mp4	neu	0	eng	en	EmoReact_V_1.0+test5	f	EmoReact_V_1.0
Data/test/DUBSTEP90_2.mp4	hap	1	eng	en	EmoReact_V_1.0+test5	f	EmoReact_V_1.0
Data/test/DUBSTEP95_2.mp4	hap	1	eng	en	EmoReact_V_1.0+test11	f	EmoReact_V_1.0
Data/test/ESCARGOT106_2.mp4	unk	-1	eng	en	EmoReact_V_1.0+test8	f	EmoReact_V_1.0
Data/test/ESCARGOT120_2.mp4	unk	-1	eng	en	EmoReact_V_1.0+test1	f	EmoReact_V_1.0
Data/test/ESCARGOT14_2.mp4	dis	-1	eng	en	EmoReact_V_1.0+test1	f	EmoReact_V_1.0
Data/test/ESCARGOT2_2.mp4	unk	-1	eng	en	EmoReact_V_1.0+test9	f	EmoReact_V_1.0
Data/test/ESCARGOT35_2.mp4	unk	-1	eng	en	EmoReact_V_1.0+test9	f	EmoReact_V_1.0
Data/test/ESCARGOT42_2.mp4	unk	-1	eng	en	EmoReact_V_1.0+test1	f	EmoReact_V_1.0
Data/test/ESCARGOT67_2.mp4	unk	-1	eng	en	EmoReact_V_1.0+test16	f	EmoReact_V_1.0
Data/test/ESCARGOT84_2.mp4	cur	1	eng	en	EmoReact_V_1.0+test16	f	EmoReact_V_1.0
Data/test/ESCARGOT96_2.mp4	unk	-1	eng	en	EmoReact_V_1.0+test8	f	EmoReact_V_1.0
Data/test/FROGLEGS4_2.mp4	cur	1	eng	en	EmoReact_V_1.0+test8	f	EmoReact_V_1.0
Data/test/FROGLEGS59_2.mp4	unk	1	eng	en	EmoReact_V_1.0+test8	f	EmoReact_V_1.0
Data/test/FROGLEGS73_2.mp4	unk	1	eng	en	EmoReact_V_1.0+test2	m	EmoReact_V_1.0
Data/test/FROGLEGS75_2.mp4	unk	1	eng	en	EmoReact_V_1.0+test9	f	EmoReact_V_1.0
Data/test/GAMEBOY10_2.mp4	unk	1	eng	en	EmoReact_V_1.0+test16	f	EmoReact_V_1.0
Data/test/GAMEBOY26_2.mp4	unk	1	eng	en	EmoReact_V_1.0+test10	m	EmoReact_V_1.0
Data/test/GAMEBOY33_2.mp4	unk	1	eng	en	EmoReact_V_1.0+test1	f	EmoReact_V_1.0
Data/test/GAMEBOY34_2.mp4	unk	1	eng	en	EmoReact_V_1.0+test8	f	EmoReact_V_1.0
Data/test/GAMEBOY9_2.mp4	unk	1	eng	en	EmoReact_V_1.0+test8	f	EmoReact_V_1.0
Data/test/Gay_Marriage114_2.mp4	unk	1	eng	en	EmoReact_V_1.0+test13	m	EmoReact_V_1.0
Data/test/Gay_Marriage116_2.mp4	unk	1	eng	en	EmoReact_V_1.0+test13	m	EmoReact_V_1.0
Data/test/Gay_Marriage124_2.mp4	unk	1	eng	en	EmoReact_V_1.0+test9	f	EmoReact_V_1.0
Data/test/Gay_Marriage13_2.mp4	unk	1	eng	en	EmoReact_V_1.0+test13	m	EmoReact_V_1.0
Data/test/Gay_Marriage142_2.mp4	unk	1	eng	en	EmoReact_V_1.0+test9	f	EmoReact_V_1.0
Data/test/Gay_Marriage153_2.mp4	hap	1	eng	en	EmoReact_V_1.0+test9	f	EmoReact_V_1.0
Data/test/Gay_Marriage164_2.mp4	sur	-1	eng	en	EmoReact_V_1.0+test6	m	EmoReact_V_1.0
Data/test/Gay_Marriage196_2.mp4	sur	-1	eng	en	EmoReact_V_1.0+test8	f	EmoReact_V_1.0
Data/test/Gay_Marriage19_2.mp4	unk	1	eng	en	EmoReact_V_1.0+test13	m	EmoReact_V_1.0
Data/test/Gay_Marriage269_2.mp4	hap	1	eng	en	EmoReact_V_1.0+test13	m	EmoReact_V_1.0
Data/test/Gay_Marriage299_2.mp4	unk	1	eng	en	EmoReact_V_1.0+test8	f	EmoReact_V_1.0
Data/test/Gay_Marriage301_2.mp4	unk	1	eng	en	EmoReact_V_1.0+test8	f	EmoReact_V_1.0
Data/test/Gay_Marriage303_2.mp4	unk	1	eng	en	EmoReact_V_1.0+test8	f	EmoReact_V_1.0
Data/test/Gay_Marriage310_2.mp4	unk	1	eng	en	EmoReact_V_1.0+test13	m	EmoReact_V_1.0
Data/test/Gay_Marriage43_2.mp4	unk	-1	eng	en	EmoReact_V_1.0+test8	f	EmoReact_V_1.0
Data/test/Gay_Marriage54_2.mp4	hap	1	eng	en	EmoReact_V_1.0+test13	m	EmoReact_V_1.0
Data/test/HARLEMSHAKE132_2.mp4	unk	1	eng	en	EmoReact_V_1.0+test9	f	EmoReact_V_1.0
Data/test/HARLEMSHAKE19_2.mp4	unk	1	eng	en	EmoReact_V_1.0+test12	m	EmoReact_V_1.0
Data/test/HARLEMSHAKE32_2.mp4	unk	1	eng	en	EmoReact_V_1.0+test3	f	EmoReact_V_1.0
Data/test/HARLEMSHAKE72_2.mp4	unc	-1	eng	en	EmoReact_V_1.0+test3	f	EmoReact_V_1.0
Data/test/HARLEMSHAKE84_2.mp4	unk	1	eng	en	EmoReact_V_1.0+test18	m	EmoReact_V_1.0
Data/test/HARLEMSHAKE91_2.mp4	exc	1	eng	en	EmoReact_V_1.0+test12	m	EmoReact_V_1.0
Data/test/HARLEMSHAKE9_2.mp4	unk	-1	eng	en	EmoReact_V_1.0+test9	f	EmoReact_V_1.0
Data/test/KIMCHI57_2.mp4	unk	1	eng	en	EmoReact_V_1.0+test6	m	EmoReact_V_1.0
Data/test/KIMCHI84_2.mp4	neu	0	eng	en	EmoReact_V_1.0+test6	m	EmoReact_V_1.0
Data/test/KIMCHI9_2.mp4	unk	1	eng	en	EmoReact_V_1.0+test6	m	EmoReact_V_1.0
Data/test/MAKEUP_APPS107_2.mp4	unk	1	eng	en	EmoReact_V_1.0+test6	m	EmoReact_V_1.0
Data/test/MAKEUP_APPS10_2.mp4	unk	1	eng	en	EmoReact_V_1.0+test6	m	EmoReact_V_1.0
Data/test/MAKEUP_APPS111_2.mp4	unk	1	eng	en	EmoReact_V_1.0+test16	f	EmoReact_V_1.0
Data/test/MAKEUP_APPS126_2.mp4	unk	1	eng	en	EmoReact_V_1.0+test1	f	EmoReact_V_1.0
Data/test/MAKEUP_APPS131_2.mp4	unk	1	eng	en	EmoReact_V_1.0+test6	m	EmoReact_V_1.0
Data/test/MAKEUP_APPS146_2.mp4	unk	-1	eng	en	EmoReact_V_1.0+test6	m	EmoReact_V_1.0
Data/test/MAKEUP_APPS150_2.mp4	unk	1	eng	en	EmoReact_V_1.0+test9	f	EmoReact_V_1.0
Data/test/MAKEUP_APPS162_2.mp4	unk	1	eng	en	EmoReact_V_1.0+test16	f	EmoReact_V_1.0
Data/test/MAKEUP_APPS164_2.mp4	unk	1	eng	en	EmoReact_V_1.0+test16	f	EmoReact_V_1.0
Data/test/MAKEUP_APPS20_2.mp4	unk	-1	eng	en	EmoReact_V_1.0+test6	m	EmoReact_V_1.0
Data/test/MAKEUP_APPS26_2.mp4	unk	-1	eng	en	EmoReact_V_1.0+test9	f	EmoReact_V_1.0
Data/test/MAKEUP_APPS27_2.mp4	unk	1	eng	en	EmoReact_V_1.0+test1	f	EmoReact_V_1.0
Data/test/MAKEUP_APPS2_2.mp4	unk	1	eng	en	EmoReact_V_1.0+test9	f	EmoReact_V_1.0
Data/test/MAKEUP_APPS33_2.mp4	unk	1	eng	en	EmoReact_V_1.0+test16	f	EmoReact_V_1.0
Data/test/MAKEUP_APPS34_2.mp4	unk	1	eng	en	EmoReact_V_1.0+test1	f	EmoReact_V_1.0
Data/test/MAKEUP_APPS36_2.mp4	unk	1	eng	en	EmoReact_V_1.0+test1	f	EmoReact_V_1.0
Data/test/MAKEUP_APPS37_2.mp4	unk	1	eng	en	EmoReact_V_1.0+test6	m	EmoReact_V_1.0
Data/test/MAKEUP_APPS38_2.mp4	unk	1	eng	en	EmoReact_V_1.0+test9	f	EmoReact_V_1.0
Data/test/MAKEUP_APPS50_2.mp4	cur	1	eng	en	EmoReact_V_1.0+test6	m	EmoReact_V_1.0
Data/test/MAKEUP_APPS67_2.mp4	unk	1	eng	en	EmoReact_V_1.0+test16	f	EmoReact_V_1.0
Data/test/MAKEUP_APPS73_2.mp4	unk	1	eng	en	EmoReact_V_1.0+test2	m	EmoReact_V_1.0
Data/test/MAKEUP_APPS7_2.mp4	unk	1	eng	en	EmoReact_V_1.0+test16	f	EmoReact_V_1.0
Data/test/MAKEUP_APPS81_2.mp4	unk	1	eng	en	EmoReact_V_1.0+test9	f	EmoReact_V_1.0
Data/test/MAKEUP_APPS90_2.mp4	unk	1	eng	en	EmoReact_V_1.0+test9	f	EmoReact_V_1.0
Data/test/MAKEUP_APPS94_2.mp4	unk	1	eng	en	EmoReact_V_1.0+test1	f	EmoReact_V_1.0
Data/test/MAKEUP_APPS99_2.mp4	unk	1	eng	en	EmoReact_V_1.0+test2	m	EmoReact_V_1.0
Data/test/MAKEUP_APPS9_2.mp4	unk	1	eng	en	EmoReact_V_1.0+test9	f	EmoReact_V_1.0
Data/test/MINECRAFT111_2.mp4	hap	1	eng	en	EmoReact_V_1.0+test5	f	EmoReact_V_1.0
Data/test/MINECRAFT112_2.mp4	neu	0	eng	en	EmoReact_V_1.0+test14	m	EmoReact_V_1.0
Data/test/MINECRAFT119_2.mp4	unk	1	eng	en	EmoReact_V_1.0+test14	m	EmoReact_V_1.0
Data/test/MINECRAFT36_2.mp4	hap	1	eng	en	EmoReact_V_1.0+test15	m	EmoReact_V_1.0
Data/test/MINECRAFT38_2.mp4	hap	1	eng	en	EmoReact_V_1.0+test15	m	EmoReact_V_1.0
Data/test/MINECRAFT40_2.mp4	unk	1	eng	en	EmoReact_V_1.0+test5	f	EmoReact_V_1.0
Data/test/MINECRAFT59_2.mp4	unk	1	eng	en	EmoReact_V_1.0+test15	m	EmoReact_V_1.0
Data/test/MINECRAFT66_2.mp4	unk	1	eng	en	EmoReact_V_1.0+test5	f	EmoReact_V_1.0
Data/test/MINECRAFT70_2.mp4	unk	1	eng	en	EmoReact_V_1.0+test5	f	EmoReact_V_1.0
Data/test/MINECRAFT78_2.mp4	unk	1	eng	en	EmoReact_V_1.0+test5	f	EmoReact_V_1.0
Data/test/MINECRAFT93_2.mp4	unk	1	eng	en	EmoReact_V_1.0+test14	m	EmoReact_V_1.0
Data/test/NYAN_CAT118_2.mp4	unk	1	eng	en	EmoReact_V_1.0+test5	f	EmoReact_V_1.0
Data/test/NYAN_CAT35_2.mp4	unk	1	eng	en	EmoReact_V_1.0+test20	m	EmoReact_V_1.0
Data/test/NYAN_CAT58_2.mp4	unk	1	eng	en	EmoReact_V_1.0+test11	f	EmoReact_V_1.0
Data/test/NYAN_CAT81_2.mp4	unk	1	eng	en	EmoReact_V_1.0+test5	f	EmoReact_V_1.0
Data/test/NYAN_CAT83_2.mp4	unk	1	eng	en	EmoReact_V_1.0+test5	f	EmoReact_V_1.0
Data/test/NYAN_CAT8_2.mp4	unk	1	eng	en	EmoReact_V_1.0+test5	f	EmoReact_V_1.0
Data/test/NYAN_CAT97_2.mp4	hap	1	eng	en	EmoReact_V_1.0+test20	m	EmoReact_V_1.0
Data/test/OLDCAMERAS28_2.mp4	fru	-1	eng	en	EmoReact_V_1.0+test1	f	EmoReact_V_1.0
Data/test/OLDCAMERAS55_2.mp4	hap	1	eng	en	EmoReact_V_1.0+test10	m	EmoReact_V_1.0
Data/test/OLDCOMPUTERS102_2.mp4	unk	1	eng	en	EmoReact_V_1.0+test6	m	EmoReact_V_1.0
Data/test/OLDCOMPUTERS113_2.mp4	unk	1	eng	en	EmoReact_V_1.0+test2	m	EmoReact_V_1.0
Data/test/OLDCOMPUTERS152_2.mp4	unk	-1	eng	en	EmoReact_V_1.0+test6	m	EmoReact_V_1.0
Data/test/OLDCOMPUTERS158_2.mp4	unk	1	eng	en	EmoReact_V_1.0+test6	m	EmoReact_V_1.0
Data/test/OLDCOMPUTERS45_2.mp4	cur	1	eng	en	EmoReact_V_1.0+test9	f	EmoReact_V_1.0
Data/test/OLDCOMPUTERS79_2.mp4	hap	1	eng	en	EmoReact_V_1.0+test2	m	EmoReact_V_1.0
Data/test/OLDCOMPUTERS81_2.mp4	neu	0	eng	en	EmoReact_V_1.0+test2	m	EmoReact_V_1.0
Data/test/OLDCOMPUTERS93_2.mp4	unk	1	eng	en	EmoReact_V_1.0+test9	f	EmoReact_V_1.0
Data/test/OLDCOMPUTERS96_2.mp4	unk	-1	eng	en	EmoReact_V_1.0+test1	f	EmoReact_V_1.0
Data/test/PIZZATOPPINGS139_2.mp4	unk	-1	eng	en	EmoReact_V_1.0+test2	m	EmoReact_V_1.0
Data/test/PIZZATOPPINGS140_2.mp4	unk	1	eng	en	EmoReact_V_1.0+test8	f	EmoReact_V_1.0
Data/test/PIZZATOPPINGS149_2.mp4	hap	1	eng	en	EmoReact_V_1.0+test10	m	EmoReact_V_1.0
Data/test/PIZZATOPPINGS2_2.mp4	unk	1	eng	en	EmoReact_V_1.0+test8	f	EmoReact_V_1.0
Data/test/PIZZATOPPINGS39_2.mp4	hap	1	eng	en	EmoReact_V_1.0+test10	m	EmoReact_V_1.0
Data/test/PIZZATOPPINGS59_2.mp4	unk	-1	eng	en	EmoReact_V_1.0+test1	f	EmoReact_V_1.0
Data/test/REBECCA19_2.mp4	unk	-1	eng	en	EmoReact_V_1.0+test5	f	EmoReact_V_1.0
Data/test/REBECCA31_2.mp4	hap	1	eng	en	EmoReact_V_1.0+test20	m	EmoReact_V_1.0
Data/test/REBECCA51_2.mp4	unk	-1	eng	en	EmoReact_V_1.0+test20	m	EmoReact_V_1.0
Data/test/REBECCA53_2.mp4	hap	1	eng	en	EmoReact_V_1.0+test20	m	EmoReact_V_1.0
Data/test/REBECCA56_2.mp4	hap	1	eng	en	EmoReact_V_1.0+test5	f	EmoReact_V_1.0
Data/test/REBECCA59_2.mp4	unk	-1	eng	en	EmoReact_V_1.0+test5	f	EmoReact_V_1.0
Data/test/REBECCA61_2.mp4	unk	1	eng	en	EmoReact_V_1.0+test5	f	EmoReact_V_1.0
Data/test/REBECCA65_2.mp4	unc	-1	eng	en	EmoReact_V_1.0+test5	f	EmoReact_V_1.0
Data/test/REBECCA88_2.mp4	unc	-1	eng	en	EmoReact_V_1.0+test11	f	EmoReact_V_1.0
Data/test/ROTARYPHONES15_2.mp4	hap	1	eng	en	EmoReact_V_1.0+test6	m	EmoReact_V_1.0
Data/test/ROTARYPHONES25_2.mp4	hap	1	eng	en	EmoReact_V_1.0+test6	m	EmoReact_V_1.0
Data/test/SKIPIT101_2.mp4	cur	1	eng	en	EmoReact_V_1.0+test8	f	EmoReact_V_1.0
Data/test/SKIPIT108_2.mp4	neu	0	eng	en	EmoReact_V_1.0+test6	m	EmoReact_V_1.0
Data/test/SKIPIT125_2.mp4	neu	0	eng	en	EmoReact_V_1.0+test6	m	EmoReact_V_1.0
Data/test/SKIPIT27_2.mp4	unk	1	eng	en	EmoReact_V_1.0+test8	f	EmoReact_V_1.0
Data/test/SKIPIT33_2.mp4	hap	1	eng	en	EmoReact_V_1.0+test8	f	EmoReact_V_1.0
Data/test/SKIPIT37_2.mp4	unc	-1	eng	en	EmoReact_V_1.0+test2	m	EmoReact_V_1.0
Data/test/SKIPIT53_2.mp4	unc	-1	eng	en	EmoReact_V_1.0+test6	m	EmoReact_V_1.0
Data/test/SKIPIT85_2.mp4	neu	0	eng	en	EmoReact_V_1.0+test6	m	EmoReact_V_1.0
Data/test/SKIPIT99_2.mp4	neu	0	eng	en	EmoReact_V_1.0+test8	f	EmoReact_V_1.0
Data/test/SPAM31_2.mp4	unk	-1	eng	en	EmoReact_V_1.0+test16	f	EmoReact_V_1.0
Data/test/SPAM38_2.mp4	unc	-1	eng	en	EmoReact_V_1.0+test1	f	EmoReact_V_1.0
Data/test/SPAM41_2.mp4	unk	-1	eng	en	EmoReact_V_1.0+test16	f	EmoReact_V_1.0
Data/test/SPAM56_2.mp4	unk	-1	eng	en	EmoReact_V_1.0+test2	m	EmoReact_V_1.0
Data/test/SPAM80_2.mp4	unk	-1	eng	en	EmoReact_V_1.0+test2	m	EmoReact_V_1.0
Data/test/SPAM84_2.mp4	unk	-1	eng	en	EmoReact_V_1.0+test1	f	EmoReact_V_1.0
Data/test/SPAM86_2.mp4	unk	1	eng	en	EmoReact_V_1.0+test2	m	EmoReact_V_1.0
Data/test/SPAM8_2.mp4	unk	1	eng	en	EmoReact_V_1.0+test2	m	EmoReact_V_1.0
Data/test/SQUID103_2.mp4	unk	1	eng	en	EmoReact_V_1.0+test8	f	EmoReact_V_1.0
Data/test/SQUID19_2.mp4	unk	-1	eng	en	EmoReact_V_1.0+test1	f	EmoReact_V_1.0
Data/test/SQUID22_2.mp4	unk	-1	eng	en	EmoReact_V_1.0+test1	f	EmoReact_V_1.0
Data/test/SQUID62_2.mp4	unk	1	eng	en	EmoReact_V_1.0+test1	f	EmoReact_V_1.0
Data/test/SQUID80_2.mp4	unk	-1	eng	en	EmoReact_V_1.0+test1	f	EmoReact_V_1.0
Data/test/SQUID86_2.mp4	unk	1	eng	en	EmoReact_V_1.0+test1	f	EmoReact_V_1.0
Data/test/SUSHI104_2.mp4	unk	-1	eng	en	EmoReact_V_1.0+test21	m	EmoReact_V_1.0
Data/test/SUSHI116_2.mp4	unk	-1	eng	en	EmoReact_V_1.0+test8	f	EmoReact_V_1.0
Data/test/SUSHI15_2.mp4	unk	1	eng	en	EmoReact_V_1.0+test8	f	EmoReact_V_1.0
Data/test/SUSHI19_2.mp4	unk	1	eng	en	EmoReact_V_1.0+test1	f	EmoReact_V_1.0
Data/test/SUSHI30_2.mp4	unk	-1	eng	en	EmoReact_V_1.0+test8	f	EmoReact_V_1.0
Data/test/SUSHI38_2.mp4	unk	-1	eng	en	EmoReact_V_1.0+test1	f	EmoReact_V_1.0
Data/test/SUSHI3_2.mp4	unk	1	eng	en	EmoReact_V_1.0+test1	f	EmoReact_V_1.0
Data/test/SUSHI53_2.mp4	unk	-1	eng	en	EmoReact_V_1.0+test21	m	EmoReact_V_1.0
Data/test/SUSHI55_2.mp4	dis	-1	eng	en	EmoReact_V_1.0+test1	f	EmoReact_V_1.0
Data/test/SUSHI74_2.mp4	unk	-1	eng	en	EmoReact_V_1.0+test21	m	EmoReact_V_1.0
Data/test/SUSHI84_2.mp4	unk	-1	eng	en	EmoReact_V_1.0+test1	f	EmoReact_V_1.0
Data/test/SWING_COPTERS109_2.mp4	unk	1	eng	en	EmoReact_V_1.0+test3	f	EmoReact_V_1.0
Data/test/SWING_COPTERS110_2.mp4	unk	-1	eng	en	EmoReact_V_1.0+test10	m	EmoReact_V_1.0
Data/test/SWING_COPTERS135_2.mp4	unk	1	eng	en	EmoReact_V_1.0+test2	m	EmoReact_V_1.0
Data/test/SWING_COPTERS139_2.mp4	unk	1	eng	en	EmoReact_V_1.0+test2	m	EmoReact_V_1.0
Data/test/SWING_COPTERS141_2.mp4	hap	1	eng	en	EmoReact_V_1.0+test2	m	EmoReact_V_1.0
Data/test/SWING_COPTERS153_2.mp4	unk	-1	eng	en	EmoReact_V_1.0+test9	f	EmoReact_V_1.0
Data/test/SWING_COPTERS155_2.mp4	unk	-1	eng	en	EmoReact_V_1.0+test9	f	EmoReact_V_1.0
Data/test/SWING_COPTERS157_2.mp4	fru	-1	eng	en	EmoReact_V_1.0+test9	f	EmoReact_V_1.0
Data/test/SWING_COPTERS165_2.mp4	fru	-1	eng	en	EmoReact_V_1.0+test10	m	EmoReact_V_1.0
Data/test/SWING_COPTERS169_2.mp4	unk	1	eng	en	EmoReact_V_1.0+test10	m	EmoReact_V_1.0
Data/test/SWING_COPTERS170_2.mp4	unk	1	eng	en	EmoReact_V_1.0+test3	f	EmoReact_V_1.0
Data/test/SWING_COPTERS172_2.mp4	hap	1	eng	en	EmoReact_V_1.0+test3	f	EmoReact_V_1.0
Data/test/SWING_COPTERS176_2.mp4	unk	1	eng	en	EmoReact_V_1.0+test3	f	EmoReact_V_1.0
Data/test/SWING_COPTERS177_2.mp4	unk	1	eng	en	EmoReact_V_1.0+test3	f	EmoReact_V_1.0
Data/test/SWING_COPTERS192_2.mp4	unk	1	eng	en	EmoReact_V_1.0+test2	m	EmoReact_V_1.0
Data/test/SWING_COPTERS194_2.mp4	unk	1	eng	en	EmoReact_V_1.0+test2	m	EmoReact_V_1.0
Data/test/SWING_COPTERS22_2.mp4	unk	-1	eng	en	EmoReact_V_1.0+test10	m	EmoReact_V_1.0
Data/test/SWING_COPTERS24_2.mp4	unk	-1	eng	en	EmoReact_V_1.0+test10	m	EmoReact_V_1.0
Data/test/SWING_COPTERS26_2.mp4	fru	-1	eng	en	EmoReact_V_1.0+test10	m	EmoReact_V_1.0
Data/test/SWING_COPTERS28_2.mp4	unk	-1	eng	en	EmoReact_V_1.0+test10	m	EmoReact_V_1.0
Data/test/SWING_COPTERS31_2.mp4	unk	-1	eng	en	EmoReact_V_1.0+test2	m	EmoReact_V_1.0
Data/test/SWING_COPTERS35_2.mp4	unk	-1	eng	en	EmoReact_V_1.0+test2	m	EmoReact_V_1.0
Data/test/SWING_COPTERS38_2.mp4	unk	1	eng	en	EmoReact_V_1.0+test3	f	EmoReact_V_1.0
Data/test/SWING_COPTERS42_2.mp4	unk	1	eng	en	EmoReact_V_1.0+test3	f	EmoReact_V_1.0
Data/test/SWING_COPTERS47_2.mp4	unk	-1	eng	en	EmoReact_V_1.0+test9	f	EmoReact_V_1.0
Data/test/SWING_COPTERS5_2.mp4	unk	1	eng	en	EmoReact_V_1.0+test3	f	EmoReact_V_1.0
Data/test/SWING_COPTERS7_2.mp4	unk	-1	eng	en	EmoReact_V_1.0+test9	f	EmoReact_V_1.0
Data/test/SWING_COPTERS91_2.mp4	unk	1	eng	en	EmoReact_V_1.0+test2	m	EmoReact_V_1.0
Data/test/SWING_COPTERS93_2.mp4	unk	1	eng	en	EmoReact_V_1.0+test10	m	EmoReact_V_1.0
Data/test/SWING_COPTERS94_2.mp4	unk	-1	eng	en	EmoReact_V_1.0+test3	f	EmoReact_V_1.0
Data/test/SWING_COPTERS96_2.mp4	unk	1	eng	en	EmoReact_V_1.0+test3	f	EmoReact_V_1.0
Data/test/SWING_COPTERS98_2.mp4	unk	1	eng	en	EmoReact_V_1.0+test2	m	EmoReact_V_1.0
Data/test/TOFU19_2.mp4	hap	1	eng	en	EmoReact_V_1.0+test9	f	EmoReact_V_1.0
Data/test/TOFU30_2.mp4	hap	1	eng	en	EmoReact_V_1.0+test6	m	EmoReact_V_1.0
Data/test/TOFU3_2.mp4	unk	-1	eng	en	EmoReact_V_1.0+test8	f	EmoReact_V_1.0
Data/test/TOFU47_2.mp4	unk	-1	eng	en	EmoReact_V_1.0+test8	f	EmoReact_V_1.0
Data/test/TOFU53_2.mp4	unk	1	eng	en	EmoReact_V_1.0+test9	f	EmoReact_V_1.0
Data/test/TOFU66_2.mp4	unk	1	eng	en	EmoReact_V_1.0+test6	m	EmoReact_V_1.0
Data/test/TOFU68_2.mp4	neu	0	eng	en	EmoReact_V_1.0+test6	m	EmoReact_V_1.0
Data/test/TOFU79_2.mp4	unk	-1	eng	en	EmoReact_V_1.0+test8	f	EmoReact_V_1.0
Data/test/TOFU87_2.mp4	hap	1	eng	en	EmoReact_V_1.0+test9	f	EmoReact_V_1.0
Data/test/TOILET20_2.mp4	unk	1	eng	en	EmoReact_V_1.0+test5	f	EmoReact_V_1.0
Data/test/TOILET52_2.mp4	unk	1	eng	en	EmoReact_V_1.0+test17	f	EmoReact_V_1.0
Data/test/TOILET72_2.mp4	unk	1	eng	en	EmoReact_V_1.0+test17	f	EmoReact_V_1.0
Data/test/TOILET75_2.mp4	unk	1	eng	en	EmoReact_V_1.0+test5	f	EmoReact_V_1.0
Data/test/TOILET7_2.mp4	unk	1	eng	en	EmoReact_V_1.0+test17	f	EmoReact_V_1.0
Data/test/TOILET80_2.mp4	unk	1	eng	en	EmoReact_V_1.0+test5	f	EmoReact_V_1.0
Data/test/TYPEWRITERS16_2.mp4	unk	1	eng	en	EmoReact_V_1.0+test2	m	EmoReact_V_1.0
Data/test/TYPEWRITERS35_2.mp4	unk	-1	eng	en	EmoReact_V_1.0+test8	f	EmoReact_V_1.0
Data/test/VCR108_2.mp4	unk	-1	eng	en	EmoReact_V_1.0+test16	f	EmoReact_V_1.0
Data/test/VCR127_2.mp4	hap	1	eng	en	EmoReact_V_1.0+test1	f	EmoReact_V_1.0
Data/test/VCR45_2.mp4	unk	1	eng	en	EmoReact_V_1.0+test16	f	EmoReact_V_1.0
Data/test/VCR52_2.mp4	unk	1	eng	en	EmoReact_V_1.0+test16	f	EmoReact_V_1.0
Data/test/VCR60_2.mp4	unk	1	eng	en	EmoReact_V_1.0+test1	f	EmoReact_V_1.0
Data/test/VCR62_2.mp4	sur	-1	eng	en	EmoReact_V_1.0+test9	f	EmoReact_V_1.0
Data/test/VCR67_2.mp4	hap	1	eng	en	EmoReact_V_1.0+test16	fe	EmoReact_V_1.0
Data/test/VCR99_2.mp4	hap	1	eng	en	EmoReact_V_1.0+test1	f	EmoReact_V_1.0
Data/test/VEGEMITE10_2.mp4	unk	-1	eng	en	EmoReact_V_1.0+test13	m	EmoReact_V_1.0
Data/test/VEGEMITE12_2.mp4	unk	1	eng	en	EmoReact_V_1.0+test2	m	EmoReact_V_1.0
Data/test/VEGEMITE25_2.mp4	unk	-1	eng	en	EmoReact_V_1.0+test9	f	EmoReact_V_1.0
Data/test/VEGEMITE48_2.mp4	unk	-1	eng	en	EmoReact_V_1.0+test9	f	EmoReact_V_1.0
Data/test/VEGEMITE4_2.mp4	unk	-1	eng	en	EmoReact_V_1.0+test9	f	EmoReact_V_1.0
Data/test/VEGEMITE56_2.mp4	unk	-1	eng	en	EmoReact_V_1.0+test8	f	EmoReact_V_1.0
Data/test/VEGEMITE68_2.mp4	unk	-1	eng	en	EmoReact_V_1.0+test2	m	EmoReact_V_1.0
Data/test/VEGEMITE79_2.mp4	dis	-1	eng	en	EmoReact_V_1.0+test8	f	EmoReact_V_1.0
Data/test/VEGEMITE90_2.mp4	dis	-1	eng	en	EmoReact_V_1.0+test6	m	EmoReact_V_1.0
Data/test/WALKMANS108_2.mp4	unk	1	eng	en	EmoReact_V_1.0+test6	m	EmoReact_V_1.0
Data/test/WALKMANS117_2.mp4	unk	1	eng	en	EmoReact_V_1.0+test9	f	EmoReact_V_1.0
Data/test/WALKMANS118_2.mp4	unk	1	eng	en	EmoReact_V_1.0+test2	m	EmoReact_V_1.0
Data/test/WALKMANS123_2.mp4	exc	1	eng	en	EmoReact_V_1.0+test9	f	EmoReact_V_1.0
Data/test/WALKMANS18_2.mp4	unk	1	eng	en	EmoReact_V_1.0+test6	m	EmoReact_V_1.0
Data/test/WALKMANS29_2.mp4	unk	1	eng	en	EmoReact_V_1.0+test2	m	EmoReact_V_1.0
Data/test/WALKMANS33_2.mp4	hap	1	eng	en	EmoReact_V_1.0+test8	f	EmoReact_V_1.0
Data/test/WALKMANS47_2.mp4	unk	1	eng	en	EmoReact_V_1.0+test9	f	EmoReact_V_1.0
Data/test/WALKMANS49_2.mp4	unk	-1	eng	en	EmoReact_V_1.0+test9	f	EmoReact_V_1.0
Data/test/WALKMANS54_2.mp4	unk	1	eng	en	EmoReact_V_1.0+test9	f	EmoReact_V_1.0
Data/test/WALKMANS63_2.mp4	unk	-1	eng	en	EmoReact_V_1.0+test6	m	EmoReact_V_1.0
Data/test/WALKMANS79_2.mp4	unk	-1	eng	en	EmoReact_V_1.0+test9	f	EmoReact_V_1.0
Data/test/WALKMANS95_2.mp4	hap	1	eng	en	EmoReact_V_1.0+test9	f	EmoReact_V_1.0
Data/test/WHEATGRASS21_2.mp4	unk	1	eng	en	EmoReact_V_1.0+test1	f	EmoReact_V_1.0
Data/test/WHEATGRASS69_2.mp4	neu	0	eng	en	EmoReact_V_1.0+test6	m	EmoReact_V_1.0
Data/test/WHEATGRASS70_2.mp4	unk	1	eng	en	EmoReact_V_1.0+test1	f	EmoReact_V_1.0
Data/test/WHEATGRASS82_2.mp4	unk	1	eng	en	EmoReact_V_1.0+test1	f	EmoReact_V_1.0
Data/test/WHEATGRASS84_2.mp4	unk	1	eng	en	EmoReact_V_1.0+test1	f	EmoReact_V_1.0
Data/test/WHEATGRASS92_2.mp4	unk	1	eng	en	EmoReact_V_1.0+test6	m	EmoReact_V_1.0
Data/test/WHEATGRASS99_2.mp4	unk	1	eng	en	EmoReact_V_1.0+test1	f	EmoReact_V_1.0
Data/test/iPOD108_2.mp4	unk	1	eng	en	EmoReact_V_1.0+test1	f	EmoReact_V_1.0
Data/test/iPOD115_2.mp4	unk	-1	eng	en	EmoReact_V_1.0+test1	f	EmoReact_V_1.0
Data/test/iPOD131_2.mp4	unk	1	eng	en	EmoReact_V_1.0+test1	f	EmoReact_V_1.0
Data/test/iPOD16_2.mp4	unk	1	eng	en	EmoReact_V_1.0+test1	f	EmoReact_V_1.0
Data/test/iPOD25_2.mp4	unk	1	eng	en	EmoReact_V_1.0+test1	f	EmoReact_V_1.0
Data/test/iPOD35_2.mp4	unk	1	eng	en	EmoReact_V_1.0+test1	f	EmoReact_V_1.0
Data/test/iPOD39_2.mp4	unk	-1	eng	en	EmoReact_V_1.0+test1	f	EmoReact_V_1.0
Data/test/iPOD73_2.mp4	unk	1	eng	en	EmoReact_V_1.0+test1	f	EmoReact_V_1.0
Data/test/iPOD83_2.mp4	hap	1	eng	en	EmoReact_V_1.0+test1	f	EmoReact_V_1.0
Data/test/iPOD93_2.mp4	unk	1	eng	en	EmoReact_V_1.0+test1	f	EmoReact_V_1.0
Data/val/80'sTOYS115_2.mp4	sur	-1	eng	en	EmoReact_V_1.0+val3	m	EmoReact_V_1.0
Data/val/80'sTOYS119_2.mp4	neu	0	eng	en	EmoReact_V_1.0+val3	m	EmoReact_V_1.0
Data/val/80'sTOYS120_2.mp4	unk	1	eng	en	EmoReact_V_1.0+val1	f	EmoReact_V_1.0
Data/val/80'sTOYS126_2.mp4	hap	1	eng	en	EmoReact_V_1.0+val1	f	EmoReact_V_1.0
Data/val/80'sTOYS133_2.mp4	neu	0	eng	en	EmoReact_V_1.0+val3	m	EmoReact_V_1.0
Data/val/80'sTOYS16_2.mp4	unk	1	eng	en	EmoReact_V_1.0+val1	f	EmoReact_V_1.0
Data/val/80'sTOYS27_2.mp4	unk	1	eng	en	EmoReact_V_1.0+val1	f	EmoReact_V_1.0
Data/val/80'sTOYS39_2.mp4	unk	1	eng	en	EmoReact_V_1.0+val2	f	EmoReact_V_1.0
Data/val/80'sTOYS40_2.mp4	unk	1	eng	en	EmoReact_V_1.0+val1	f	EmoReact_V_1.0
Data/val/ANNOYING_ORANGE137_2.mp4	unk	1	eng	en	EmoReact_V_1.0+val1	f	EmoReact_V_1.0
Data/val/ANNOYING_ORANGE70_2.mp4	neu	0	eng	en	EmoReact_V_1.0+val4	m	EmoReact_V_1.0
Data/val/APPLEWATCH32_2.mp4	unc	-1	eng	en	EmoReact_V_1.0+val6	m	EmoReact_V_1.0
Data/val/APPLEWATCH40_2.mp4	unk	1	eng	en	EmoReact_V_1.0+val5	f	EmoReact_V_1.0
Data/val/BRUSSELSSPROUTS20_2.mp4	dis	-1	eng	en	EmoReact_V_1.0+val8	f	EmoReact_V_1.0
Data/val/BRUSSELSSPROUTS21_2.mp4	unk	-1	eng	en	EmoReact_V_1.0+val7	f	EmoReact_V_1.0
Data/val/BRUSSELSSPROUTS3_2.mp4	unk	1	eng	en	EmoReact_V_1.0+val7	f	EmoReact_V_1.0
Data/val/BRUSSELSSPROUTS54_2.mp4	unc	-1	eng	en	EmoReact_V_1.0+val8	f	EmoReact_V_1.0
Data/val/BRUSSELSSPROUTS74_2.mp4	unk	1	eng	en	EmoReact_V_1.0+val7	f	EmoReact_V_1.0
Data/val/BULLYING111_2.mp4	neu	0	eng	en	EmoReact_V_1.0+val10	m	EmoReact_V_1.0
Data/val/BULLYING113_2.mp4	neu	0	eng	en	EmoReact_V_1.0+val9	m	EmoReact_V_1.0
Data/val/BULLYING40_2.mp4	unc	-1	eng	en	EmoReact_V_1.0+val9	m	EmoReact_V_1.0
Data/val/CAKE10_2.mp4	unk	1	eng	en	EmoReact_V_1.0+val11	f	EmoReact_V_1.0
Data/val/CAKE12_2.mp4	unk	1	eng	en	EmoReact_V_1.0+val12	m	EmoReact_V_1.0
Data/val/CAKE19_2.mp4	unk	1	eng	en	EmoReact_V_1.0+val12	m	EmoReact_V_1.0
Data/val/CAKE20_2.mp4	hap	1	eng	en	EmoReact_V_1.0+val3	m	EmoReact_V_1.0
Data/val/CAKE23_2.mp4	unk	1	eng	en	EmoReact_V_1.0+val12	m	EmoReact_V_1.0
Data/val/CAKE29_2.mp4	unk	-1	eng	en	EmoReact_V_1.0+val3	m	EmoReact_V_1.0
Data/val/CAKE30_2.mp4	unk	1	eng	en	EmoReact_V_1.0+val11	f	EmoReact_V_1.0
Data/val/CAKE34_2.mp4	unc	-1	eng	en	EmoReact_V_1.0+val3	m	EmoReact_V_1.0
Data/val/CAKE58_2.mp4	unk	1	eng	en	EmoReact_V_1.0+val11	f	EmoReact_V_1.0
Data/val/CAKE65_2.mp4	unk	1	eng	en	EmoReact_V_1.0+val12	m	EmoReact_V_1.0
Data/val/CAN_YOUR_PET14_2.mp4	unk	1	eng	en	EmoReact_V_1.0+val12	m	EmoReact_V_1.0
Data/val/CAN_YOUR_PET2_2.mp4	unk	-1	eng	en	EmoReact_V_1.0+val11	f	EmoReact_V_1.0
Data/val/CAN_YOUR_PET30_2.mp4	unk	1	eng	en	EmoReact_V_1.0+val2	f	EmoReact_V_1.0
Data/val/CAN_YOUR_PET35_2.mp4	unk	1	eng	en	EmoReact_V_1.0+val11	f	EmoReact_V_1.0
Data/val/CAN_YOUR_PET69_2.mp4	unk	1	eng	en	EmoReact_V_1.0+val2	f	EmoReact_V_1.0
Data/val/CAN_YOUR_PET74_2.mp4	unk	1	eng	en	EmoReact_V_1.0+val12	m	EmoReact_V_1.0
Data/val/CAN_YOUR_PET75_2.mp4	unk	1	eng	en	EmoReact_V_1.0+val2	f	EmoReact_V_1.0
Data/val/CAN_YOUR_PET87_2.mp4	unk	-1	eng	en	EmoReact_V_1.0+val11	f	EmoReact_V_1.0
Data/val/CAN_YOUR_PET93_2.mp4	unk	1	eng	en	EmoReact_V_1.0+val12	m	EmoReact_V_1.0
Data/val/CAN_YOUR_PET97_2.mp4	unk	-1	eng	en	EmoReact_V_1.0+val2	f	EmoReact_V_1.0
Data/val/CAVIAR3_2.mp4	unk	-1	eng	en	EmoReact_V_1.0+val7	f	EmoReact_V_1.0
Data/val/CAVIAR68_2.mp4	unk	1	eng	en	EmoReact_V_1.0+val13	m	EmoReact_V_1.0
Data/val/COWTONGUE94_2.mp4	hap	1	eng	en	EmoReact_V_1.0+val4	m	EmoReact_V_1.0
Data/val/DUBSTEP100_2.mp4	unk	1	eng	en	EmoReact_V_1.0+val2	f	EmoReact_V_1.0
Data/val/DUBSTEP11_2.mp4	unk	1	eng	en	EmoReact_V_1.0+val1	f	EmoReact_V_1.0
Data/val/DUBSTEP129_2.mp4	hap	1	eng	en	EmoReact_V_1.0+val1	f	EmoReact_V_1.0
Data/val/DUBSTEP140_2.mp4	unk	1	eng	en	EmoReact_V_1.0+val1	f	EmoReact_V_1.0
Data/val/DUBSTEP142_2.mp4	unk	-1	eng	en	EmoReact_V_1.0+val1	f	EmoReact_V_1.0
Data/val/DUBSTEP30_2.mp4	fea	-1	eng	en	EmoReact_V_1.0+val2	f	EmoReact_V_1.0
Data/val/DUBSTEP32_2.mp4	unk	1	eng	en	EmoReact_V_1.0+val2	f	EmoReact_V_1.0
Data/val/DUBSTEP44_2.mp4	unk	-1	eng	en	EmoReact_V_1.0+val14	f	EmoReact_V_1.0
Data/val/ESCARGOT100_2.mp4	dis	-1	eng	en	EmoReact_V_1.0+val14	m	EmoReact_V_1.0
Data/val/ESCARGOT62_2.mp4	unk	-1	eng	en	EmoReact_V_1.0+val12	f	EmoReact_V_1.0
Data/val/ESCARGOT82_2.mp4	unk	-1	eng	en	EmoReact_V_1.0+val14	f	EmoReact_V_1.0
Data/val/ESCARGOT97_2.mp4	dis	-1	eng	en	EmoReact_V_1.0+val14	f	EmoReact_V_1.0
Data/val/GAMEBOY20_2.mp4	hap	1	eng	en	EmoReact_V_1.0+val4	m	EmoReact_V_1.0
Data/val/GAMEBOY23_2.mp4	unk	1	eng	en	EmoReact_V_1.0+val4	m	EmoReact_V_1.0
Data/val/GAMEBOY30_2.mp4	sur	-1	eng	en	EmoReact_V_1.0+val2	f	EmoReact_V_1.0
Data/val/GAMEBOY35_2.mp4	unk	1	eng	en	EmoReact_V_1.0+val4	m	EmoReact_V_1.0
Data/val/Gay_Marriage12_2.mp4	unk	1	eng	en	EmoReact_V_1.0+val4	m	EmoReact_V_1.0
Data/val/Gay_Marriage14_2.mp4	hap	1	eng	en	EmoReact_V_1.0+val13	m	EmoReact_V_1.0
Data/val/Gay_Marriage154_2.mp4	unk	1	eng	en	EmoReact_V_1.0+val13	m	EmoReact_V_1.0
Data/val/Gay_Marriage20_2.mp4	unk	1	eng	en	EmoReact_V_1.0+val4	m	EmoReact_V_1.0
Data/val/Gay_Marriage218_2.mp4	unk	1	eng	en	EmoReact_V_1.0+val4	m	EmoReact_V_1.0
Data/val/Gay_Marriage288_2.mp4	hap	1	eng	en	EmoReact_V_1.0+val4	m	EmoReact_V_1.0
Data/val/Gay_Marriage290_2.mp4	hap	1	eng	en	EmoReact_V_1.0+val4	m	EmoReact_V_1.0
Data/val/Gay_Marriage313_2.mp4	hap	1	eng	en	EmoReact_V_1.0+val13	m	EmoReact_V_1.0
Data/val/Gay_Marriage315_2.mp4	neu	0	eng	en	EmoReact_V_1.0+val4	m	EmoReact_V_1.0
Data/val/Gay_Marriage319_2.mp4	unk	1	eng	en	EmoReact_V_1.0+val4	m	EmoReact_V_1.0
Data/val/HARLEMSHAKE101_2.mp4	unc	-1	eng	en	EmoReact_V_1.0+val2	f	EmoReact_V_1.0
Data/val/HARLEMSHAKE105_2.mp4	unk	1	eng	en	EmoReact_V_1.0+val15	m	EmoReact_V_1.0
Data/val/HARLEMSHAKE11_2.mp4	unk	1	eng	en	EmoReact_V_1.0+val15	m	EmoReact_V_1.0
Data/val/HARLEMSHAKE125_2.mp4	unk	1	eng	en	EmoReact_V_1.0+val15	m	EmoReact_V_1.0
Data/val/HARLEMSHAKE12_2.mp4	unk	1	eng	en	EmoReact_V_1.0+val1	f	EmoReact_V_1.0
Data/val/HARLEMSHAKE135_2.mp4	unk	1	eng	en	EmoReact_V_1.0+val10	m	EmoReact_V_1.0
Data/val/HARLEMSHAKE139_2.mp4	fru	-1	eng	en	EmoReact_V_1.0+val1	f	EmoReact_V_1.0
Data/val/HARLEMSHAKE30_2.mp4	unk	1	eng	en	EmoReact_V_1.0+val10	m	EmoReact_V_1.0
Data/val/HARLEMSHAKE43_2.mp4	unk	1	eng	en	EmoReact_V_1.0+val1	f	EmoReact_V_1.0
Data/val/HARLEMSHAKE64_2.mp4	unk	1	eng	en	EmoReact_V_1.0+val2	f	EmoReact_V_1.0
Data/val/HARLEMSHAKE71_2.mp4	unk	1	eng	en	EmoReact_V_1.0+val16	f	EmoReact_V_1.0
Data/val/HARLEMSHAKE95_2.mp4	unk	1	eng	en	EmoReact_V_1.0+val15	m	EmoReact_V_1.0
Data/val/KIMCHI12_2.mp4	hap	1	eng	en	EmoReact_V_1.0+val4	m	EmoReact_V_1.0
Data/val/KIMCHI14_2.mp4	hap	1	eng	en	EmoReact_V_1.0+val4	m	EmoReact_V_1.0
Data/val/KIMCHI20_2.mp4	unk	-1	eng	en	EmoReact_V_1.0+val12	m	EmoReact_V_1.0
Data/val/KIMCHI5_2.mp4	unk	-1	eng	en	EmoReact_V_1.0+val12	m	EmoReact_V_1.0
Data/val/KIMCHI66_2.mp4	unk	1	eng	en	EmoReact_V_1.0+val11	f	EmoReact_V_1.0
Data/val/KIMCHI71_2.mp4	unk	1	eng	en	EmoReact_V_1.0+val5	f	EmoReact_V_1.0
Data/val/KIMCHI75_2.mp4	hap	1	eng	en	EmoReact_V_1.0+val12	m	EmoReact_V_1.0
Data/val/KIMCHI81_2.mp4	unk	1	eng	en	EmoReact_V_1.0+val4	m	EmoReact_V_1.0
Data/val/KIMCHI87_2.mp4	dis	-1	eng	en	EmoReact_V_1.0+val11	f	EmoReact_V_1.0
Data/val/MAKEUP_APPS102_2.mp4	unk	1	eng	en	EmoReact_V_1.0+val17	f	EmoReact_V_1.0
Data/val/MAKEUP_APPS110_2.mp4	unk	1	eng	en	EmoReact_V_1.0+val4	m	EmoReact_V_1.0
Data/val/MAKEUP_APPS128_2.mp4	unk	1	eng	en	EmoReact_V_1.0+val17	f	EmoReact_V_1.0
Data/val/MAKEUP_APPS144_2.mp4	unk	1	eng	en	EmoReact_V_1.0+val4	m	EmoReact_V_1.0
Data/val/MAKEUP_APPS147_2.mp4	unk	-1	eng	en	EmoReact_V_1.0+val4	m	EmoReact_V_1.0
Data/val/MAKEUP_APPS14_2.mp4	unk	1	eng	en	EmoReact_V_1.0+val17	f	EmoReact_V_1.0
Data/val/MAKEUP_APPS157_2.mp4	unk	1	eng	en	EmoReact_V_1.0+val17	f	EmoReact_V_1.0
Data/val/MAKEUP_APPS175_2.mp4	hap	1	eng	en	EmoReact_V_1.0+val4	m	EmoReact_V_1.0
Data/val/MAKEUP_APPS52_2.mp4	unk	-1	eng	en	EmoReact_V_1.0+val4	m	EmoReact_V_1.0
Data/val/MAKEUP_APPS93_2.mp4	unk	1	eng	en	EmoReact_V_1.0+val4	m	EmoReact_V_1.0
Data/val/MAKEUP_APPS97_2.mp4	unk	1	eng	en	EmoReact_V_1.0+val4	m	EmoReact_V_1.0
Data/val/MINECRAFT103_2.mp4	unk	-1	eng	en	EmoReact_V_1.0+val1	f	EmoReact_V_1.0
Data/val/MINECRAFT104_2.mp4	unk	1	eng	en	EmoReact_V_1.0+val10	m	EmoReact_V_1.0
Data/val/MINECRAFT125_2.mp4	unc	-1	eng	en	EmoReact_V_1.0+val1	f	EmoReact_V_1.0
Data/val/MINECRAFT22_2.mp4	unk	1	eng	en	EmoReact_V_1.0+val10	m	EmoReact_V_1.0
Data/val/MINECRAFT34_2.mp4	unk	1	eng	en	EmoReact_V_1.0+val10	m	EmoReact_V_1.0
Data/val/MINECRAFT47_2.mp4	unk	-1	eng	en	EmoReact_V_1.0+val1	f	EmoReact_V_1.0
Data/val/MINECRAFT57_2.mp4	unk	1	eng	en	EmoReact_V_1.0+val17	f	EmoReact_V_1.0
Data/val/NYAN_CAT105_2.mp4	unk	-1	eng	en	EmoReact_V_1.0+val1	f	EmoReact_V_1.0
Data/val/NYAN_CAT107_2.mp4	unk	1	eng	en	EmoReact_V_1.0+val10	m	EmoReact_V_1.0
Data/val/NYAN_CAT29_2.mp4	fru	-1	eng	en	EmoReact_V_1.0+val1	f	EmoReact_V_1.0
Data/val/NYAN_CAT5_2.mp4	unk	1	eng	en	EmoReact_V_1.0+val1	f	EmoReact_V_1.0
Data/val/NYAN_CAT68_2.mp4	hap	1	eng	en	EmoReact_V_1.0+val1	f	EmoReact_V_1.0
Data/val/NYAN_CAT70_2.mp4	unk	1	eng	en	EmoReact_V_1.0+val1	f	EmoReact_V_1.0
Data/val/NYAN_CAT72_2.mp4	unk	1	eng	en	EmoReact_V_1.0+val1	f	EmoReact_V_1.0
Data/val/NYAN_CAT93_2.mp4	unk	1	eng	en	EmoReact_V_1.0+val1	f	EmoReact_V_1.0
Data/val/OLDCAMERAS14_2.mp4	unk	-1	eng	en	EmoReact_V_1.0+val3	m	EmoReact_V_1.0
Data/val/OLDCAMERAS16_2.mp4	unk	1	eng	en	EmoReact_V_1.0+val3	m	EmoReact_V_1.0
Data/val/OLDCAMERAS17_2.mp4	unk	1	eng	en	EmoReact_V_1.0+val6	m	EmoReact_V_1.0
Data/val/OLDCAMERAS26_2.mp4	unk	1	eng	en	EmoReact_V_1.0+val17	f	EmoReact_V_1.0
Data/val/OLDCAMERAS27_2.mp4	unk	1	eng	en	EmoReact_V_1.0+val11	f	EmoReact_V_1.0
Data/val/OLDCAMERAS36_2.mp4	neu	0	eng	en	EmoReact_V_1.0+val11	f	EmoReact_V_1.0
Data/val/OLDCAMERAS38_2.mp4	fru	-1	eng	en	EmoReact_V_1.0+val11	f	EmoReact_V_1.0
Data/val/OLDCAMERAS45_2.mp4	unc	-1	eng	en	EmoReact_V_1.0+val11	f	EmoReact_V_1.0
Data/val/OLDCAMERAS61_2.mp4	unk	1	eng	en	EmoReact_V_1.0+val11	f	EmoReact_V_1.0
Data/val/OLDCAMERAS7_2.mp4	unk	-1	eng	en	EmoReact_V_1.0+val17	f	EmoReact_V_1.0
Data/val/OLDCOMPUTERS115_2.mp4	unk	-1	eng	en	EmoReact_V_1.0+val4	m	EmoReact_V_1.0
Data/val/OLDCOMPUTERS151_2.mp4	neu	0	eng	en	EmoReact_V_1.0+val5	f	EmoReact_V_1.0
Data/val/OLDCOMPUTERS155_2.mp4	unk	1	eng	en	EmoReact_V_1.0+val4	m	EmoReact_V_1.0
Data/val/OLDCOMPUTERS23_2.mp4	unk	-1	eng	en	EmoReact_V_1.0+val7	f	EmoReact_V_1.0
Data/val/OLDCOMPUTERS2_2.mp4	unk	1	eng	en	EmoReact_V_1.0+val7	f	EmoReact_V_1.0
Data/val/OLDCOMPUTERS36_2.mp4	unk	-1	eng	en	EmoReact_V_1.0+val3	m	EmoReact_V_1.0
Data/val/OLDCOMPUTERS57_2.mp4	unk	-1	eng	en	EmoReact_V_1.0+val7	f	EmoReact_V_1.0
Data/val/OLDCOMPUTERS62_2.mp4	unk	-1	eng	en	EmoReact_V_1.0+val13	m	EmoReact_V_1.0
Data/val/OLDCOMPUTERS64_2.mp4	hap	1	eng	en	EmoReact_V_1.0+val4	m	EmoReact_V_1.0
Data/val/OLDCOMPUTERS65_2.mp4	sur	-1	eng	en	EmoReact_V_1.0+val3	m	EmoReact_V_1.0
Data/val/OLDCOMPUTERS70_2.mp4	neu	0	eng	en	EmoReact_V_1.0+val4	m	EmoReact_V_1.0
Data/val/OLDCOMPUTERS73_2.mp4	unk	1	eng	en	EmoReact_V_1.0+val13	m	EmoReact_V_1.0
Data/val/OLDCOMPUTERS89_2.mp4	neu	0	eng	en	EmoReact_V_1.0+val3	m	EmoReact_V_1.0
Data/val/OLDCOMPUTERS8_2.mp4	unk	1	eng	en	EmoReact_V_1.0+val4	m	EmoReact_V_1.0
Data/val/OLDCOMPUTERS90_2.mp4	fru	-1	eng	en	EmoReact_V_1.0+val5	f	EmoReact_V_1.0
Data/val/OLDCOMPUTERS97_2.mp4	unc	-1	eng	en	EmoReact_V_1.0+val3	m	EmoReact_V_1.0
Data/val/PIZZATOPPINGS109_2.mp4	dis	-1	eng	en	EmoReact_V_1.0+val2	f	EmoReact_V_1.0
Data/val/PIZZATOPPINGS31_2.mp4	unk	1	eng	en	EmoReact_V_1.0+val5	f	EmoReact_V_1.0
Data/val/PIZZATOPPINGS56_2.mp4	unk	1	eng	en	EmoReact_V_1.0+val5	f	EmoReact_V_1.0
Data/val/PIZZATOPPINGS73_2.mp4	sur	-1	eng	en	EmoReact_V_1.0+val7	f	EmoReact_V_1.0
Data/val/PIZZATOPPINGS83_2.mp4	dis	-1	eng	en	EmoReact_V_1.0+val5	f	EmoReact_V_1.0
Data/val/PIZZATOPPINGS95_2.mp4	unk	1	eng	en	EmoReact_V_1.0+val7	f	EmoReact_V_1.0
Data/val/REBECCA36_2.mp4	unk	1	eng	en	EmoReact_V_1.0+val1	f	EmoReact_V_1.0
Data/val/ROTARYPHONES11_2.mp4	unk	1	eng	en	EmoReact_V_1.0+val10	m	EmoReact_V_1.0
Data/val/ROTARYPHONES13_2.mp4	unk	1	eng	en	EmoReact_V_1.0+val10	m	EmoReact_V_1.0
Data/val/ROTARYPHONES32_2.mp4	dis	-1	eng	en	EmoReact_V_1.0+val7	f	EmoReact_V_1.0
Data/val/ROTARYPHONES37_2.mp4	unk	1	eng	en	EmoReact_V_1.0+val10	m	EmoReact_V_1.0
Data/val/ROTARYPHONES9_2.mp4	unk	1	eng	en	EmoReact_V_1.0+val10	m	EmoReact_V_1.0
Data/val/SKIPIT102_2.mp4	hap	1	eng	en	EmoReact_V_1.0+val13	m	EmoReact_V_1.0
Data/val/SKIPIT52_2.mp4	unk	1	eng	en	EmoReact_V_1.0+val13	m	EmoReact_V_1.0
Data/val/SKIPIT67_2.mp4	unk	-1	eng	en	EmoReact_V_1.0+val13	m	EmoReact_V_1.0
Data/val/SKIPIT74_2.mp4	unk	-1	eng	en	EmoReact_V_1.0+val2	f	EmoReact_V_1.0
Data/val/SKIPIT75_2.mp4	hap	1	eng	en	EmoReact_V_1.0+val13	m	EmoReact_V_1.0
Data/val/SKIPIT7_2.mp4	cur	1	eng	en	EmoReact_V_1.0+val13	m	EmoReact_V_1.0
Data/val/SPAM33_2.mp4	unk	1	eng	en	EmoReact_V_1.0+val4	m	EmoReact_V_1.0
Data/val/SPAM49_2.mp4	unk	-1	eng	en	EmoReact_V_1.0+val17	f	EmoReact_V_1.0
Data/val/SPAM51_2.mp4	dis	-1	eng	en	EmoReact_V_1.0+val17	f	EmoReact_V_1.0
Data/val/SPAM65_2.mp4	unk	1	eng	en	EmoReact_V_1.0+val7	f	EmoReact_V_1.0
Data/val/SPAM69_2.mp4	hap	1	eng	en	EmoReact_V_1.0+val7	f	EmoReact_V_1.0
Data/val/SPAM78_2.mp4	unk	1	eng	en	EmoReact_V_1.0+val7	f	EmoReact_V_1.0
Data/val/SPAM83_2.mp4	hap	1	eng	en	EmoReact_V_1.0+val4	m	EmoReact_V_1.0
Data/val/SPAM87_2.mp4	unk	-1	eng	en	EmoReact_V_1.0+val7	f	EmoReact_V_1.0
Data/val/SQUID16_2.mp4	unk	-1	eng	en	EmoReact_V_1.0+val6	m	EmoReact_V_1.0
Data/val/SQUID2_2.mp4	unk	-1	eng	en	EmoReact_V_1.0+val7	f	EmoReact_V_1.0
Data/val/SQUID40_2.mp4	unk	1	eng	en	EmoReact_V_1.0+val7	f	EmoReact_V_1.0
Data/val/SQUID79_2.mp4	unc	-1	eng	en	EmoReact_V_1.0+val7	f	EmoReact_V_1.0
Data/val/SQUID94_2.mp4	unk	1	eng	en	EmoReact_V_1.0+val7	f	EmoReact_V_1.0
Data/val/SWING_COPTERS116_2.mp4	unk	-1	eng	en	EmoReact_V_1.0+val4	m	EmoReact_V_1.0
Data/val/SWING_COPTERS142_2.mp4	fru	-1	eng	en	EmoReact_V_1.0+val4	m	EmoReact_V_1.0
Data/val/SWING_COPTERS144_2.mp4	unk	1	eng	en	EmoReact_V_1.0+val4	m	EmoReact_V_1.0
Data/val/SWING_COPTERS146_2.mp4	unk	1	eng	en	EmoReact_V_1.0+val4	m	EmoReact_V_1.0
Data/val/SWING_COPTERS4_2.mp4	unk	1	eng	en	EmoReact_V_1.0+val4	m	EmoReact_V_1.0
Data/val/SWING_COPTERS80_2.mp4	unk	-1	eng	en	EmoReact_V_1.0+val4	m	EmoReact_V_1.0
Data/val/SWING_COPTERS82_2.mp4	unk	-1	eng	en	EmoReact_V_1.0+val4	m	EmoReact_V_1.0
Data/val/SWING_COPTERS84_2.mp4	hap	1	eng	en	EmoReact_V_1.0+val4	m	EmoReact_V_1.0
Data/val/SWING_COPTERS90_2.mp4	unk	1	eng	en	EmoReact_V_1.0+val4	m	EmoReact_V_1.0
Data/val/SWING_COPTERS99_2.mp4	unk	1	eng	en	EmoReact_V_1.0+val4	m	EmoReact_V_1.0
Data/val/TOFU101_2.mp4	neu	0	eng	en	EmoReact_V_1.0+val4	m	EmoReact_V_1.0
Data/val/TOFU105_2.mp4	unk	-1	eng	en	EmoReact_V_1.0+val7	f	EmoReact_V_1.0
Data/val/TOFU26_2.mp4	unk	1	eng	en	EmoReact_V_1.0+val7	f	EmoReact_V_1.0
Data/val/TOFU71_2.mp4	unk	1	eng	en	EmoReact_V_1.0+val7	f	EmoReact_V_1.0
Data/val/TOFU73_2.mp4	unk	-1	eng	en	EmoReact_V_1.0+val4	m	EmoReact_V_1.0
Data/val/TOILET18_2.mp4	unk	1	eng	en	EmoReact_V_1.0+val1	f	EmoReact_V_1.0
Data/val/TOILET53_2.mp4	cur	1	eng	en	EmoReact_V_1.0+val1	f	EmoReact_V_1.0
Data/val/TOILET61_2.mp4	unk	1	eng	en	EmoReact_V_1.0+val14	f	EmoReact_V_1.0
Data/val/TOILET71_2.mp4	unk	1	eng	en	EmoReact_V_1.0+val10	m	EmoReact_V_1.0
Data/val/TOILET84_2.mp4	hap	1	eng	en	EmoReact_V_1.0+val18	m	EmoReact_V_1.0
Data/val/TOILET86_2.mp4	hap	1	eng	en	EmoReact_V_1.0+val18	m	EmoReact_V_1.0
Data/val/TYPEWRITERS14_2.mp4	hap	1	eng	en	EmoReact_V_1.0+val4	m	EmoReact_V_1.0
Data/val/TYPEWRITERS23_2.mp4	unk	1	eng	en	EmoReact_V_1.0+val4	m	EmoReact_V_1.0
Data/val/VCR102_2.mp4	neu	0	eng	en	EmoReact_V_1.0+val11	f	EmoReact_V_1.0
Data/val/VCR109_2.mp4	unk	-1	eng	en	EmoReact_V_1.0+val3	f	EmoReact_V_1.0
Data/val/VCR113_2.mp4	unk	1	eng	en	EmoReact_V_1.0+val11	f	EmoReact_V_1.0
Data/val/VCR125_2.mp4	hap	1	eng	en	EmoReact_V_1.0+val11	f	EmoReact_V_1.0
Data/val/VCR12_2.mp4	unk	1	eng	en	EmoReact_V_1.0+val11	f	EmoReact_V_1.0
Data/val/VCR18_2.mp4	cur	1	eng	en	EmoReact_V_1.0+val3	m	EmoReact_V_1.0
Data/val/VCR32_2.mp4	unk	1	eng	en	EmoReact_V_1.0+val11	f	EmoReact_V_1.0
Data/val/VCR33_2.mp4	neu	0	eng	en	EmoReact_V_1.0+val3	m	EmoReact_V_1.0
Data/val/VCR46_2.mp4	unk	-1	eng	en	EmoReact_V_1.0+val3	m	EmoReact_V_1.0
Data/val/VCR66_2.mp4	unk	1	eng	en	EmoReact_V_1.0+val11	f	EmoReact_V_1.0
Data/val/VCR68_2.mp4	hap	1	eng	en	EmoReact_V_1.0+val14	f	EmoReact_V_1.0
Data/val/VCR70_2.mp4	hap	1	eng	en	EmoReact_V_1.0+val14	f	EmoReact_V_1.0
Data/val/VCR78_2.mp4	cur	1	eng	en	EmoReact_V_1.0+val11	f	EmoReact_V_1.0
Data/val/WALKMANS107_2.mp4	unk	1	eng	en	EmoReact_V_1.0+val5	f	EmoReact_V_1.0
Data/val/WALKMANS115_2.mp4	unk	1	eng	en	EmoReact_V_1.0+val2	f	EmoReact_V_1.0
Data/val/WALKMANS122_2.mp4	unk	-1	eng	en	EmoReact_V_1.0+val5	f	EmoReact_V_1.0
Data/val/WALKMANS126_2.mp4	hap	1	eng	en	EmoReact_V_1.0+val13	m	EmoReact_V_1.0
Data/val/WALKMANS40_2.mp4	unk	1	eng	en	EmoReact_V_1.0+val5	f	EmoReact_V_1.0
Data/val/WALKMANS43_2.mp4	unk	1	eng	en	EmoReact_V_1.0+val5	f	EmoReact_V_1.0
Data/val/WALKMANS71_2.mp4	unk	1	eng	en	EmoReact_V_1.0+val13	m	EmoReact_V_1.0
Data/val/WALKMANS72_2.mp4	unk	1	eng	en	EmoReact_V_1.0+val8	f	EmoReact_V_1.0
Data/val/WALKMANS84_2.mp4	hap	1	eng	en	EmoReact_V_1.0+val13	m	EmoReact_V_1.0
Data/val/WALKMANS91_2.mp4	unk	1	eng	en	EmoReact_V_1.0+val13	m	EmoReact_V_1.0
Data/val/WHEATGRASS11_2.mp4	unk	-1	eng	en	EmoReact_V_1.0+val6	m	EmoReact_V_1.0
Data/val/WHEATGRASS15_2.mp4	unk	1	eng	en	EmoReact_V_1.0+val17	f	EmoReact_V_1.0
Data/val/WHEATGRASS2_2.mp4	unk	-1	eng	en	EmoReact_V_1.0+val11	f	EmoReact_V_1.0
Data/val/WHEATGRASS3_2.mp4	unk	-1	eng	en	EmoReact_V_1.0+val19	f	EmoReact_V_1.0
Data/val/WHEATGRASS48_2.mp4	dis	-1	eng	en	EmoReact_V_1.0+val11	f	EmoReact_V_1.0
Data/val/WHEATGRASS52_2.mp4	unk	-1	eng	en	EmoReact_V_1.0+val11	f	EmoReact_V_1.0
Data/val/WHEATGRASS56_2.mp4	unk	-1	eng	en	EmoReact_V_1.0+val6	m	EmoReact_V_1.0
Data/val/WHEATGRASS61_2.mp4	unk	-1	eng	en	EmoReact_V_1.0+val19	f	EmoReact_V_1.0
Data/val/WHEATGRASS63_2.mp4	unk	-1	eng	en	EmoReact_V_1.0+val19	f	EmoReact_V_1.0
Data/val/WHEATGRASS68_2.mp4	unk	-1	eng	en	EmoReact_V_1.0+val6	m	EmoReact_V_1.0
Data/val/WHEATGRASS76_2.mp4	hap	1	eng	en	EmoReact_V_1.0+val17	f	EmoReact_V_1.0
Data/val/WHEATGRASS81_2.mp4	hap	1	eng	en	EmoReact_V_1.0+val6	m	EmoReact_V_1.0
Data/val/iPOD102_2.mp4	neu	0	eng	en	EmoReact_V_1.0+val20	m	EmoReact_V_1.0
Data/val/iPOD103_2.mp4	unk	1	eng	en	EmoReact_V_1.0+val6	m	EmoReact_V_1.0
Data/val/iPOD104_2.mp4	unk	1	eng	en	EmoReact_V_1.0+val21	f	EmoReact_V_1.0
Data/val/iPOD110_2.mp4	unk	-1	eng	en	EmoReact_V_1.0+val21	f	EmoReact_V_1.0
Data/val/iPOD111_2.mp4	unk	1	eng	en	EmoReact_V_1.0+val4	m	EmoReact_V_1.0
Data/val/iPOD113_2.mp4	unk	-1	eng	en	EmoReact_V_1.0+val7	f	EmoReact_V_1.0
Data/val/iPOD121_2.mp4	hap	1	eng	en	EmoReact_V_1.0+val4	m	EmoReact_V_1.0
Data/val/iPOD12_2.mp4	unk	-1	eng	en	EmoReact_V_1.0+val7	f	EmoReact_V_1.0
Data/val/iPOD19_2.mp4	unk	1	eng	en	EmoReact_V_1.0+val20	m	EmoReact_V_1.0
Data/val/iPOD26_2.mp4	unk	1	eng	en	EmoReact_V_1.0+val20	m	EmoReact_V_1.0
Data/val/iPOD36_2.mp4	cur	1	eng	en	EmoReact_V_1.0+val4	m	EmoReact_V_1.0
Data/val/iPOD56_2.mp4	unk	-1	eng	en	EmoReact_V_1.0+val21	f	EmoReact_V_1.0
Data/val/iPOD60_2.mp4	unk	1	eng	en	EmoReact_V_1.0+val21	f	EmoReact_V_1.0
Data/val/iPOD62_2.mp4	unk	1	eng	en	EmoReact_V_1.0+val19	f	EmoReact_V_1.0
Data/val/iPOD68_2.mp4	unk	1	eng	en	EmoReact_V_1.0+val4	m	EmoReact_V_1.0
Data/val/iPOD72_2.mp4	unk	1	eng	en	EmoReact_V_1.0+val20	m	EmoReact_V_1.0
Data/val/iPOD79_2.mp4	unk	1	eng	en	EmoReact_V_1.0+val6	m	EmoReact_V_1.0
Data/val/iPOD80_2.mp4	unk	-1	eng	en	EmoReact_V_1.0+val7	f	EmoReact_V_1.0
Data/val/iPOD81_2.mp4	unk	1	eng	en	EmoReact_V_1.0+val21	f	EmoReact_V_1.0
Data/val/iPOD82_2.mp4	hap	1	eng	en	EmoReact_V_1.0+val6	m	EmoReact_V_1.0
Data/val/iPOD88_2.mp4	unk	-1	eng	en	EmoReact_V_1.0+val20	m	EmoReact_V_1.0
