13815.wav	hap	1	est	f	ekorpus
13689.wav	hap	1	est	f	ekorpus
120229.wav	hap	1	est	f	ekorpus
13691.wav	hap	1	est	f	ekorpus
13841.wav	hap	1	est	f	ekorpus
13845.wav	hap	1	est	f	ekorpus
120239.wav	hap	1	est	f	ekorpus
13847.wav	hap	1	est	f	ekorpus
13855.wav	hap	1	est	f	ekorpus
120245.wav	hap	1	est	f	ekorpus
120247.wav	hap	1	est	f	ekorpus
13861.wav	hap	1	est	f	ekorpus
120251.wav	hap	1	est	f	ekorpus
13863.wav	hap	1	est	f	ekorpus
13865.wav	hap	1	est	f	ekorpus
120289.wav	hap	1	est	f	ekorpus
13867.wav	hap	1	est	f	ekorpus
120309.wav	hap	1	est	f	ekorpus
13869.wav	hap	1	est	f	ekorpus
120341.wav	hap	1	est	f	ekorpus
120345.wav	hap	1	est	f	ekorpus
120349.wav	hap	1	est	f	ekorpus
120357.wav	hap	1	est	f	ekorpus
13693.wav	hap	1	est	f	ekorpus
13663.wav	hap	1	est	f	ekorpus
13881.wav	hap	1	est	f	ekorpus
13885.wav	hap	1	est	f	ekorpus
120431.wav	hap	1	est	f	ekorpus
120433.wav	hap	1	est	f	ekorpus
120437.wav	hap	1	est	f	ekorpus
120441.wav	hap	1	est	f	ekorpus
13889.wav	hap	1	est	f	ekorpus
120447.wav	hap	1	est	f	ekorpus
13703.wav	hap	1	est	f	ekorpus
13705.wav	hap	1	est	f	ekorpus
120455.wav	hap	1	est	f	ekorpus
13651.wav	hap	1	est	f	ekorpus
120520.wav	hap	1	est	f	ekorpus
13711.wav	hap	1	est	f	ekorpus
120524.wav	hap	1	est	f	ekorpus
13713.wav	hap	1	est	f	ekorpus
13715.wav	hap	1	est	f	ekorpus
120530.wav	hap	1	est	f	ekorpus
13717.wav	hap	1	est	f	ekorpus
13723.wav	hap	1	est	f	ekorpus
120542.wav	hap	1	est	f	ekorpus
120546.wav	hap	1	est	f	ekorpus
120548.wav	hap	1	est	f	ekorpus
120550.wav	hap	1	est	f	ekorpus
120552.wav	hap	1	est	f	ekorpus
120554.wav	hap	1	est	f	ekorpus
120556.wav	hap	1	est	f	ekorpus
120558.wav	hap	1	est	f	ekorpus
13947.wav	hap	1	est	f	ekorpus
120564.wav	hap	1	est	f	ekorpus
120570.wav	hap	1	est	f	ekorpus
13731.wav	hap	1	est	f	ekorpus
13953.wav	hap	1	est	f	ekorpus
120618.wav	hap	1	est	f	ekorpus
13733.wav	hap	1	est	f	ekorpus
120622.wav	hap	1	est	f	ekorpus
120624.wav	hap	1	est	f	ekorpus
13957.wav	hap	1	est	f	ekorpus
120628.wav	hap	1	est	f	ekorpus
13735.wav	hap	1	est	f	ekorpus
120636.wav	hap	1	est	f	ekorpus
120638.wav	hap	1	est	f	ekorpus
120640.wav	hap	1	est	f	ekorpus
120698.wav	hap	1	est	f	ekorpus
13973.wav	hap	1	est	f	ekorpus
13975.wav	hap	1	est	f	ekorpus
120716.wav	hap	1	est	f	ekorpus
13739.wav	hap	1	est	f	ekorpus
120720.wav	hap	1	est	f	ekorpus
13653.wav	hap	1	est	f	ekorpus
120730.wav	hap	1	est	f	ekorpus
13745.wav	hap	1	est	f	ekorpus
13751.wav	hap	1	est	f	ekorpus
14005.wav	hap	1	est	f	ekorpus
14007.wav	hap	1	est	f	ekorpus
120885.wav	hap	1	est	f	ekorpus
120889.wav	hap	1	est	f	ekorpus
14009.wav	hap	1	est	f	ekorpus
120899.wav	hap	1	est	f	ekorpus
14011.wav	hap	1	est	f	ekorpus
14013.wav	hap	1	est	f	ekorpus
14015.wav	hap	1	est	f	ekorpus
120925.wav	hap	1	est	f	ekorpus
120929.wav	hap	1	est	f	ekorpus
120959.wav	hap	1	est	f	ekorpus
14017.wav	hap	1	est	f	ekorpus
121009.wav	hap	1	est	f	ekorpus
121017.wav	hap	1	est	f	ekorpus
121019.wav	hap	1	est	f	ekorpus
121023.wav	hap	1	est	f	ekorpus
14019.wav	hap	1	est	f	ekorpus
121027.wav	hap	1	est	f	ekorpus
14021.wav	hap	1	est	f	ekorpus
121031.wav	hap	1	est	f	ekorpus
14023.wav	hap	1	est	f	ekorpus
121035.wav	hap	1	est	f	ekorpus
121037.wav	hap	1	est	f	ekorpus
14025.wav	hap	1	est	f	ekorpus
14029.wav	hap	1	est	f	ekorpus
121045.wav	hap	1	est	f	ekorpus
14031.wav	hap	1	est	f	ekorpus
14041.wav	hap	1	est	f	ekorpus
14043.wav	hap	1	est	f	ekorpus
14081.wav	hap	1	est	f	ekorpus
14083.wav	hap	1	est	f	ekorpus
14085.wav	hap	1	est	f	ekorpus
13753.wav	hap	1	est	f	ekorpus
121282.wav	hap	1	est	f	ekorpus
14089.wav	hap	1	est	f	ekorpus
121294.wav	hap	1	est	f	ekorpus
121296.wav	hap	1	est	f	ekorpus
121298.wav	hap	1	est	f	ekorpus
13755.wav	hap	1	est	f	ekorpus
121302.wav	hap	1	est	f	ekorpus
14093.wav	hap	1	est	f	ekorpus
121306.wav	hap	1	est	f	ekorpus
14095.wav	hap	1	est	f	ekorpus
14097.wav	hap	1	est	f	ekorpus
13757.wav	hap	1	est	f	ekorpus
13759.wav	hap	1	est	f	ekorpus
14533.wav	hap	1	est	f	ekorpus
121320.wav	hap	1	est	f	ekorpus
14539.wav	hap	1	est	f	ekorpus
120131.wav	hap	1	est	f	ekorpus
13655.wav	hap	1	est	f	ekorpus
120153.wav	hap	1	est	f	ekorpus
13765.wav	hap	1	est	f	ekorpus
13767.wav	hap	1	est	f	ekorpus
13769.wav	hap	1	est	f	ekorpus
13771.wav	hap	1	est	f	ekorpus
13775.wav	hap	1	est	f	ekorpus
13777.wav	hap	1	est	f	ekorpus
120181.wav	hap	1	est	f	ekorpus
13657.wav	hap	1	est	f	ekorpus
13797.wav	hap	1	est	f	ekorpus
120201.wav	hap	1	est	f	ekorpus
13659.wav	hap	1	est	f	ekorpus
120205.wav	hap	1	est	f	ekorpus
13685.wav	hap	1	est	f	ekorpus
13805.wav	hap	1	est	f	ekorpus
13807.wav	hap	1	est	f	ekorpus
13809.wav	hap	1	est	f	ekorpus
13307.wav	hap	1	est	f	ekorpus
13665.wav	hap	1	est	f	ekorpus
13671.wav	hap	1	est	f	ekorpus
13681.wav	hap	1	est	f	ekorpus
13697.wav	hap	1	est	f	ekorpus
13707.wav	hap	1	est	f	ekorpus
13749.wav	hap	1	est	f	ekorpus
13761.wav	hap	1	est	f	ekorpus
13789.wav	hap	1	est	f	ekorpus
13801.wav	hap	1	est	f	ekorpus
13813.wav	hap	1	est	f	ekorpus
13821.wav	hap	1	est	f	ekorpus
13837.wav	hap	1	est	f	ekorpus
13887.wav	hap	1	est	f	ekorpus
13921.wav	hap	1	est	f	ekorpus
13931.wav	hap	1	est	f	ekorpus
13939.wav	hap	1	est	f	ekorpus
13945.wav	hap	1	est	f	ekorpus
13951.wav	hap	1	est	f	ekorpus
13955.wav	hap	1	est	f	ekorpus
13969.wav	hap	1	est	f	ekorpus
13977.wav	hap	1	est	f	ekorpus
13981.wav	hap	1	est	f	ekorpus
13985.wav	hap	1	est	f	ekorpus
13997.wav	hap	1	est	f	ekorpus
14087.wav	hap	1	est	f	ekorpus
14091.wav	hap	1	est	f	ekorpus
14431.wav	hap	1	est	f	ekorpus
14531.wav	hap	1	est	f	ekorpus
120155.wav	hap	1	est	f	ekorpus
120157.wav	hap	1	est	f	ekorpus
120179.wav	hap	1	est	f	ekorpus
120195.wav	hap	1	est	f	ekorpus
120199.wav	hap	1	est	f	ekorpus
120207.wav	hap	1	est	f	ekorpus
120209.wav	hap	1	est	f	ekorpus
120211.wav	hap	1	est	f	ekorpus
120213.wav	hap	1	est	f	ekorpus
120235.wav	hap	1	est	f	ekorpus
120237.wav	hap	1	est	f	ekorpus
120241.wav	hap	1	est	f	ekorpus
120243.wav	hap	1	est	f	ekorpus
120249.wav	hap	1	est	f	ekorpus
120253.wav	hap	1	est	f	ekorpus
120287.wav	hap	1	est	f	ekorpus
120293.wav	hap	1	est	f	ekorpus
120343.wav	hap	1	est	f	ekorpus
120371.wav	hap	1	est	f	ekorpus
120419.wav	hap	1	est	f	ekorpus
120427.wav	hap	1	est	f	ekorpus
120435.wav	hap	1	est	f	ekorpus
120443.wav	hap	1	est	f	ekorpus
120449.wav	hap	1	est	f	ekorpus
120453.wav	hap	1	est	f	ekorpus
120518.wav	hap	1	est	f	ekorpus
120522.wav	hap	1	est	f	ekorpus
120528.wav	hap	1	est	f	ekorpus
120562.wav	hap	1	est	f	ekorpus
120620.wav	hap	1	est	f	ekorpus
120626.wav	hap	1	est	f	ekorpus
120630.wav	hap	1	est	f	ekorpus
120704.wav	hap	1	est	f	ekorpus
120724.wav	hap	1	est	f	ekorpus
120748.wav	hap	1	est	f	ekorpus
120871.wav	hap	1	est	f	ekorpus
120873.wav	hap	1	est	f	ekorpus
120875.wav	hap	1	est	f	ekorpus
120897.wav	hap	1	est	f	ekorpus
120903.wav	hap	1	est	f	ekorpus
121025.wav	hap	1	est	f	ekorpus
121029.wav	hap	1	est	f	ekorpus
121033.wav	hap	1	est	f	ekorpus
121039.wav	hap	1	est	f	ekorpus
121043.wav	hap	1	est	f	ekorpus
121047.wav	hap	1	est	f	ekorpus
121063.wav	hap	1	est	f	ekorpus
121129.wav	hap	1	est	f	ekorpus
121278.wav	hap	1	est	f	ekorpus
121280.wav	hap	1	est	f	ekorpus
121300.wav	hap	1	est	f	ekorpus
121304.wav	hap	1	est	f	ekorpus
121308.wav	hap	1	est	f	ekorpus
121314.wav	hap	1	est	f	ekorpus
121316.wav	hap	1	est	f	ekorpus
121318.wav	hap	1	est	f	ekorpus
39.wav	ang	-1	est	f	ekorpus
41.wav	ang	-1	est	f	ekorpus
13641.wav	ang	-1	est	f	ekorpus
13645.wav	sad	-1	est	f	ekorpus
13647.wav	ang	-1	est	f	ekorpus
13763.wav	ang	-1	est	f	ekorpus
14099.wav	ang	-1	est	f	ekorpus
14101.wav	ang	-1	est	f	ekorpus
14103.wav	ang	-1	est	f	ekorpus
14105.wav	ang	-1	est	f	ekorpus
14107.wav	ang	-1	est	f	ekorpus
14111.wav	ang	-1	est	f	ekorpus
14113.wav	ang	-1	est	f	ekorpus
14115.wav	ang	-1	est	f	ekorpus
14117.wav	ang	-1	est	f	ekorpus
14123.wav	ang	-1	est	f	ekorpus
14133.wav	ang	-1	est	f	ekorpus
14135.wav	ang	-1	est	f	ekorpus
14139.wav	ang	-1	est	f	ekorpus
14143.wav	ang	-1	est	f	ekorpus
14147.wav	ang	-1	est	f	ekorpus
14159.wav	ang	-1	est	f	ekorpus
14161.wav	ang	-1	est	f	ekorpus
14169.wav	ang	-1	est	f	ekorpus
14171.wav	ang	-1	est	f	ekorpus
14173.wav	ang	-1	est	f	ekorpus
14175.wav	sad	-1	est	f	ekorpus
14177.wav	ang	-1	est	f	ekorpus
14181.wav	ang	-1	est	f	ekorpus
14183.wav	ang	-1	est	f	ekorpus
14185.wav	ang	-1	est	f	ekorpus
14203.wav	ang	-1	est	f	ekorpus
14215.wav	sad	-1	est	f	ekorpus
14223.wav	ang	-1	est	f	ekorpus
14225.wav	ang	-1	est	f	ekorpus
14227.wav	ang	-1	est	f	ekorpus
14229.wav	ang	-1	est	f	ekorpus
14231.wav	ang	-1	est	f	ekorpus
14243.wav	ang	-1	est	f	ekorpus
14247.wav	ang	-1	est	f	ekorpus
14253.wav	ang	-1	est	f	ekorpus
14255.wav	ang	-1	est	f	ekorpus
14257.wav	ang	-1	est	f	ekorpus
14263.wav	ang	-1	est	f	ekorpus
14269.wav	ang	-1	est	f	ekorpus
14271.wav	ang	-1	est	f	ekorpus
14273.wav	ang	-1	est	f	ekorpus
14285.wav	ang	-1	est	f	ekorpus
14341.wav	ang	-1	est	f	ekorpus
14345.wav	ang	-1	est	f	ekorpus
14347.wav	ang	-1	est	f	ekorpus
14355.wav	ang	-1	est	f	ekorpus
14357.wav	ang	-1	est	f	ekorpus
14359.wav	ang	-1	est	f	ekorpus
14361.wav	ang	-1	est	f	ekorpus
14363.wav	ang	-1	est	f	ekorpus
14365.wav	ang	-1	est	f	ekorpus
14367.wav	ang	-1	est	f	ekorpus
14369.wav	ang	-1	est	f	ekorpus
14371.wav	ang	-1	est	f	ekorpus
14373.wav	ang	-1	est	f	ekorpus
14377.wav	ang	-1	est	f	ekorpus
14379.wav	ang	-1	est	f	ekorpus
14381.wav	ang	-1	est	f	ekorpus
14415.wav	ang	-1	est	f	ekorpus
14443.wav	ang	-1	est	f	ekorpus
14445.wav	ang	-1	est	f	ekorpus
14447.wav	ang	-1	est	f	ekorpus
14449.wav	ang	-1	est	f	ekorpus
14457.wav	sad	-1	est	f	ekorpus
14473.wav	ang	-1	est	f	ekorpus
14481.wav	ang	-1	est	f	ekorpus
14483.wav	ang	-1	est	f	ekorpus
14485.wav	ang	-1	est	f	ekorpus
14487.wav	ang	-1	est	f	ekorpus
14491.wav	ang	-1	est	f	ekorpus
14497.wav	ang	-1	est	f	ekorpus
14535.wav	ang	-1	est	f	ekorpus
120119.wav	sad	-1	est	f	ekorpus
120121.wav	sad	-1	est	f	ekorpus
120123.wav	sad	-1	est	f	ekorpus
120127.wav	sad	-1	est	f	ekorpus
120129.wav	sad	-1	est	f	ekorpus
120133.wav	sad	-1	est	f	ekorpus
120159.wav	ang	-1	est	f	ekorpus
120165.wav	ang	-1	est	f	ekorpus
120167.wav	sad	-1	est	f	ekorpus
120185.wav	ang	-1	est	f	ekorpus
120255.wav	sad	-1	est	f	ekorpus
120259.wav	ang	-1	est	f	ekorpus
120265.wav	sad	-1	est	f	ekorpus
120267.wav	ang	-1	est	f	ekorpus
120269.wav	ang	-1	est	f	ekorpus
120277.wav	ang	-1	est	f	ekorpus
120291.wav	ang	-1	est	f	ekorpus
120295.wav	ang	-1	est	f	ekorpus
120327.wav	sad	-1	est	f	ekorpus
120331.wav	sad	-1	est	f	ekorpus
120353.wav	ang	-1	est	f	ekorpus
120373.wav	ang	-1	est	f	ekorpus
120375.wav	ang	-1	est	f	ekorpus
120377.wav	ang	-1	est	f	ekorpus
120395.wav	ang	-1	est	f	ekorpus
120397.wav	ang	-1	est	f	ekorpus
120405.wav	ang	-1	est	f	ekorpus
120413.wav	ang	-1	est	f	ekorpus
120417.wav	ang	-1	est	f	ekorpus
120421.wav	sad	-1	est	f	ekorpus
120425.wav	sad	-1	est	f	ekorpus
120439.wav	ang	-1	est	f	ekorpus
120544.wav	ang	-1	est	f	ekorpus
120582.wav	ang	-1	est	f	ekorpus
120592.wav	ang	-1	est	f	ekorpus
120594.wav	ang	-1	est	f	ekorpus
120602.wav	ang	-1	est	f	ekorpus
120604.wav	ang	-1	est	f	ekorpus
120606.wav	ang	-1	est	f	ekorpus
120608.wav	ang	-1	est	f	ekorpus
120610.wav	ang	-1	est	f	ekorpus
120612.wav	ang	-1	est	f	ekorpus
120614.wav	ang	-1	est	f	ekorpus
120646.wav	sad	-1	est	f	ekorpus
120648.wav	sad	-1	est	f	ekorpus
120650.wav	ang	-1	est	f	ekorpus
120652.wav	ang	-1	est	f	ekorpus
120654.wav	ang	-1	est	f	ekorpus
120656.wav	sad	-1	est	f	ekorpus
120664.wav	ang	-1	est	f	ekorpus
120666.wav	ang	-1	est	f	ekorpus
120668.wav	ang	-1	est	f	ekorpus
120674.wav	ang	-1	est	f	ekorpus
120678.wav	ang	-1	est	f	ekorpus
120682.wav	ang	-1	est	f	ekorpus
120686.wav	sad	-1	est	f	ekorpus
120688.wav	sad	-1	est	f	ekorpus
120752.wav	ang	-1	est	f	ekorpus
120756.wav	ang	-1	est	f	ekorpus
120758.wav	ang	-1	est	f	ekorpus
120762.wav	ang	-1	est	f	ekorpus
120764.wav	ang	-1	est	f	ekorpus
120766.wav	ang	-1	est	f	ekorpus
120772.wav	ang	-1	est	f	ekorpus
120774.wav	sad	-1	est	f	ekorpus
120778.wav	ang	-1	est	f	ekorpus
120784.wav	ang	-1	est	f	ekorpus
120786.wav	sad	-1	est	f	ekorpus
120796.wav	ang	-1	est	f	ekorpus
120798.wav	ang	-1	est	f	ekorpus
120802.wav	sad	-1	est	f	ekorpus
120810.wav	sad	-1	est	f	ekorpus
120823.wav	sad	-1	est	f	ekorpus
120825.wav	sad	-1	est	f	ekorpus
120837.wav	ang	-1	est	f	ekorpus
120847.wav	ang	-1	est	f	ekorpus
120853.wav	ang	-1	est	f	ekorpus
120859.wav	ang	-1	est	f	ekorpus
120861.wav	sad	-1	est	f	ekorpus
120865.wav	sad	-1	est	f	ekorpus
120867.wav	sad	-1	est	f	ekorpus
120869.wav	ang	-1	est	f	ekorpus
120915.wav	sad	-1	est	f	ekorpus
120921.wav	ang	-1	est	f	ekorpus
120937.wav	sad	-1	est	f	ekorpus
120941.wav	sad	-1	est	f	ekorpus
120945.wav	sad	-1	est	f	ekorpus
120947.wav	sad	-1	est	f	ekorpus
120969.wav	ang	-1	est	f	ekorpus
120987.wav	ang	-1	est	f	ekorpus
120993.wav	ang	-1	est	f	ekorpus
121011.wav	ang	-1	est	f	ekorpus
121013.wav	ang	-1	est	f	ekorpus
121049.wav	ang	-1	est	f	ekorpus
121053.wav	ang	-1	est	f	ekorpus
121055.wav	sad	-1	est	f	ekorpus
121057.wav	ang	-1	est	f	ekorpus
121059.wav	ang	-1	est	f	ekorpus
121079.wav	ang	-1	est	f	ekorpus
121081.wav	ang	-1	est	f	ekorpus
121085.wav	sad	-1	est	f	ekorpus
121091.wav	sad	-1	est	f	ekorpus
121095.wav	sad	-1	est	f	ekorpus
121097.wav	sad	-1	est	f	ekorpus
121099.wav	sad	-1	est	f	ekorpus
121109.wav	sad	-1	est	f	ekorpus
121115.wav	ang	-1	est	f	ekorpus
121117.wav	ang	-1	est	f	ekorpus
121125.wav	sad	-1	est	f	ekorpus
121162.wav	ang	-1	est	f	ekorpus
121176.wav	ang	-1	est	f	ekorpus
121190.wav	ang	-1	est	f	ekorpus
121192.wav	ang	-1	est	f	ekorpus
121196.wav	ang	-1	est	f	ekorpus
121228.wav	ang	-1	est	f	ekorpus
121236.wav	ang	-1	est	f	ekorpus
121238.wav	ang	-1	est	f	ekorpus
121242.wav	ang	-1	est	f	ekorpus
121254.wav	ang	-1	est	f	ekorpus
121256.wav	ang	-1	est	f	ekorpus
121292.wav	ang	-1	est	f	ekorpus
37.wav	ang	-1	est	f	ekorpus
45.wav	ang	-1	est	f	ekorpus
51.wav	ang	-1	est	f	ekorpus
53.wav	ang	-1	est	f	ekorpus
55.wav	ang	-1	est	f	ekorpus
63.wav	ang	-1	est	f	ekorpus
73.wav	ang	-1	est	f	ekorpus
79.wav	sad	-1	est	f	ekorpus
97.wav	ang	-1	est	f	ekorpus
99.wav	ang	-1	est	f	ekorpus
105.wav	ang	-1	est	f	ekorpus
107.wav	ang	-1	est	f	ekorpus
113.wav	ang	-1	est	f	ekorpus
117.wav	ang	-1	est	f	ekorpus
125.wav	ang	-1	est	f	ekorpus
133.wav	ang	-1	est	f	ekorpus
135.wav	sad	-1	est	f	ekorpus
137.wav	ang	-1	est	f	ekorpus
139.wav	sad	-1	est	f	ekorpus
141.wav	sad	-1	est	f	ekorpus
143.wav	sad	-1	est	f	ekorpus
147.wav	sad	-1	est	f	ekorpus
149.wav	ang	-1	est	f	ekorpus
153.wav	ang	-1	est	f	ekorpus
159.wav	ang	-1	est	f	ekorpus
199.wav	ang	-1	est	f	ekorpus
201.wav	ang	-1	est	f	ekorpus
209.wav	ang	-1	est	f	ekorpus
211.wav	ang	-1	est	f	ekorpus
215.wav	ang	-1	est	f	ekorpus
219.wav	ang	-1	est	f	ekorpus
221.wav	ang	-1	est	f	ekorpus
223.wav	ang	-1	est	f	ekorpus
225.wav	ang	-1	est	f	ekorpus
245.wav	ang	-1	est	f	ekorpus
251.wav	ang	-1	est	f	ekorpus
275.wav	sad	-1	est	f	ekorpus
281.wav	ang	-1	est	f	ekorpus
283.wav	sad	-1	est	f	ekorpus
287.wav	ang	-1	est	f	ekorpus
291.wav	ang	-1	est	f	ekorpus
299.wav	sad	-1	est	f	ekorpus
301.wav	ang	-1	est	f	ekorpus
307.wav	sad	-1	est	f	ekorpus
311.wav	sad	-1	est	f	ekorpus
317.wav	sad	-1	est	f	ekorpus
335.wav	ang	-1	est	f	ekorpus
341.wav	ang	-1	est	f	ekorpus
345.wav	sad	-1	est	f	ekorpus
375.wav	sad	-1	est	f	ekorpus
397.wav	ang	-1	est	f	ekorpus
399.wav	ang	-1	est	f	ekorpus
407.wav	ang	-1	est	f	ekorpus
409.wav	ang	-1	est	f	ekorpus
411.wav	sad	-1	est	f	ekorpus
413.wav	sad	-1	est	f	ekorpus
421.wav	sad	-1	est	f	ekorpus
427.wav	sad	-1	est	f	ekorpus
429.wav	sad	-1	est	f	ekorpus
437.wav	ang	-1	est	f	ekorpus
449.wav	ang	-1	est	f	ekorpus
453.wav	sad	-1	est	f	ekorpus
455.wav	sad	-1	est	f	ekorpus
459.wav	sad	-1	est	f	ekorpus
463.wav	sad	-1	est	f	ekorpus
12999.wav	sad	-1	est	f	ekorpus
13003.wav	sad	-1	est	f	ekorpus
13005.wav	sad	-1	est	f	ekorpus
13011.wav	sad	-1	est	f	ekorpus
13013.wav	sad	-1	est	f	ekorpus
13015.wav	sad	-1	est	f	ekorpus
13017.wav	sad	-1	est	f	ekorpus
13019.wav	sad	-1	est	f	ekorpus
13023.wav	sad	-1	est	f	ekorpus
13025.wav	sad	-1	est	f	ekorpus
13029.wav	ang	-1	est	f	ekorpus
13069.wav	ang	-1	est	f	ekorpus
13073.wav	sad	-1	est	f	ekorpus
13075.wav	ang	-1	est	f	ekorpus
13079.wav	ang	-1	est	f	ekorpus
13083.wav	sad	-1	est	f	ekorpus
13087.wav	sad	-1	est	f	ekorpus
13089.wav	sad	-1	est	f	ekorpus
13093.wav	sad	-1	est	f	ekorpus
13101.wav	sad	-1	est	f	ekorpus
13153.wav	ang	-1	est	f	ekorpus
13159.wav	ang	-1	est	f	ekorpus
13161.wav	ang	-1	est	f	ekorpus
13163.wav	sad	-1	est	f	ekorpus
13165.wav	ang	-1	est	f	ekorpus
13167.wav	ang	-1	est	f	ekorpus
13185.wav	ang	-1	est	f	ekorpus
13187.wav	ang	-1	est	f	ekorpus
13201.wav	sad	-1	est	f	ekorpus
13203.wav	ang	-1	est	f	ekorpus
13205.wav	ang	-1	est	f	ekorpus
13207.wav	ang	-1	est	f	ekorpus
13209.wav	ang	-1	est	f	ekorpus
13211.wav	sad	-1	est	f	ekorpus
13213.wav	sad	-1	est	f	ekorpus
13215.wav	sad	-1	est	f	ekorpus
13231.wav	ang	-1	est	f	ekorpus
13233.wav	ang	-1	est	f	ekorpus
13259.wav	sad	-1	est	f	ekorpus
13263.wav	sad	-1	est	f	ekorpus
13265.wav	sad	-1	est	f	ekorpus
13269.wav	sad	-1	est	f	ekorpus
13277.wav	sad	-1	est	f	ekorpus
13295.wav	sad	-1	est	f	ekorpus
13303.wav	sad	-1	est	f	ekorpus
13305.wav	sad	-1	est	f	ekorpus
13315.wav	sad	-1	est	f	ekorpus
13323.wav	sad	-1	est	f	ekorpus
13325.wav	sad	-1	est	f	ekorpus
13327.wav	sad	-1	est	f	ekorpus
13329.wav	ang	-1	est	f	ekorpus
13337.wav	ang	-1	est	f	ekorpus
13343.wav	ang	-1	est	f	ekorpus
13353.wav	ang	-1	est	f	ekorpus
13359.wav	ang	-1	est	f	ekorpus
13371.wav	sad	-1	est	f	ekorpus
13383.wav	sad	-1	est	f	ekorpus
13385.wav	sad	-1	est	f	ekorpus
13387.wav	sad	-1	est	f	ekorpus
13391.wav	sad	-1	est	f	ekorpus
13393.wav	sad	-1	est	f	ekorpus
13407.wav	ang	-1	est	f	ekorpus
13409.wav	ang	-1	est	f	ekorpus
13411.wav	ang	-1	est	f	ekorpus
13413.wav	ang	-1	est	f	ekorpus
13415.wav	sad	-1	est	f	ekorpus
13417.wav	sad	-1	est	f	ekorpus
13423.wav	ang	-1	est	f	ekorpus
13429.wav	ang	-1	est	f	ekorpus
13441.wav	sad	-1	est	f	ekorpus
13457.wav	ang	-1	est	f	ekorpus
13467.wav	sad	-1	est	f	ekorpus
13469.wav	sad	-1	est	f	ekorpus
13471.wav	sad	-1	est	f	ekorpus
13475.wav	sad	-1	est	f	ekorpus
13483.wav	sad	-1	est	f	ekorpus
13485.wav	sad	-1	est	f	ekorpus
13487.wav	sad	-1	est	f	ekorpus
13489.wav	sad	-1	est	f	ekorpus
13491.wav	sad	-1	est	f	ekorpus
13493.wav	sad	-1	est	f	ekorpus
13495.wav	sad	-1	est	f	ekorpus
13497.wav	sad	-1	est	f	ekorpus
13499.wav	sad	-1	est	f	ekorpus
13501.wav	sad	-1	est	f	ekorpus
13505.wav	sad	-1	est	f	ekorpus
13507.wav	sad	-1	est	f	ekorpus
13509.wav	sad	-1	est	f	ekorpus
13511.wav	sad	-1	est	f	ekorpus
13545.wav	sad	-1	est	f	ekorpus
13557.wav	ang	-1	est	f	ekorpus
13585.wav	sad	-1	est	f	ekorpus
13595.wav	sad	-1	est	f	ekorpus
13597.wav	sad	-1	est	f	ekorpus
13601.wav	sad	-1	est	f	ekorpus
13605.wav	sad	-1	est	f	ekorpus
13607.wav	sad	-1	est	f	ekorpus
13609.wav	sad	-1	est	f	ekorpus
13611.wav	sad	-1	est	f	ekorpus
13613.wav	sad	-1	est	f	ekorpus
13615.wav	sad	-1	est	f	ekorpus
13623.wav	ang	-1	est	f	ekorpus
13629.wav	ang	-1	est	f	ekorpus
13633.wav	sad	-1	est	f	ekorpus
13637.wav	ang	-1	est	f	ekorpus
120275.wav	sad	-1	est	f	ekorpus
120841.wav	sad	-1	est	f	ekorpus
120843.wav	sad	-1	est	f	ekorpus
71.wav	sad	-1	est	f	ekorpus
120303.wav	sad	-1	est	f	ekorpus
121210.wav	ang	-1	est	f	ekorpus
120319.wav	sad	-1	est	f	ekorpus
121111.wav	sad	-1	est	f	ekorpus
120329.wav	sad	-1	est	f	ekorpus
120333.wav	ang	-1	est	f	ekorpus
121.wav	ang	-1	est	f	ekorpus
120351.wav	sad	-1	est	f	ekorpus
13599.wav	sad	-1	est	f	ekorpus
13603.wav	sad	-1	est	f	ekorpus
120863.wav	sad	-1	est	f	ekorpus
121119.wav	ang	-1	est	f	ekorpus
120379.wav	ang	-1	est	f	ekorpus
120385.wav	ang	-1	est	f	ekorpus
120389.wav	sad	-1	est	f	ekorpus
120391.wav	sad	-1	est	f	ekorpus
120393.wav	ang	-1	est	f	ekorpus
120399.wav	ang	-1	est	f	ekorpus
120919.wav	ang	-1	est	f	ekorpus
237.wav	ang	-1	est	f	ekorpus
120407.wav	ang	-1	est	f	ekorpus
267.wav	ang	-1	est	f	ekorpus
120411.wav	sad	-1	est	f	ekorpus
273.wav	ang	-1	est	f	ekorpus
13699.wav	ang	-1	est	f	ekorpus
121133.wav	ang	-1	est	f	ekorpus
289.wav	ang	-1	est	f	ekorpus
13783.wav	ang	-1	est	f	ekorpus
13793.wav	ang	-1	est	f	ekorpus
13919.wav	sad	-1	est	f	ekorpus
14037.wav	ang	-1	est	f	ekorpus
120415.wav	ang	-1	est	f	ekorpus
343.wav	sad	-1	est	f	ekorpus
120927.wav	ang	-1	est	f	ekorpus
120423.wav	sad	-1	est	f	ekorpus
120933.wav	sad	-1	est	f	ekorpus
120935.wav	sad	-1	est	f	ekorpus
14127.wav	ang	-1	est	f	ekorpus
120566.wav	sad	-1	est	f	ekorpus
443.wav	ang	-1	est	f	ekorpus
120939.wav	sad	-1	est	f	ekorpus
120576.wav	sad	-1	est	f	ekorpus
14141.wav	ang	-1	est	f	ekorpus
465.wav	sad	-1	est	f	ekorpus
121146.wav	sad	-1	est	f	ekorpus
121148.wav	sad	-1	est	f	ekorpus
120949.wav	sad	-1	est	f	ekorpus
121154.wav	sad	-1	est	f	ekorpus
120957.wav	sad	-1	est	f	ekorpus
121160.wav	ang	-1	est	f	ekorpus
121270.wav	sad	-1	est	f	ekorpus
14193.wav	ang	-1	est	f	ekorpus
14197.wav	ang	-1	est	f	ekorpus
14207.wav	sad	-1	est	f	ekorpus
14221.wav	sad	-1	est	f	ekorpus
120985.wav	sad	-1	est	f	ekorpus
121164.wav	sad	-1	est	f	ekorpus
120989.wav	sad	-1	est	f	ekorpus
121168.wav	ang	-1	est	f	ekorpus
121001.wav	sad	-1	est	f	ekorpus
14251.wav	ang	-1	est	f	ekorpus
120658.wav	ang	-1	est	f	ekorpus
120660.wav	ang	-1	est	f	ekorpus
14265.wav	sad	-1	est	f	ekorpus
14267.wav	ang	-1	est	f	ekorpus
121005.wav	sad	-1	est	f	ekorpus
13007.wav	sad	-1	est	f	ekorpus
14275.wav	sad	-1	est	f	ekorpus
14279.wav	sad	-1	est	f	ekorpus
120672.wav	ang	-1	est	f	ekorpus
13021.wav	sad	-1	est	f	ekorpus
14339.wav	ang	-1	est	f	ekorpus
121272.wav	sad	-1	est	f	ekorpus
13027.wav	ang	-1	est	f	ekorpus
121178.wav	ang	-1	est	f	ekorpus
13031.wav	sad	-1	est	f	ekorpus
121021.wav	ang	-1	est	f	ekorpus
120684.wav	ang	-1	est	f	ekorpus
13081.wav	sad	-1	est	f	ekorpus
120710.wav	sad	-1	est	f	ekorpus
120714.wav	sad	-1	est	f	ekorpus
120736.wav	ang	-1	est	f	ekorpus
120740.wav	ang	-1	est	f	ekorpus
121250.wav	sad	-1	est	f	ekorpus
13183.wav	sad	-1	est	f	ekorpus
121069.wav	sad	-1	est	f	ekorpus
14461.wav	ang	-1	est	f	ekorpus
14475.wav	ang	-1	est	f	ekorpus
13261.wav	sad	-1	est	f	ekorpus
121260.wav	ang	-1	est	f	ekorpus
13271.wav	sad	-1	est	f	ekorpus
121087.wav	sad	-1	est	f	ekorpus
13301.wav	sad	-1	est	f	ekorpus
14527.wav	ang	-1	est	f	ekorpus
121089.wav	sad	-1	est	f	ekorpus
13313.wav	sad	-1	est	f	ekorpus
14545.wav	ang	-1	est	f	ekorpus
120113.wav	sad	-1	est	f	ekorpus
120117.wav	ang	-1	est	f	ekorpus
121200.wav	ang	-1	est	f	ekorpus
121093.wav	ang	-1	est	f	ekorpus
120800.wav	ang	-1	est	f	ekorpus
13339.wav	ang	-1	est	f	ekorpus
121204.wav	ang	-1	est	f	ekorpus
13345.wav	sad	-1	est	f	ekorpus
13357.wav	ang	-1	est	f	ekorpus
120135.wav	ang	-1	est	f	ekorpus
120143.wav	sad	-1	est	f	ekorpus
120149.wav	sad	-1	est	f	ekorpus
120816.wav	sad	-1	est	f	ekorpus
121262.wav	ang	-1	est	f	ekorpus
121101.wav	sad	-1	est	f	ekorpus
120183.wav	ang	-1	est	f	ekorpus
121103.wav	sad	-1	est	f	ekorpus
120193.wav	ang	-1	est	f	ekorpus
120261.wav	ang	-1	est	f	ekorpus
13461.wav	sad	-1	est	f	ekorpus
121105.wav	sad	-1	est	f	ekorpus
120273.wav	sad	-1	est	f	ekorpus
13477.wav	sad	-1	est	f	ekorpus
120470.wav	neu	0	est	f	ekorpus
120476.wav	neu	0	est	f	ekorpus
120478.wav	neu	0	est	f	ekorpus
120480.wav	neu	0	est	f	ekorpus
120486.wav	neu	0	est	f	ekorpus
120488.wav	neu	0	est	f	ekorpus
120494.wav	neu	0	est	f	ekorpus
120502.wav	neu	0	est	f	ekorpus
120510.wav	neu	0	est	f	ekorpus
120512.wav	neu	0	est	f	ekorpus
120514.wav	neu	0	est	f	ekorpus
120580.wav	neu	0	est	f	ekorpus
14121.wav	neu	0	est	f	ekorpus
13035.wav	neu	0	est	f	ekorpus
120708.wav	neu	0	est	f	ekorpus
13067.wav	neu	0	est	f	ekorpus
120726.wav	neu	0	est	f	ekorpus
67.wav	neu	0	est	f	ekorpus
14217.wav	neu	0	est	f	ekorpus
441.wav	neu	0	est	f	ekorpus
120760.wav	neu	0	est	f	ekorpus
14277.wav	neu	0	est	f	ekorpus
120790.wav	neu	0	est	f	ekorpus
120792.wav	neu	0	est	f	ekorpus
120806.wav	neu	0	est	f	ekorpus
120808.wav	neu	0	est	f	ekorpus
120812.wav	neu	0	est	f	ekorpus
120827.wav	neu	0	est	f	ekorpus
120849.wav	neu	0	est	f	ekorpus
14337.wav	neu	0	est	f	ekorpus
14349.wav	neu	0	est	f	ekorpus
14351.wav	neu	0	est	f	ekorpus
120891.wav	neu	0	est	f	ekorpus
14411.wav	neu	0	est	f	ekorpus
13241.wav	neu	0	est	f	ekorpus
14537.wav	neu	0	est	f	ekorpus
120911.wav	neu	0	est	f	ekorpus
120981.wav	neu	0	est	f	ekorpus
13389.wav	neu	0	est	f	ekorpus
120999.wav	neu	0	est	f	ekorpus
13453.wav	neu	0	est	f	ekorpus
120191.wav	neu	0	est	f	ekorpus
121061.wav	neu	0	est	f	ekorpus
120271.wav	neu	0	est	f	ekorpus
13635.wav	neu	0	est	f	ekorpus
121166.wav	neu	0	est	f	ekorpus
121170.wav	neu	0	est	f	ekorpus
121172.wav	neu	0	est	f	ekorpus
13667.wav	neu	0	est	f	ekorpus
121224.wav	neu	0	est	f	ekorpus
121226.wav	neu	0	est	f	ekorpus
121230.wav	neu	0	est	f	ekorpus
120335.wav	neu	0	est	f	ekorpus
121274.wav	neu	0	est	f	ekorpus
13803.wav	neu	0	est	f	ekorpus
59.wav	neu	0	est	f	ekorpus
120893.wav	neu	0	est	f	ekorpus
120907.wav	neu	0	est	f	ekorpus
120913.wav	neu	0	est	f	ekorpus
120965.wav	neu	0	est	f	ekorpus
120973.wav	neu	0	est	f	ekorpus
120977.wav	neu	0	est	f	ekorpus
120983.wav	neu	0	est	f	ekorpus
120991.wav	neu	0	est	f	ekorpus
120997.wav	neu	0	est	f	ekorpus
121015.wav	neu	0	est	f	ekorpus
121065.wav	neu	0	est	f	ekorpus
121077.wav	neu	0	est	f	ekorpus
121107.wav	neu	0	est	f	ekorpus
121127.wav	neu	0	est	f	ekorpus
121131.wav	neu	0	est	f	ekorpus
121158.wav	neu	0	est	f	ekorpus
121180.wav	neu	0	est	f	ekorpus
121216.wav	neu	0	est	f	ekorpus
121240.wav	neu	0	est	f	ekorpus
121246.wav	neu	0	est	f	ekorpus
121252.wav	neu	0	est	f	ekorpus
121258.wav	neu	0	est	f	ekorpus
121264.wav	neu	0	est	f	ekorpus
121284.wav	neu	0	est	f	ekorpus
203.wav	neu	0	est	f	ekorpus
239.wav	neu	0	est	f	ekorpus
381.wav	neu	0	est	f	ekorpus
13239.wav	neu	0	est	f	ekorpus
13253.wav	neu	0	est	f	ekorpus
13309.wav	neu	0	est	f	ekorpus
13449.wav	neu	0	est	f	ekorpus
13455.wav	neu	0	est	f	ekorpus
13463.wav	neu	0	est	f	ekorpus
13465.wav	neu	0	est	f	ekorpus
13617.wav	neu	0	est	f	ekorpus
13669.wav	neu	0	est	f	ekorpus
13695.wav	neu	0	est	f	ekorpus
13709.wav	neu	0	est	f	ekorpus
13817.wav	neu	0	est	f	ekorpus
13871.wav	neu	0	est	f	ekorpus
13883.wav	neu	0	est	f	ekorpus
14027.wav	neu	0	est	f	ekorpus
14119.wav	neu	0	est	f	ekorpus
14157.wav	neu	0	est	f	ekorpus
14199.wav	neu	0	est	f	ekorpus
14211.wav	neu	0	est	f	ekorpus
14213.wav	neu	0	est	f	ekorpus
14233.wav	neu	0	est	f	ekorpus
14291.wav	neu	0	est	f	ekorpus
14297.wav	neu	0	est	f	ekorpus
14327.wav	neu	0	est	f	ekorpus
14479.wav	neu	0	est	f	ekorpus
14541.wav	neu	0	est	f	ekorpus
120115.wav	neu	0	est	f	ekorpus
120125.wav	neu	0	est	f	ekorpus
120137.wav	neu	0	est	f	ekorpus
120141.wav	neu	0	est	f	ekorpus
120145.wav	neu	0	est	f	ekorpus
120187.wav	neu	0	est	f	ekorpus
120217.wav	neu	0	est	f	ekorpus
120223.wav	neu	0	est	f	ekorpus
120257.wav	neu	0	est	f	ekorpus
120283.wav	neu	0	est	f	ekorpus
120285.wav	neu	0	est	f	ekorpus
120299.wav	neu	0	est	f	ekorpus
120301.wav	neu	0	est	f	ekorpus
120339.wav	neu	0	est	f	ekorpus
120361.wav	neu	0	est	f	ekorpus
120383.wav	neu	0	est	f	ekorpus
120387.wav	neu	0	est	f	ekorpus
120409.wav	neu	0	est	f	ekorpus
120504.wav	neu	0	est	f	ekorpus
120584.wav	neu	0	est	f	ekorpus
120632.wav	neu	0	est	f	ekorpus
120694.wav	neu	0	est	f	ekorpus
120700.wav	neu	0	est	f	ekorpus
120702.wav	neu	0	est	f	ekorpus
120722.wav	neu	0	est	f	ekorpus
120728.wav	neu	0	est	f	ekorpus
120734.wav	neu	0	est	f	ekorpus
120746.wav	neu	0	est	f	ekorpus
120794.wav	neu	0	est	f	ekorpus
120804.wav	neu	0	est	f	ekorpus
120817.wav	neu	0	est	f	ekorpus
120821.wav	neu	0	est	f	ekorpus
120855.wav	neu	0	est	f	ekorpus
